filename,title,doi,journal,year,raw_paper_type,paper_category,has_experimental_section,score,verdict,num_targets,num_chemicals,num_synthesis_steps,num_operations,num_characterization,num_char_results,char_methods_normalized,tags
1-s2_0-002245968890312X-main_reactions.json,"Preparation, Crystal Structures, and Electronic Properties of LiGaCl3 and LiGaI3",,Journal of Solid State Chemistry,1988,research article,experimental_synthesis,True,98.31,Excellent,2,6,2,6,2,8,XRD|Differential Thermal Analysis (DTA),solid state synthesis|gallium halides|crystal structure
2019_-_Recycle_spent_batteries_reactions.json,Recycle spent batteries,10.1038/s41560-019-0376-4,Nature Energy,2019,editorial,editorial,True,100.0,Excellent,2,5,1,2,0,0,,battery recycling|lithium-ion batteries
2022_-_Machine_Learning_for_Battery_Applications_reactions.json,Machine Learning for Battery Applications,,,2022,white paper,editorial,False,96.55,Excellent,4,0,0,0,0,0,,machine learning|battery|materials
2023_-_Atomic_pinning_mitigates_voltage_decay_in_a_lithiu_reactions.json,Atomic pinning mitigates voltage decay in a lithium-rich layered oxide,10.1038/s41560-023-01289-6,Nature Energy,2023,research briefing,perspective,True,79.49,Good,1,2,2,2,2,2,TEM|Galvanostatic charge–discharge cycling,lithium-ion batteries|Li-rich layered oxide cathode|voltage decay mitigation
_ACSNano__Two-Dimensional_Vanadium_Carbide__MXene__as_a_High-Capacity_Cathode_Material_for_Rechargeable_Aluminum_Batteries-suppl_reactions.json,Two-Dimensional Vanadium Carbide (MXene) as a High Capacity Cathode Material for Rechargeable Aluminum Batteries,,,,supporting_information,supporting_info,True,94.87,Excellent,3,6,5,5,3,5,EDX/EDS|TGA|Galvanostatic discharge,MXene|aluminum battery|vanadium carbide
_AdvancedMaterials__HighNickel_NMA_reactions.json,High-Nickel NMA: A Cobalt-Free Alternative to NMC and NCA Cathodes for Lithium-Ion Batteries,10.1002/adma.202002718,Advanced Materials,2020,communication,editorial,True,99.27,Excellent,4,14,7,10,8,11,XRD|SEM|Tap density measurement|Acid–base titration|TGA|DSC|Galvanostatic cycling|Galvanostatic cycling,cathode material|lithium-ion battery|cobalt-free|high-nickel layered oxide
_BatteriesSupercaps__Designing_Lithium_Argyrodite_Solid_State_Electrolytes_for_High_Performance_reactions.json,Designing Lithium Argyrodite Solid-State Electrolytes for High-Performance All-Solid-State Lithium Batteries,10.1002/batt.202100288,Batteries & Supercaps,2022,review article,review,True,100.0,Excellent,1,3,2,2,1,1,Ionic conductivity measurement,solid-state electrolyte|lithium argyrodite|Li6PS5Cl
_JECS__Lithium_Free_Thin_Film_Battery_with_In_Situ_Plated_Li_Anode_reactions.json,“Lithium‐Free” Thin‐Film Battery with In Situ Plated Li Anode,,Journal of The Electrochemical Society,2000,research article,experimental_synthesis,True,99.09,Excellent,3,11,8,11,3,5,XRD|SEM|Galvanostatic cycling,thin-film battery|lithium-free|in situ plated lithium|solid electrolyte|RF magnetron sputtering
_PRL__First-Principles_Prediction_of_Potentials_and_Space-Charge_Layers_in_All-Solid-State_Batteries-suppl_reactions.json,Supplemental Material: First-principles prediction of potentials and space-charge layers in all-solid-state batteries,,,,computational study,computational,False,98.08,Excellent,3,3,0,0,5,6,DFT calculation|DFT calculation|DFT calculation|DFT calculation|DFT calculation,DFT|all-solid-state batteries|chemical potentials|band structure
_vall_and_Johansson_-_2020_-_A_novel_approach_to_ligand-exchange_rates_applied__reactions.json,A novel approach to ligand-exchange rates applied to lithium-ion battery and sodium-ion battery electrolytes,10.1063/5.0005397,Journal of Chemical Physics,2020,computational study,computational,False,97.37,Excellent,0,4,0,0,3,16,DFT calculation|Radial Distribution Function (RDF)|Residence Time Analysis,lithium-ion battery|sodium-ion battery|electrolyte|AIMD|ligand exchange
A_chemical_map_of_NaSICON_electrode_materials_for_sodium-ion_batteries-suppl_reactions.json,A Chemical Map of NaSiCON Electrode Materials for Sodium-ion Batteries,,Journal of Materials Chemistry A,2020,computational study,computational,False,98.0,Excellent,7,0,0,0,3,15,Density of States (DOS) calculation|Magnetic moment analysis|Phase diagram computation,DFT|NaSICON|sodium-ion battery|electrode materials
Aaboubi_et_al__-_2015_-_Investigation_of_the_electrodeposition_kinetics_of_reactions.json,Investigation of the electrodeposition kinetics of Ni–Mo alloys in the presence of magnetic ﬁeld,10.1016/j.jelechem.2014.10.014,Journal of Electroanalytical Chemistry,2015,research article,experimental_synthesis,True,84.85,Good,1,6,4,7,3,4,EDX/EDS|Cyclic voltammetry|EIS,electrodeposition|Ni–Mo alloy|magnetic field|electrochemistry
Abraham_-_2020_-_How_Comparable_Are_Sodium-Ion_Batteries_to_Lithium_reactions.json,How Comparable Are Sodium-Ion Batteries to Lithium-Ion Counterparts?,10.1021/acsenergylett.0c02181,ACS Energy Letters,2020,viewpoint,perspective,True,99.21,Excellent,6,16,2,2,6,13,Galvanostatic cycling|Energy density measurement|Energy density estimation|Cycle life test|Half-cell testing (Na/NaCoO2)|Half-cell testing (Na3V2(PO4)2F3),sodium-ion battery|lithium-ion battery|energy density|electrode materials
Abrahams_et_al__-_1988_-_Structure_determination_of_LISICON_solid_solutions_reactions.json,Structure Determination of LISICON Solid Solutions by Powder Neutron Diffraction,,Journal of Solid State Chemistry,1988,materials_characterization,characterization_study,True,86.54,Good,2,5,2,2,1,6,Neutron diffraction,LISICON|solid electrolyte|powder neutron diffraction
Adams_and_Rao_-_2011_-_High_power_lithium_ion_battery_materials_by_comput_reactions.json,High power lithium ion battery materials by computational design,,Physica Status Solidi A,2011,research-article,experimental_synthesis,True,97.67,Excellent,2,3,1,1,2,3,Ionic conductivity measurement|Electrochemical charge–discharge (C1 rate),lithium-ion batteries|bond valence method|computational design
Adeli_et_al__-_2021_-_Influence_of_Aliovalent_Cation_Substitution_and_Me_reactions.json,Influence of Aliovalent Cation Substitution and Mechanical Compression on Li-Ion Conductivity and Diffusivity in Argyrodite Solid Electrolytes,10.1021/acs.chemmater.0c03090,Chemistry of Materials,2021,research article,experimental_synthesis,True,98.48,Excellent,4,0,4,4,7,14,XRD|Neutron diffraction|NMR|EIS|NMR|Cyclic voltammetry|SEM,solid electrolyte|argyrodite|lithium conductivity
Advanced_Energy_Materials_-_2022_-_Kim_-_Stepwise_Dopant_Selection_Process_for_High_Nickel_Layered_Oxide_Cathodes_reactions.json,Stepwise Dopant Selection Process for High-Nickel Layered Oxide Cathodes,10.1002/aenm.202200136,Advanced Energy Materials,2022,research-article,experimental_synthesis,True,98.17,Excellent,2,15,4,14,4,4,XRD|XRD|SEM|TEM,battery materials|layered oxide cathode|doping
Advanced_Materials_-_2016_-_Liang_-_Interwoven_MXene_Nanosheet_Carbon_Nanotube_Composites_as_Li_S_Cathode_Hosts_reactions.json,Interwoven MXene Nanosheet/Carbon-Nanotube Composites as Li–S Cathode Hosts,10.1002/adma.201603040,Advanced Materials,2017,materials synthesis and electrochemistry study,experimental_synthesis,True,98.25,Excellent,9,9,5,14,3,8,XPS|BET|TGA,MXene|carbon nanotube|lithium–sulfur battery|cathode host
Ahmad_et_al__-_2018_-_Machine_Learning_Enabled_Computational_Screening_o_reactions.json,Machine Learning Enabled Computational Screening of Inorganic Solid Electrolytes for Suppression of Dendrite Formation in Lithium Metal Anodes,10.1021/acscentsci.8b00229,ACS Central Science,2018,computational screening,computational,False,98.36,Excellent,0,12,0,0,0,0,,solid electrolyte|machine learning|lithium metal anode|dendrite suppression
Ahmad_et_al__-_2020_-_Design_rules_for_liquid_crystalline_electrolytes_f_reactions.json,Design rules for liquid crystalline electrolytes for enabling dendrite-free lithium metal batteries,10.1073/pnas.2008841117,Proceedings of the National Academy of Sciences,2020,research article,research_article,False,90.32,Excellent,0,10,0,0,3,14,DFT calculation|DFT calculation|Phase-field simulation,liquid crystalline electrolyte|lithium metal batteries|dendrite suppression
Ahmed_et_al__-_2016_-_Energy_impact_of_cathode_drying_and_solvent_recove_reactions.json,Energy impact of cathode drying and solvent recovery during lithium-ion battery manufacturing,10.1016/j.jpowsour.2016.04.102,Journal of Power Sources,2016,research article,experimental_synthesis,True,98.77,Excellent,2,6,9,10,0,0,,lithium-ion battery|cathode drying|NMP recovery|process energy analysis
Ai_et_al__-_2022_-_A_coupled_phase_field_formulation_for_modelling_fa_reactions.json,A coupled phase field formulation for modelling fatigue cracking in lithium-ion battery electrode particles,10.1016/j.jpowsour.2022.231805,Journal of Power Sources,2022,simulation study,computational,False,100.0,Excellent,0,1,0,0,1,1,X-ray Computed Tomography (X-CT),phase field modelling|battery electrodes|fatigue cracking
Akhilash_et_al__-_2021_-_A_journey_through_layered_cathode_materials_for_li_reactions.json,A journey through layered cathode materials for lithium ion cells – From lithium cobalt oxide to lithium-rich transition metal oxides,10.1016/j.jallcom.2021.159239,Journal of Alloys and Compounds,2021,review,review,True,98.51,Excellent,6,2,1,2,6,18,Electrochemical performance (from Table 1)|Electrochemical performance (from Table 1)|Electrochemical performance (from Table 1)|Electrochemical performance (from Table 1)|Electrochemical performance (from Table 1)|Electrochemical performance (from Table 1),lithium-ion batteries|layered cathode materials
Ali_Nowroozi_et_al__-_2022_-_Towards_Recycling_of_LLZO_Solid_Electrolyte_Exempl_reactions.json,Towards Recycling of LLZO Solid Electrolyte Exemplarily Performed on LFP/LLZO/LTO Cells,10.1002/open.202100274,ChemistryOpen,2022,research article,experimental_synthesis,True,98.95,Excellent,3,10,6,15,2,3,XRD|EDX/EDS,recycling|solid-state electrolyte|hydrometallurgy
An_et_al__-_2016_-_The_state_of_understanding_of_the_lithium-ion-batt_reactions.json,The state of understanding of the lithium-ion-battery graphite solid electrolyte interphase (SEI) and its relationship to formation cycling,http://dx.doi.org/10.1016/j.carbon.2016.04.008,Carbon,2016,review,review,False,100.0,Excellent,0,10,0,0,4,0,SEM|TEM|EIS|XPS,lithium-ion battery|SEI|graphite anode
Anantharamulu_et_al__-_2011_-_A_wide-ranging_review_on_Nasicon_type_materials_reactions.json,A wide-ranging review on Nasicon type materials,10.1007/s10853-011-5302-5,Journal of Materials Science,2011,review,review,True,98.46,Excellent,3,7,3,3,0,0,,NASICON|solid electrolyte|ionic conductor
Andriyevsky_et_al__-_2017_-_Ab_initio_molecular_dynamics_study_of_lithium_diff_reactions.json,Ab initio molecular dynamics study of lithium diffusion in tetragonal Li7La3Zr2O12,10.1016/j.matchemphys.2016.10.025,Materials Chemistry and Physics,2017,computational study,computational,False,90.48,Excellent,1,4,0,0,3,9,DFT calculation|Nudged Elastic Band (NEB)|Spectral Density of States (SDOS) analysis,ab initio molecular dynamics|lithium diffusion|solid electrolyte|LLZO
Angew_Chem_Int_Ed_-_2008_-_Deiseroth_-_Li6PS5X__A_Class_of_Crystalline_Li_Rich_Solids_With_an_Unusually_High_Li__Mobility_reactions.json,Li6PS5X: A Class of Crystalline Li-Rich Solids With an Unusually High Li+ Mobility,10.1002/anie.200703900,Angewandte Chemie International Edition,2008,inorganic_synthesis,experimental_synthesis,True,97.3,Excellent,3,6,4,5,3,7,XRD|EIS|NMR,solid electrolyte|argyrodite|lithium ion conductor
Angew_Chem_Int_Ed_-_2019_-_Wang_-_Lithium_Chlorides_and_Bromides_as_Promising_Solid_State_Chemistries_for_Fast_Ion-suppl_reactions.json,Lithium Chlorides and Bromides as Promising Solid-State Chemistries for Fast Ion Conductors with Good Electrochemical Stability (Supporting Information),,,,computational study,computational,False,100.0,Excellent,2,2,0,0,2,20,DFT calculation|DFT calculation,solid electrolyte|DFT|AIMD|lithium-ion conductors
Angew_Chem_Int_Ed_-_2019_-_Wang_-_Lithium_Chlorides_and_Bromides_as_Promising_Solid_State_Chemistries_for_Fast_Ion_reactions.json,Lithium Chlorides and Bromides as Promising Solid-State Chemistries for Fast Ion Conductors with Good Electrochemical Stability,10.1002/anie.201901938,Angewandte Chemie International Edition,2019,computational study,computational,False,100.0,Excellent,6,6,0,0,2,14,DFT calculation|DFT calculation,solid electrolytes|lithium-ion batteries|halides|AIMD|DFT
Aparicio_and_De_Leeuw_-_2020_-_Electronic_structure__ion_diffusion_and_cation_dop_reactions.json,"Electronic structure, ion diffusion and cation doping in the Na4VO(PO4)2 compound as a cathode material for Na-ion batteries",10.1039/c9cp05559b,Physical Chemistry Chemical Physics,2020,computational study,computational,False,98.18,Excellent,2,7,0,0,2,3,DFT calculation|DFT calculation,sodium-ion batteries|vanadium phosphate|DFT|molecular dynamics
Archer_and_Armstrong_-_1981_-_Electrochemical_properties_of_LiBr_H2O_reactions.json,"ELECTROCHEMICAL PROPERTIES OF LiBr.H,O",,,1981,research-article,experimental_synthesis,True,80.7,Good,1,4,3,3,4,6,EIS|EIS|Ionic conductivity measurement|Decomposition potential measurement,solid electrolyte|lithium ion conduction|electrochemistry
Arunkumar_et_al__-_2016_-_Improved_electrochemical_reversibility_of_over-lit_reactions.json,Improved electrochemical reversibility of over-lithiated layered Li2RuO3 cathodes: Understanding aliovalent Co3+ substitution with excess lithium,10.1016/j.jpowsour.2016.05.013,Journal of Power Sources,2016,research-article,experimental_synthesis,True,84.88,Good,4,9,3,6,3,4,XRD|SEM|EIS,Li-ion battery|cathode material|over-lithiated layered oxide
Asenbauer_et_al__-_2020_-_The_success_story_of_graphite_as_a_lithium-ion_ano_reactions.json,"The success story of graphite as a lithium-ion anode material – fundamentals, remaining challenges, and recent developments including silicon (oxide) composites",10.1039/d0se00175a,Sustainable Energy & Fuels,2020,review,review,True,96.23,Excellent,2,6,2,4,0,0,,graphite|lithium-ion battery|anode|silicon composites
Assegie_et_al__-_2018_-_Polyethylene_oxide_film_coating_enhances_lithium_c_reactions.json,Polyethylene oxide film coating enhances lithium cycling efficiency of an anode-free lithium-metal battery,10.1039/c7nr09058g,Nanoscale,2018,research-article,experimental_synthesis,True,76.27,Good,1,18,5,7,3,4,SEM|EIS|Cyclic voltammetry,PEO coating|anode-free lithium metal battery|electrochemistry|dendrite suppression
Ayadi_et_al__-_2022_-_State_estimation_methodologies_for_lithium-sulfur__reactions.json,State estimation methodologies for lithium-sulfur battery management systems,10.1016/B978-0-12-819676-2.00006-2,Lithium-Sulfur Batteries (Book Chapter),2022,review,review,False,100.0,Excellent,0,0,0,0,4,9,Pulse discharge test|NEDC drive-cycle discharge test|UDDS drive-cycle test|MLTB drive-cycle test,lithium-sulfur batteries|battery management systems|state of charge estimation
Azhari_et_al__-_2020_-_Recycling_for_All_Solid-State_Lithium-Ion_Batterie_reactions.json,Recycling for All Solid-State Lithium-Ion Batteries,10.1016/j.matt.2020.10.027,Matter,2020,perspective,perspective,True,98.13,Excellent,3,11,8,8,2,0,ICP|pH measurement,battery recycling|solid-state electrolyte|hydrometallurgy|direct recycling
B_ckenfeld_and_Balducci_-_2014_-_Determination_of_sodium_ion_diffusion_coefficients_reactions.json,Determination of sodium ion diffusion coefficients in sodium vanadium phosphate,10.1007/s10008-013-2342-6,Journal of Solid State Electrochemistry,2014,research article,experimental_synthesis,True,79.53,Good,1,13,10,12,6,12,XRD|SEM|CHN combustion analysis|BET|Galvanostatic charge–discharge|C-rate performance test,sodium ion battery|NaSICON|diffusion coefficient|sol–gel synthesis|Na3V2(PO4)3
Bai_et_al__-_2018_-_Interactions_between_Lithium_Growths_and_Nanoporou_reactions.json,Interactions between Lithium Growths and Nanoporous Ceramic Separators,10.1016/j.joule.2018.08.018,Joule,2018,electrochemical cell assembly and testing,experimental_synthesis,True,96.7,Excellent,2,11,5,13,2,2,SEM|Optical Microscopy,lithium metal anode|separator|AAO membrane|critical current density
Baktash_et_al__-_2020_-_Diffusion_of_lithium_ions_in_Lithium-argyrodite_so_reactions.json,Diffusion of lithium ions in Lithium-argyrodite solid-state electrolytes,10.1038/s41524-020-00432-1,npj Computational Materials,2020,computational study,computational,False,100.0,Excellent,3,0,0,0,3,13,DFT calculation|DFT calculation|NEMD with Arrhenius extrapolation,solid-state electrolyte|ab initio molecular dynamics|ionic conductivity|Li6PS5Cl|Li5PS4Cl2
Banerjee_et_al__-_2014_-_Possible_application_of_2D-boron_sheets_as_anode_m_reactions.json,Possible application of 2D-boron sheets as anode material in lithium ion battery: A DFT and AIMD study,10.1039/c3ta14041e,Journal of Materials Chemistry A,2014,computational study,computational,False,92.86,Excellent,1,4,0,0,3,7,DFT calculation|DIMER/NEB transition-state search|DFT calculation,DFT|AIMD|lithium-ion battery|boron sheet|anode material
Barbosa_et_al__-_2021_-_Metal_organic_frameworks_and_zeolite_materials_as__reactions.json,Metal–organic frameworks and zeolite materials as active fillers for lithium-ion battery solid-polymer electrolytes,10.1039/d1ma00244a,Materials Advances,2021,review,review,True,100.0,Excellent,1,3,1,1,0,0,,solid polymer electrolyte|MOF|zeolite|lithium-ion battery
Barroso-Luque_et_al__-_2020_-_An_Analysis_of_Solid-State_Electrodeposition-Induc_reactions.json,An Analysis of Solid-State Electrodeposition-Induced Metal Plastic Flow and Predictions of Stress States in Solid Ionic Conductor Defects,10.1149/1945-7111/ab6c5b,Journal of The Electrochemical Society,2020,research-article,other,False,100.0,Excellent,0,0,0,0,0,0,,solid-state batteries|electrodeposition|mechanical modeling
Barzacchi_et_al__-_2022_-_Enabling_early_detection_of_lithium-ion_battery_de_reactions.json,Enabling early detection of lithium-ion battery degradation by linking electrochemical properties to equivalent circuit model parameters,10.1016/j.est.2022.104213,Journal of Energy Storage,2022,research article,research_article,False,97.5,Excellent,0,6,0,0,1,1,Pulsed discharge test,lithium-ion batteries|equivalent circuit model|P2D model|battery degradation
Bedrov_et_al__-_2019_-_Molecular_Dynamics_Simulations_of_Ionic_Liquids_an_reactions.json,Molecular Dynamics Simulations of Ionic Liquids and Electrolytes Using Polarizable Force Fields,10.1021/acs.chemrev.8b00763,Chemical Reviews,2019,review,review,False,100.0,Excellent,0,0,0,0,0,0,,molecular dynamics|ionic liquids|electrolytes|polarizable force field
Bhardwaj_et_al__-_2022_-_High-Performance_Li-Metal-Free_Sulfur_Battery_Empl_reactions.json,High-Performance Li-Metal-Free Sulfur Battery Employing a Lithiated Anatase TiO2 Anode and a Freestanding Li2S−Carbon Aerogel Cathode,10.1021/acssuschemeng.1c06581,ACS Sustainable Chemistry & Engineering,2022,research article,experimental_synthesis,True,87.8,Good,3,14,6,15,6,10,XRD|TEM|BET|Raman spectroscopy|UV–vis spectroscopy|EIS,Li–S battery|Li-metal-free|TiO2 anode|Li2S cathode|carbon aerogel
Bittihn_-_1983_-_Self_discharge_of_Li3N_based_all_solid_state_cells_reactions.json,SELF DISCHARGE OF Li3N BASED ALL SOLID STATE CELLS,,Solid State Ionics,1983,research article,experimental_synthesis,True,98.77,Excellent,2,7,5,7,4,8,EIS|Hebb-Wagner DC polarisation|Open-circuit voltage monitoring|Atomic Absorption Spectroscopy (AAS),solid-state battery|Li3N|self discharge
Bollinger_et_al__-_2003_-_Atomic_and_electronic_structure_of_MoS_2_nanoparti_reactions.json,Atomic and electronic structure of MoS2 nanoparticles,10.1103/PhysRevB.67.085410,Physical Review B,2003,theoretical study,computational,True,97.22,Excellent,1,3,1,1,1,1,STM,DFT|STM|MoS2|Edge states
Booth_et_al__-_2021_-_Perspectives_for_next_generation_lithium-ion_batte_reactions.json,Perspectives for next generation lithium-ion battery cathode materials,10.1063/5.0051092,APL Materials,2021,review,review,False,100.0,Excellent,0,0,0,0,0,0,,lithium-ion batteries|cathode materials|perspective
Boulineau_et_al__-_2012_-_Mechanochemical_synthesis_of_Li-argyrodite_Li6PS5X_reactions.json,"Mechanochemical synthesis of Li-argyrodite Li6PS5X (X=Cl, Br, I) as sulfur-based solid electrolytes for all solid state batteries application",10.1016/j.ssi.2012.06.008,Solid State Ionics,2012,research article,experimental_synthesis,True,75.53,Good,3,9,3,3,7,22,XRD|TEM|EIS|Hebb–Wagner polarization|DSC|Cyclic voltammetry|Galvanostatic cycling,solid electrolyte|ball milling|Li-argyrodite|all solid state battery
Br_esch_et_al__-_1975_-_Frequency-dependent_conductivity_and_dielectric_fu_reactions.json,Frequency-Dependent Conductivity and Dielectric Function of Superionic Conductors,,physica status solidi (a),1976,research article,experimental_synthesis,True,97.73,Excellent,1,4,2,4,1,6,Far-infrared reflectivity spectroscopy,superionic conductors|AgI|β-alumina|far infrared spectroscopy
Brant_et_al__-_2015_-_Fast_Lithium_Ion_Conduction_in_Li_2_SnS_reactions.json,"Fast Lithium Ion Conduction in Li2SnS3: Synthesis, Physicochemical Characterization, and Electronic Structure",10.1021/cm5037524,Chemistry of Materials,2015,research article,experimental_synthesis,True,98.04,Excellent,1,4,3,6,2,9,XRD|EIS,solid-state electrolyte|lithium ion conductor|chalcogenide
Braun_et_al__-_2015_-_Thermodynamically_Consistent_Model_for_Space-Charg_reactions.json,Thermodynamically Consistent Model for Space-Charge-Layer Formation in a Solid Electrolyte,10.1021/acs.jpcc.5b02679,Journal of Physical Chemistry C,2015,research-article,other,False,96.55,Excellent,0,4,0,0,0,0,,solid electrolyte|space-charge layer|theoretical modeling
Brotchie_-_2016_-_Li-Metal_Batteries_Enter_the_anode_matrix_reactions.json,Composite lithium metal anode by melt infusion of lithium into a 3D conducting scaffold with lithiophilic coating,10.1073/pnas.1518188113,Proceedings of the National Academy of Sciences USA,2016,materials synthesis,experimental_synthesis,True,80.49,Good,1,3,3,4,0,0,,lithium metal batteries|composite anode|melt infusion|carbon fibre scaffold
Bruce_et_al__-_2012_-_Li_O2_and_Li_S_batteries_with_high_energy_storage_reactions.json,Li–O2 and Li–S batteries with high energy storage,10.1038/NMAT3191,Nature Materials,2012,review article,review,False,92.73,Excellent,3,6,0,0,2,3,Galvanostatic discharge test|Solubility-based capacity estimate,lithium–oxygen battery|lithium–sulfur battery|energy storage
Buannic_et_al__-_2017_-_Dual_Substitution_Strategy_to_Enhance_Li__s_reactions.json,Dual Substitution Strategy to Enhance Li+ Ionic Conductivity in Li7La3Zr2O12 Solid Electrolyte,10.1021/acs.chemmater.6b05369,Chemistry of Materials,2017,materials_synthesis,experimental_synthesis,True,83.19,Good,3,12,7,9,6,12,XRD|ICP|SEM|TEM|NMR|EIS,solid_state_electrolyte|garnet|lithium_ion_conductor
Buschmann_et_al__-_2012_-_Lithium_metal_electrode_kinetics_and_ionic_conduct_reactions.json,Lithium metal electrode kinetics and ionic conductivity of the solid lithium ion conductors “Li7La3Zr2O12” and Li7−xLa3Zr2−xTaxO12 with garnet-type structure,10.1016/j.jpowsour.2012.01.094,Journal of Power Sources,2012,research article,experimental_synthesis,True,98.84,Excellent,5,6,5,8,3,8,XRD|EIS|Cyclic voltammetry,solid electrolyte|garnet|lithium ion conductivity
Butler_et_al__-_2019_-_Designing_interfaces_in_energy_materials_applicati_reactions.json,Designing interfaces in energy materials applications with first-principles calculations,https://doi.org/10.1038/s41524-019-0160-9,npj Computational Materials,2019,review article,review,False,100.0,Excellent,0,0,0,0,0,0,,interfaces|energy materials|first-principles calculations
Byeon_et_al__-_2017_-_Two-Dimensional_Titanium_Carbide_MXene_As_a_Cathod_reactions.json,Two-Dimensional Titanium Carbide MXene As a Cathode Material for Hybrid Magnesium/Lithium-Ion Batteries,10.1021/acsami.6b04198,ACS Applied Materials & Interfaces,2017,research article,experimental_synthesis,True,90.91,Excellent,3,9,3,3,5,9,SEM|TEM|SEM|XRD|Cyclic voltammetry,MXene|hybrid Mg/Li battery|Ti3C2Tx|energy storage
Calegari_Andrade_et_al__-_2018_-_Structure__Polarization__and_Sum_Frequency_Generat_reactions.json,"Structure, Polarization, and Sum Frequency Generation Spectrum of Interfacial Water on Anatase TiO 2",10.1021/acs.jpclett.8b03103,The Journal of Physical Chemistry Letters,2018,computational study,computational,False,92.59,Excellent,0,2,0,0,2,4,DFT calculation|Sum Frequency Generation (SFG) spectral simulation,AIMD|SCAN functional|TiO2|interfacial water|SFG spectroscopy
Calvo_-_2019_-_Electrochemical_methods_for_sustainable_recovery_o_reactions.json,Electrochemical methods for sustainable recovery of lithium from natural brines and battery recycling,10.1016/j.coelec.2019.04.010,Current Opinion in Electrochemistry,2019,review article,review,True,90.54,Excellent,1,6,6,7,3,3,XRD|XPS|EIS,lithium extraction|electrochemical recovery|natural brine|battery recycling
Canongia_Lopes_and_P_dua_-_2004_-_Molecular_Force_Field_for_Ionic_Liquids_Composed_o_reactions.json,Molecular Force Field for Ionic Liquids Composed of Triflate or Bistriflylimide Anions,10.1021/jp0476545,The Journal of Physical Chemistry B,2004,computational chemistry / force-field development,computational,False,94.74,Excellent,3,5,0,0,4,8,Quantum chemical geometry optimisation|Single-point energy (torsion profile)|DFT calculation|DFT calculation,force field|ionic liquids|triflate|bistriflylimide
Catti_and_Montero-Campillo_-_2011_-_Lithium_diffusion_pathways_and_vacancy_formation_i_reactions.json,Lithium diffusion pathways and vacancy formation in the Pmmn-Li1−xFeO2 electrode material,10.1039/c1cp20551j,Physical Chemistry Chemical Physics,2011,computational study,computational,False,98.11,Excellent,2,5,0,0,4,10,DFT calculation|Activation energy calculations|Density of States (DOS) analysis|Mulliken population analysis,DFT|lithium ion diffusion|electrode material|LiFeO2
Ceder_et_al__-_1998_-_Identification_of_cathode_materials_for_lithium_ba_reactions.json,Identification of cathode materials for lithium batteries guided by first-principles calculations,,Nature,1998,research article,experimental_synthesis,True,98.02,Excellent,1,11,7,11,4,6,TEM|XRD|Open-circuit voltage measurement|Galvanostatic cycling,"lithium battery|cathode material|Li(Co,Al)O2|first-principles calculation|electrochemistry"
Cha_et_al__-_2021_-_A_mechanistic_review_of_lithiophilic_materials_re_reactions.json,A mechanistic review of lithiophilic materials: resolving lithium dendrites and advancing lithium-metal-based batteries,10.1039/d1qm00579k,Materials Chemistry Frontiers,2021,review,review,False,100.0,Excellent,0,0,0,0,0,0,,lithiophilic materials|lithium metal batteries|dendrite suppression|solid-state electrolytes
Chakraborty_et_al__-_2018_-_Current_computational_trends_in_polyanionic_cathod_reactions.json,Current computational trends in polyanionic cathode materials for Li and Na batteries,10.1088/1361-648X/aac62d,Journal of Physics: Condensed Matter,2018,review,review,False,100.0,Excellent,0,0,0,0,0,0,,polyanionic cathodes|DFT|Li-ion batteries|Na-ion batteries
Chakraborty_et_al__-_2020_-_Layered_Cathode_Materials_for_Lithium-Ion_Batterie_reactions.json,Layered Cathode Materials for Lithium-Ion Batteries: Review of Computational Studies on LiNi1−x−yCoxMnyO2 and LiNi1−x−yCoxAlyO2,10.1021/acs.chemmater.9b04066,Chemistry of Materials,2020,review,review,False,97.22,Excellent,5,0,0,0,1,2,Galvanostatic cycling,lithium-ion batteries|layered cathodes|NCM|NCA|computational studies
Chang_et_al__-_2014_-_Multilayered_Si_NanoparticleReduced_Graphene_Oxid_reactions.json,Multilayered Si Nanoparticle/Reduced Graphene Oxide Hybrid as a High-Performance Lithium-Ion Battery Anode,10.1002/adma.201302757,Advanced Materials,2014,research article,experimental_synthesis,True,98.7,Excellent,2,7,4,6,4,8,SEM|Raman spectroscopy|EIS|Galvanostatic cycling,lithium-ion battery|anode|silicon nanoparticles|reduced graphene oxide|dip-coating
Chang_et_al__-_2014_-_Rechargeable_LiBr_battery_a_promising_platform__reactions.json,Rechargeable Li//Br battery: a promising platform for post lithium ion batteries,10.1039/c4ta04419c,Journal of Materials Chemistry A,2014,battery research paper,experimental_synthesis,True,75.0,Good,3,11,4,4,5,12,Cyclic voltammetry|Electrochemical Impedance / Polarization|Galvanostatic charge–discharge|Cycle life test|Ionic conductivity measurement,Li//Br battery|aqueous lithium battery|gel polymer electrolyte|LISICON
Cheenicode_Kabeer_et_al__-_2017_-_First-Principles_Study_of_Alkoxides_Adsorbed_on_Au_reactions.json,First-Principles Study of Alkoxides Adsorbed on Au(111) and Au(110) Surfaces: Assessing the Roles of Noncovalent Interactions and Molecular Structures in Catalysis,10.1021/acs.jpcc.7b06641,Journal of Physical Chemistry C,2017,computational study,computational,False,100.0,Excellent,8,2,0,0,2,4,DFT calculation|DFT calculation,DFT|adsorption|van der Waals|gold surfaces|alkoxides
ChemSusChem_-_2024_-_Lei_-_Extraction_Of_LiCl_From_Low_Purity_Chlorides_Through_Solid_Electrolyte_Towards_High_Purity_reactions.json,Extraction Of LiCl From Low-Purity Chlorides Through Solid Electrolyte Towards High-Purity Li2CO3 Production,10.1002/cssc.202301406,ChemSusChem,2024,research article,experimental_synthesis,True,83.46,Good,3,13,8,17,6,12,XRD|SEM|EIS|ICP|XPS|EPR,lithium extraction|solid electrolyte|molten salt electrolysis
Chen_and_Dahn_-_2004_-_Methods_to_obtain_excellent_capacity_retention_in__reactions.json,Methods to obtain excellent capacity retention in LiCoO2 cycled to 4.5 V,10.1016/j.electacta.2003.10.019,Electrochimica Acta,2004,research-article,experimental_synthesis,True,92.05,Excellent,5,7,3,4,5,8,XRD|SEM|TEM|EDX/EDS|Galvanostatic cycling,Li-ion battery|positive electrode|oxide coating|capacity retention
Chen_and_Dahn_-_Improving_the_Capacity_Retention_of_LiCoO2_Cycled__reactions.json,Improving the Capacity Retention of LiCoO2 Cycled to 4.5 V by Heat-Treatment,10.1149/1.1628871,Electrochemical and Solid-State Letters,2004,materials synthesis & electrochemistry,experimental_synthesis,True,81.25,Good,3,11,6,12,1,2,Galvanostatic cycling,Li-ion battery|LiCoO2|heat treatment|surface modification
Chen_et_al__-_2018_-_Insights_into_Grain_Boundary_in_Lithium-Rich_Anti-_reactions.json,Insights into Grain Boundary in Lithium-Rich Anti-Perovskite as Solid Electrolytes,10.1149/2.0831816jes,Journal of The Electrochemical Society,2018,computational study,computational,False,93.33,Excellent,1,1,0,0,3,13,DFT calculation|CI-NEB|DFT calculation,solid electrolyte|grain boundary|Li3OCl|DFT|ionic conductivity
Chen_et_al__-_2018_-_Understanding_the_apparent_fractional_charge_of_pr_reactions.json,Understanding the apparent fractional charge of protons in the aqueous electrochemical double layer,10.1038/s41467-018-05511-y,Nature Communications,2018,computational study,computational,True,85.19,Good,2,4,2,7,3,9,Plane-integrated electron density analysis|Projected density of states (PDOS)|Embedded wavefunction charge analysis,DFT|electrochemical interface|Pt(111)|Al(111)|proton charge
Chen_et_al__-_2019_-_Cation_and_anion_Co-doping_synergy_to_improve_stru_reactions.json,Cation and anion Co-doping synergy to improve structural stability of Li- and Mn-rich layered cathode materials for lithium-ion batteries,10.1016/j.nanoen.2018.12.049,Nano Energy,2019,research article,experimental_synthesis,True,98.81,Excellent,2,8,4,7,5,8,XRD|TEM|TEM|EIS|XRD,lithium-ion battery|cathode materials|co-doping|Li-rich layered oxides
Chen_et_al__-_2019_-_Lithiophilicity_chemistry_of_heteroatom-doped_carb_reactions.json,Lithiophilicity chemistry of heteroatom-doped carbon to guide uniform lithium nucleation in lithium metal anodes,10.1126/sciadv.aau7728,Science Advances,2019,materials synthesis and electrochemistry,experimental_synthesis,True,79.79,Good,3,10,5,8,3,8,Li nucleation overpotential measurement|TEM|BET,graphene|heteroatom doping|lithium metal anode|lithiophilicity
Chen_et_al__-_2019_-_Recycling_End-of-Life_Electric_Vehicle_Lithium-Ion_reactions.json,Recycling End-of-Life Electric Vehicle Lithium-Ion Batteries,10.1016/j.joule.2019.09.014,Joule,2019,perspective_review,perspective,True,98.92,Excellent,8,6,6,9,0,0,,battery recycling|pyrometallurgy|hydrometallurgy|direct recycling
Chen_et_al__-_2021_-_Free-standing_ultrathin_lithium_metal_graphene_oxi_reactions.json,Free-standing ultrathin lithium metal–graphene oxide host foils with controllable thickness for lithium batteries,10.1038/s41560-021-00833-6,Nature Energy,2021,research article,experimental_synthesis,True,84.62,Good,2,5,4,6,7,13,SEM|BET|XRD|XPS|Nanoindentation|Tensile test|Electrochemical stripping,lithium metal anode|graphene oxide host|ultrathin foils
Chen_et_al__-_2021_-_Role_of_Lithiophilic_Metal_Sites_in_Lithium_Metal__reactions.json,Role of Lithiophilic Metal Sites in Lithium Metal Anodes,10.1021/acs.energyfuels.1c01602,Energy & Fuels,2021,research_article,experimental_synthesis,True,98.92,Excellent,3,9,5,5,4,18,XRD|Cyclic voltammetry|Galvanostatic Plating/Stripping|In situ Optical Microscopy,lithium metal anode|lithiophilicity|alloy nucleation|electrochemistry
Chen_et_al__-_2022_-_Review_on_Defects_and_Modification_Methods_of_LiFe_reactions.json,Review on Defects and Modification Methods of LiFePO4 Cathode Material for Lithium-Ion Batteries,10.1021/acs.energyfuels.1c03757,Energy & Fuels,2022,review,review,False,98.18,Excellent,1,0,0,0,31,34,Galvanostatic cycling|Galvanostatic cycling|Galvanostatic cycling|Galvanostatic cycling|Galvanostatic cycling|TEM|TEM|TEM|TEM|TEM|TEM|TEM|TEM|Galvanostatic cycling|Galvanostatic cycling|Galvanostatic cycling|Galvanostatic cycling|Galvanostatic cycling|Galvanostatic cycling|Galvanostatic cycling|Galvanostatic cycling|Galvanostatic cycling|Galvanostatic cycling|Galvanostatic cycling|Galvanostatic cycling|Galvanostatic cycling|Galvanostatic cycling|Galvanostatic cycling|Galvanostatic cycling|Galvanostatic cycling|Galvanostatic cycling,LiFePO4|cathode|battery|modification|defects
Chen_et_al__-_Staging_Phase_Transitions_in_LixCoO2_reactions.json,Staging Phase Transitions in Li xCoO2,10.1149/1.1519850,Journal of The Electrochemical Society,2002,materials_synthesis_and_electrochemistry,experimental_synthesis,True,99.09,Excellent,2,14,6,11,3,7,XRD|XRD|dQ/dV analysis,LiCoO2|Al2O3 coating|in situ XRD|stage-two phase|Li-ion cathode
Cheng_et_al__-_2013_-_Self-assembled_V2O5_nanosheetsreduced_graphene_ox_reactions.json,Self-assembled V2O5 nanosheets/reduced graphene oxide hierarchical nanocomposite as a high-performance cathode material for lithium ion batteries,10.1039/c3ta12066j,Journal of Materials Chemistry A,2013,materials_synthesis,experimental_synthesis,True,80.0,Good,1,5,8,9,7,7,XRD|SEM|TEM|TGA|BET|Raman spectroscopy|EIS,lithium ion battery|cathode|V2O5|graphene oxide|nanocomposite
Cheng_et_al__-_2016_-_A_Review_of_Solid_Electrolyte_Interphases_on_Lithi_reactions.json,A Review of Solid Electrolyte Interphases on Lithium Metal Anode,10.1002/advs.201500213,Advanced Science,2016,review,review,False,98.33,Excellent,0,8,0,0,5,5,FTIR|XPS|SEM|TEM|EIS,SEI|Lithium metal|battery
Cheng_et_al__-_2017_-_Quantum_Mechanics_Reactive_Dynamics_Study_of_Solid_reactions.json,Quantum Mechanics Reactive Dynamics Study of Solid Li-Electrode/Li6PS5Cl-Electrolyte Interface,10.1021/acsenergylett.7b00319,ACS Energy Letters,2017,computational study,computational,True,98.98,Excellent,6,7,6,6,3,6,Radial Distribution Function (RDF)|XRD|DFT calculation,solid electrolyte|interface stability|ab initio molecular dynamics|DFT
Cheng_et_al__-_2019_-_Understanding_the_Lithium_Storage_Mechanism_of_Ti__reactions.json,Understanding the Lithium Storage Mechanism of Ti3C2Tx MXene,10.1021/acs.jpcc.8b10790,Journal of Physical Chemistry C,2019,materials_synthesis_and_evaluation,experimental_synthesis,True,94.29,Excellent,4,11,5,12,4,8,XRD|TEM|Cyclic voltammetry|EIS,MXene|lithium-ion batteries|Ti3C2Tx|calcination|electrochemistry
Cheng_et_al__-_2020_-_Revealing_the_Impact_of_Space-Charge_Layers_on_the_reactions.json,Revealing the Impact of Space-Charge Layers on the Li-Ion Transport in All-Solid-State Batteries,10.1016/j.joule.2020.04.002,Joule,2020,materials characterization study,characterization_study,True,99.0,Excellent,5,7,6,8,5,16,XRD|EIS|GITT|NMR|NMR,solid-state battery|space-charge layer|Li-ion transport|NMR|LAGP|V2O5
Cheng_et_al__-_2020_-_Unveiling_the_Stable_Nature_of_the_Solid_Electroly_reactions.json,Unveiling the Stable Nature of the Solid Electrolyte Interphase between Lithium Metal and LiPON via Cryogenic Electron Microscopy,10.1016/j.joule.2020.08.013,Joule,2020,materials_synthesis,experimental_synthesis,True,97.8,Excellent,2,8,5,5,6,7,Galvanostatic cycling|TEM|TEM|TEM|XPS|XRD,solid-state battery|LiPON|thin film|interface
Cheng_et_al__-_2022_-_Degradation_Mechanism_of_All-Solid-State_Li-Metal__reactions.json,Degradation Mechanism of All-Solid-State Li-Metal Batteries Studied by Electrochemical Impedance Spectroscopy,10.1021/acsami.2c09841,ACS Applied Materials & Interfaces,2022,research article,experimental_synthesis,True,99.11,Excellent,5,11,5,21,5,6,XRD|SEM|EDX/EDS|EIS|SEM,solid-state battery|garnet electrolyte|aerosol deposition|interfacial resistance
Cherkashinin_et_al__-_2019_-_Performance_of_Li-Ion_Batteries_Contribution_of_E_reactions.json,Performance of Li-Ion Batteries: Contribution of Electronic Factors to the Battery Voltage,10.1149/2.0441903jes,Journal of The Electrochemical Society,2019,research-article,experimental_synthesis,True,76.92,Good,7,9,7,7,4,28,XPS|UPS|XPS|Photoelectron spectroscopy – derived electronic properties,Li-ion batteries|thin film cathodes|photoelectron spectroscopy
Cho_et_al__-_2018_-_Improved_particle_hardness_of_Ti-doped_LiNi13Co1_reactions.json,Improved particle hardness of Ti-doped LiNi1/3Co1/3Mn1/3-xTixO2 as high-voltage cathode material for lithium-ion batteries,10.1016/j.jpcs.2018.08.008,Journal of Physics and Chemistry of Solids,2018,research article,experimental_synthesis,True,99.04,Excellent,2,12,5,8,5,14,XRD|SEM|Particle hardness test (micro compression)|DSC|Galvanostatic cycling,lithium-ion batteries|cathode material|Ti-doped NCM111
Choi_and_Aurbach_-_2016_-_Promise_and_reality_of_post-lithium-ion_batteries__reactions.json,Promise and reality of post-lithium-ion batteries with high energy densities,10.1038/natrevmats.2016.13,Nature Reviews Materials,2016,review,review,False,100.0,Excellent,0,0,0,0,0,0,,post-lithium-ion batteries|energy density|battery technology
Chouchane_and_Franco_-_2022_-_Deconvoluting_the_impacts_of_the_active_material_s_reactions.json,Deconvoluting the impacts of the active material skeleton and the inactive phase morphology on the performance of lithium ion battery electrodes,10.1016/j.ensm.2022.02.016,Energy Storage Materials,2022,computational study,computational,True,97.01,Excellent,4,4,4,4,2,4,Ionic conductivity measurement|TauFactor tortuosity analysis,Li-ion battery|electrode modelling|NMC111|CBD morphology
Chu_et_al__-_2016_-_Insights_into_the_Performance_Limits_of_the_Li_su_reactions.json,Insights into the Performance Limits of the Li7P3S11 Superionic Conductor: A Combined First-Principles and Experimental Study,10.1021/acsami.6b00833,ACS Applied Materials & Interfaces,2016,experimental study,experimental_synthesis,True,95.08,Excellent,2,4,3,12,4,9,SEM|XRD|DSC|EIS,superionic conductor|solid electrolyte|Li7P3S11|spark plasma sintering|ionic conductivity
Chu_et_al__-_2020_-_A_multi-functional_binder_for_high_loading_sulfur__reactions.json,A multi-functional binder for high loading sulfur cathode,10.1016/j.jechem.2019.10.020,Journal of Energy Chemistry,2020,research article,experimental_synthesis,True,93.52,Excellent,2,13,5,5,5,9,Cyclic voltammetry|Galvanostatic cycling|SEM|Tensile test|XPS,Li–S batteries|binder|sulfur cathode|bio-adhesion
Clarke_et_al__-_2021_-_Atomistic_Insights_into_the_Effects_of_Doping_and__reactions.json,Atomistic Insights into the Effects of Doping and Vacancy Clustering on Li-Ion Conduction in the Li3OCl Antiperovskite Solid Electrolyte,10.1021/acsaem.1c00656,ACS Applied Energy Materials,2021,computational study,computational,False,82.69,Good,3,6,0,0,1,4,DFT calculation,solid electrolyte|antiperovskite|Li-ion conductivity|doping|molecular dynamics
Coelho_et_al__-_2022_-_Reviewing_machine_learning_of_corrosion_prediction_reactions.json,Reviewing machine learning of corrosion prediction in a data-oriented perspective,10.1038/s41529-022-00218-4,npj Materials Degradation,2022,review article,review,False,100.0,Excellent,0,0,0,0,0,0,,corrosion|machine learning|data mining
Cortona_-_1992_-_Direct_determination_of_self-consistent_total_ener_reactions.json,Direct determination of self-consistent total energies and charge densities of solids: A study of the cohesive properties of the alkali halides,,Physical Review B,1992,computational study,computational,False,98.99,Excellent,20,0,0,0,2,29,DFT calculation|DFT calculation,density functional theory|alkali halides|cohesive properties
Costa_et_al__-_2021_-_Magnetically_active_lithium-ion_batteries_towards__reactions.json,Magnetically active lithium-ion batteries towards battery performance improvement,10.1016/j.isci.2021.102691,iScience,2021,review,review,False,97.14,Excellent,2,2,0,0,2,3,Galvanostatic cycling|Galvanostatic cycling,lithium-ion battery|magnetic field|magnetohydrodynamics
Cui_et_al__-_2021_-_Zinc-Doped_High-Nickel__Low-Cobalt_Layered_Oxide_C_reactions.json,"Zinc-Doped High-Nickel, Low-Cobalt Layered Oxide Cathodes for High-Energy-Density Lithium-Ion Batteries",10.1021/acsami.1c01824,ACS Applied Materials & Interfaces,2021,research article,experimental_synthesis,True,98.44,Excellent,2,18,5,7,5,7,SEM|EDX/EDS|ICP|XRD|DSC,lithium-ion battery|cathode|high-nickel|zinc doping
d3ta00940h1_reactions.json,,,Journal of Materials Chemistry A,2023,computational study,computational,False,100.0,Excellent,3,0,0,0,0,0,,DFT|TMDC|intercalation|lithium|magnesium
D_rfler_et_al__-_2021_-_Recent_Progress_and_Emerging_Application_Areas_for_reactions.json,Recent Progress and Emerging Application Areas for Lithium–Sulfur Battery Technology,10.1002/ente.202000694,Energy Technology,2021,review_article,review,False,98.59,Excellent,1,12,0,0,2,2,SEM|Safety testing (nail penetration),lithium–sulfur batteries|energy storage|battery applications
Dacek_et_al__-_2016_-_Structure_and_Dynamics_of_Fluorophosphate_Na-Ion_B_reactions.json,Structure and Dynamics of Fluorophosphate Na-Ion Battery Cathodes,10.1021/acs.chemmater.6b01989,Chemistry of Materials,2016,computational_study,computational,False,90.32,Excellent,3,0,0,0,2,5,DFT calculation|DFT calculation,sodium-ion battery|fluorophosphate cathode|DFT|AIMD
Dai_et_al__-_2019_-_EverBatt_A_Closed-loop_Battery_Recycling_Cost_and_reactions.json,EverBatt: A Closed-loop Battery Recycling Cost and Environmental Impacts Model,,,2019,technical_report,data_descriptor,False,100.0,Excellent,0,0,0,0,0,0,,battery recycling|lifecycle analysis|cost modeling
Das_et_al__-_2021_-_Enabling_a_Stable_High-Power_Lithium-Bromine_Flow__reactions.json,Enabling a Stable High-Power Lithium-Bromine Flow Battery Using Task-Specific Ionic Liquids,10.1149/1945-7111/ac1396,Journal of The Electrochemical Society,2021,research article,experimental_synthesis,True,81.61,Good,2,10,5,15,2,5,EIS|Battery polarization testing,lithium-bromine flow battery|task-specific ionic liquid|electrochemistry|redox flow battery
Davidsson_Kurland_-_2020_-_Energy_use_for_GWh-scale_lithium-ion_battery_produ_reactions.json,Energy use for GWh-scale lithium-ion battery production,10.1088/2515-7620/ab5e1e,Environmental Research Communications,2020,review article,review,False,94.12,Excellent,1,0,0,0,0,0,,lithium-ion battery|energy use|manufacturing|life cycle assessment
de_Klerk_and_Wagemaker_-_2018_-_Space-Charge_Layers_in_All-Solid-State_Batteries___reactions.json,Space-Charge Layers in All-Solid-State Batteries; Important or Negligible?,10.1021/acsaem.8b01141,ACS Applied Energy Materials,2018,research article,other,False,100.0,Excellent,0,4,0,0,0,0,,all-solid-state batteries|space-charge|modeling
Deng_et_al__-_2015_-_Structural_and_Mechanistic_Insights_into_Fast_Lith_reactions.json,Structural and Mechanistic Insights into Fast Lithium-Ion Conduction in Li4SiO4−Li3PO4 Solid Electrolytes,10.1021/jacs.5b04444,Journal of the American Chemical Society,2015,research_article,experimental_synthesis,True,94.06,Excellent,6,6,7,17,4,13,XRD|Neutron diffraction|EIS|NMR,solid electrolyte|lithium ion|oxide|Li4SiO4|Li3PO4
Deng_et_al__-_2017_-_Data-Driven_First-Principles_Methods_for_the_Study_reactions.json,Data-Driven First-Principles Methods for the Study and Design of Alkali Superionic Conductors,10.1021/acs.chemmater.6b02648,Chemistry of Materials,2017,research-article,computational,False,87.5,Good,2,2,0,0,1,1,DFT calculation,alkali superionic conductor|DFT|AIMD|Li6PS5Cl
Deng_et_al__-_2018_-_Crystal_Structures__Local_Atomic_Environments__and_reactions.json,"Crystal Structures, Local Atomic Environments, and Ion Diffusion Mechanisms of Scandium-Substituted Sodium Superionic Conductor (NASICON) Solid Electrolytes",10.1021/acs.chemmater.7b05237,Chemistry of Materials,2018,materials_synthesis,experimental_synthesis,True,96.26,Excellent,2,6,11,14,6,6,XRD|Neutron diffraction|DSC|EIS|NMR|NMR,solid electrolyte|NASICON|sodium ion|scandium substitution
Di_Stefano_et_al__-_2019_-_Superionic_Diffusion_through_Frustrated_Energy_Lan_reactions.json,Superionic Diffusion through Frustrated Energy Landscape,10.1016/j.chempr.2019.07.001,Chem,2019,research article,experimental_synthesis,True,98.88,Excellent,1,6,6,6,8,10,XRD|Neutron diffraction|XRD|NMR|NMR|EIS|Ionic conductivity measurement|NMR,solid-state electrolyte|superionic conductor|thiophosphate|lithium diffusion
Dickey_-_2021_-_Liquid_metals_at_room_temperature_reactions.json,Liquid metals at room temperature,10.1063/PT.3.4723,Physics Today,2021,review,review,True,97.96,Excellent,3,11,5,6,3,3,Surface tension measurement|Freezing test|Electrochemical observation (optical imaging),liquid metals|gallium|EGaIn|stretchable electronics
Dietrich_et_al__-_2016_-_Local_Structural_Investigations__Defect_Formation__reactions.json,"Local Structural Investigations, Defect Formation, and Ionic Conductivity of the Lithium Ionic Conductor Li4P2S6",10.1021/acs.chemmater.6b04175,Chemistry of Materials,2016,research-article,experimental_synthesis,True,97.7,Excellent,2,6,6,9,6,11,XRD|Pair distribution function (PDF)|Raman spectroscopy|NMR|EIS|Ionic conductivity measurement,solid electrolyte|lithium thiophosphate|Li4P2S6|glass–ceramic
Ding_et_al__-_2020_-_Next-Generation_Liquid_Metal_Batteries_Based_on_th_reactions.json,Next-Generation Liquid Metal Batteries Based on the Chemistry of Fusible Alloys,10.1021/acscentsci.0c00749,ACS Central Science,2020,review article,review,True,98.73,Excellent,3,9,3,3,2,2,SEM|Time-of-Flight Secondary Ion Mass Spectroscopy (TOF-SIMS),liquid metal batteries|fusible alloys|energy storage
Dong_et_al__-_2015_-_Electrochemical_performance_and_lithium-ion_insert_reactions.json,Electrochemical performance and lithium-ion insertion/extraction mechanism studies of the novel Li2ZrO3 anode materials,10.1016/j.electacta.2015.01.220,Electrochimica Acta,2015,materials synthesis and electrochemistry,experimental_synthesis,True,99.11,Excellent,1,13,7,12,5,8,XRD|SEM|XRD|Cyclic voltammetry|Galvanostatic cycling,anode material|lithium ion battery|solid-state synthesis
Dong_et_al__-_2020_-_Combined_Experimental_and_Computational_Study_of_C_reactions.json,Combined Experimental and Computational Study of Ce-Doped La3Zr2Li7O12 Garnet Solid-State Electrolyte,10.1021/acs.chemmater.9b03526,Chemistry of Materials,2020,materials synthesis study,experimental_synthesis,True,99.08,Excellent,3,10,8,9,4,7,XRD|EIS|EIS|Cyclic voltammetry,solid-state electrolyte|garnet|Ce-doping|Li-ion batteries
Doyle_and_Newman_-_1995_-_The_use_of_mathematical_modeling_in_the_design_of__reactions.json,THE USE OF MATHEMATICAL MODELING IN THE DESIGN OF LITHIUM/POLYMER BATTERY SYSTEMS,,Electrochimica Acta,1995,research-article,characterization_study,False,96.97,Excellent,2,6,0,0,7,0,EIS|Restricted diffusion (emf/optical)|Moving boundary method|Hittorf method|Four-point probe conductivity|Current/potential step technique|Micropolarization,lithium battery|polymer electrolyte|mathematical modeling
Drakopoulos_-_Formulation_and_manufacturing_optimization_of_lith_reactions.json,Formulation and manufacturing optimization of lithium-ion graphite-based electrodes via machine learning,10.1016/j.xcrp.2021.100683,Cell Reports Physical Science,2021,battery electrode fabrication,experimental_synthesis,True,98.84,Excellent,1,10,5,13,3,6,Rheology (flow curve)|180-degree peel test|Galvanostatic cycling,graphite anode|lithium-ion battery|machine learning optimization
Du_et_al__-_2014_-_Structures__Thermodynamics__and_Li___Mo_reactions.json,"Structures, Thermodynamics, and Li+ Mobility of Li10GeP2S12: A First-Principles Analysis",10.1021/jp5000039,The Journal of Physical Chemistry C,2014,computational study,computational,False,88.57,Good,1,3,0,0,2,8,DFT calculation|CI-NEB,DFT|solid electrolyte|LGPS|ionic conductivity
Duan_et_al__-_2020_-_Is_graphite_lithiophobic_or_lithiophilic_reactions.json,Is graphite lithiophobic or lithiophilic?,10.1093/nsr/nwz222,National Science Review,2020,research article,experimental_synthesis,True,90.48,Excellent,3,7,4,6,5,9,Contact angle measurement|DFT calculation|XRD|SEM|Electrochemical testing,lithium metal batteries|graphite|wettability|composite anode
Dumon_et_al__-_2013_-_High_Li_ion_conductivity_in_strontium_doped_Li7La3_reactions.json,High Li ion conductivity in strontium doped Li7La3Zr2O12 garnet,10.1016/j.ssi.2013.04.016,Solid State Ionics,2013,research article,experimental_synthesis,True,78.75,Good,2,5,6,6,5,13,TGA|XRD|SEM|EIS|Arrhenius analysis,solid electrolyte|garnet|Li ion conductivity|strontium doping
Duquesnoy_et_al__-_2020_-_Data-driven_assessment_of_electrode_calendering_pr_reactions.json,"Data-driven assessment of electrode calendering process by combining experimental results, in silico mesostructures generation and machine learning",10.1016/j.jpowsour.2020.229103,Journal of Power Sources,2020,research article,experimental_synthesis,True,78.69,Good,1,5,6,7,0,0,,Li-ion battery|electrode manufacturing|calendering|machine learning|NMC cathode
Duquesnoy_et_al__-_2022_-_Functional_data-driven_framework_for_fast_forecast_reactions.json,Functional data-driven framework for fast forecasting of electrode slurry rheology simulated by molecular dynamics,https://doi.org/10.1038/s41524-022-00819-2,NPJ Computational Materials,2022,computational study,computational,True,97.92,Excellent,3,3,2,2,1,1,DFT calculation,battery manufacturing|slurry rheology|molecular dynamics|machine learning
Ecker_et_al__-_2017_-_Influence_of_operational_condition_on_lithium_plat_reactions.json,Influence of operational condition on lithium plating for commercial lithium-ion batteries –Electrochemical experiments and post-mortem-analysis,10.1016/j.apenergy.2017.08.034,Applied Energy,2017,electrochemistry study,characterization_study,True,97.53,Excellent,0,10,4,7,4,6,Laser microscopy|ICP|EIS|Mercury porosimetry,lithium-ion battery|lithium plating|low temperature ageing|post-mortem analysis|electrochemical impedance spectroscopy
Edge_et_al__-_2021_-_Lithium_ion_battery_degradation_what_you_need_to__reactions.json,Lithium ion battery degradation: what you need to know,10.1039/d1cp00359c,Physical Chemistry Chemical Physics,2021,review,review,False,100.0,Excellent,0,0,0,0,0,0,,lithium-ion batteries|degradation mechanisms
Eftekhari_and_Kim_-_2017_-_Cathode_materials_for_lithium_sulfur_batteries_a__reactions.json,Cathode materials for lithium –sulfur batteries: a practical perspective,10.1039/c7ta00799j,Journal of Materials Chemistry A,2017,review,review,False,100.0,Excellent,0,0,0,0,2,0,UV/vis spectroscopy|SEM,lithium–sulfur batteries|cathode materials
El_Kharbachi_et_al__-_2020_-_Pseudo-ternary_LiBH4__LiCl_P2sub_reactions.json,Pseudo-ternary LiBH4·LiCl·P2S5 system as structurally disordered bulk electrolyte for all-solid-state lithium batteries,10.1039/d0cp01334j,Physical Chemistry Chemical Physics,2020,materials_synthesis,experimental_synthesis,True,83.5,Good,2,9,7,9,6,9,SR-PXD|TGA|Raman spectroscopy|EIS|Cyclic voltammetry|Operando SR-PXD,solid-state electrolyte|ball milling|borohydride|battery
Elia_et_al__-_2016_-_An_Overview_and_Future_Perspectives_of_Aluminum_Ba_reactions.json,An Overview and Future Perspectives of Aluminum Batteries,10.1002/adma.201601357,Advanced Materials,2016,review article,review,True,90.82,Excellent,6,8,2,2,7,19,TEM|Galvanostatic cycling|Galvanostatic cycling|Galvanostatic cycling|Galvanostatic cycling|Galvanostatic cycling|Galvanostatic discharge (Al/S cell),aluminum batteries|electrolytes|cathode materials
Elia_et_al__-_2021_-_An_overview_and_prospective_on_Al_and_Al-ion_batte_reactions.json,An overview and prospective on Al and Al-ion battery technologies,10.1016/j.jpowsour.2020.228870,Journal of Power Sources,2021,review,review,True,98.41,Excellent,2,7,2,2,2,3,Cyclic voltammetry|Galvanostatic cycling,aluminum battery|aqueous electrolyte|chloroaluminate melt|TiO2 nanotube|treated aluminum
Fan_et_al__-_2020_-_Sustainable_Recycling_Technology_for_Li-Ion_Batter_reactions.json,Sustainable Recycling Technology for Li-Ion Batteries and Beyond: Challenges and Future Prospects,10.1021/acs.chemrev.9b00535,Chemical Reviews,2020,review article,review,False,100.0,Excellent,0,0,0,0,0,0,,battery recycling|Li-ion|sustainability
Fang_and_Jena_-_2017_-_Li-rich_antiperovskite_superionic_conductors_based_reactions.json,Li-rich antiperovskite superionic conductors based on cluster ions,10.1073/pnas.1704086114,Proceedings of the National Academy of Sciences,2017,computational study,computational,True,84.91,Good,2,3,2,2,4,8,DFT calculation|DFT calculation|Elastic Tensor Analysis|Density of States (HSE06),solid electrolyte|superionic conductor|antiperovskite
Faraji_Niri_et_al__-_2022_-_Systematic_analysis_of_the_impact_of_slurry_coatin_reactions.json,Systematic analysis of the impact of slurry coating on manufacture of Li-ion battery electrodes via explainable machine learning,10.1016/j.ensm.2022.06.036,Energy Storage Materials,2022,research-article,experimental_synthesis,True,98.63,Excellent,2,5,5,9,4,2,Surface tension (Wilhelmy Plate tensiometer)|Rheology (Kinexus Pro+ parallel plate)|Thickness measurement|Mass measurement,lithium-ion battery|slurry coating|graphite anode|machine learning
Feng_et_al__-_2022_-_Review_of_modification_strategies_in_emerging_inor_reactions.json,"Review of modification strategies in emerging inorganic solid-state electrolytes for lithium, sodium, and potassium batteries",10.1016/j.joule.2022.01.015,Joule,2022,review article,review,True,98.84,Excellent,3,10,3,10,3,3,EIS|EIS|Thickness measurement,solid-state electrolyte|LLZO|argyrodite|NASICON|tape casting|surface coating
Fingerle_et_al__-_2017_-_Reaction_and_Space_Charge_Layer_Formation_at_the_L_reactions.json,Reaction and Space Charge Layer Formation at the LiCoO2−LiPON Interface: Insights on Defect Formation and Ion Energy Level Alignment by a Combined Surface Science −Simulation Approach,10.1021/acs.chemmater.7b00890,Chemistry of Materials,2017,research-article,experimental_synthesis,True,97.67,Excellent,6,7,3,3,3,0,XPS|Ultraviolet Photoelectron Spectroscopy (UPS)|XPS,solid-state battery|interface|LiCoO2|LiPON|photoelectron spectroscopy
Foroozan_et_al__-_2018_-_Synergistic_Effect_of_Graphene_Oxide_for_Impeding__reactions.json,Synergistic Effect of Graphene Oxide for Impeding the Dendritic Plating of Li,10.1002/adfm.201705917,Advanced Functional Materials,2018,research-article,experimental_synthesis,True,80.85,Good,1,8,9,10,3,5,AFM|Raman spectroscopy|TEM,graphene oxide|lithium metal batteries|separator coating
Forouzan_et_al__-_2016_-_Experiment_and_simulation_of_the_fabrication_proce_reactions.json,Experiment and simulation of the fabrication process of lithium-ion battery cathodes for determining microstructure and mechanical properties,10.1016/j.jpowsour.2016.02.014,Journal of Power Sources,2016,research article,experimental_synthesis,True,96.43,Excellent,2,6,6,9,5,12,Rheology (rotational rheometer)|Mechanical testing (force sensor & micrometer)|Thickness measurement (micrometer)|Density measurement|SEM,lithium-ion battery|cathode fabrication|slurry processing|electrode microstructure
Fu_et_al__-_2013_-_Evaluation_and_Characterization_of_Reduced_Graphen_reactions.json,Evaluation and Characterization of Reduced Graphene Oxide Nanosheets as Anode Materials for Lithium -Ion Batteries,,International Journal of Electrochemical Science,2013,materials synthesis,experimental_synthesis,True,97.64,Excellent,2,17,5,13,6,18,SEM|TEM|XRD|XPS|Raman spectroscopy|EIS,graphene|lithium-ion battery|anode materials
Gaillac_et_al__-_2020_-_Speeding_Up_Discovery_of_Auxetic_Zeolite_Framework_reactions.json,Speeding Up Discovery of Auxetic Zeolite Frameworks by Machine Learning,10.1021/acs.chemmater.0c00434,Chemistry of Materials,2020,computational materials screening,computational,False,100.0,Excellent,0,0,0,0,3,8,Force-field elastic property calculation|DFT calculation|Machine Learning (Gradient Boosting Regressor),machine learning|zeolites|auxetic materials|DFT|mechanical properties
Galvez-Aranda_and_Seminario_-_2020_-_Solid_electrolyte_interphase_formation_between_the_reactions.json,Solid electrolyte interphase formation between the Li0.29La0.57TiO3 solid-state electrolyte and a Li-metal anode: an ab initio molecular dynamics study,10.1039/c9ra10984f,RSC Advances,2020,computational study,computational,True,98.63,Excellent,4,6,2,2,4,6,DFT calculation|Bader charge analysis|Radial distribution function (RDF)|Mean square displacement (MSD),solid-state electrolyte|ab initio molecular dynamics|solid electrolyte interphase|Li-metal batteries
Galvez-Aranda_and_Seminario_-_2021_-_Ion_Pairing__Clustering_and_Transport_in_a_LiFSI-T_reactions.json,"Ion Pairing, Clustering and Transport in a LiFSI-TMP Electrolyte as Functions of Salt Concentration using Molecular Dynamics Simulations",10.1149/1945-7111/abf0d8,Journal of The Electrochemical Society,2021,computational study,computational,True,95.74,Excellent,3,2,2,5,2,14,DFT calculation|DFT calculation,electrolyte|lithium-ion battery|molecular dynamics|LiFSI|trimethyl phosphate
Ganesh_et_al__-_2014_-_Binding_and_Diffusion_of_Lithium_in_Graphite_Quan_reactions.json,Binding and Diffusion of Lithium in Graphite: Quantum Monte Carlo Benchmarks and Validation of van der Waals Density Functional Methods,10.1021/ct500617z,Journal of Chemical Theory and Computation,2014,computational study,computational,False,100.0,Excellent,2,2,0,0,1,4,Diffusion Quantum Monte Carlo (DMC),quantum Monte Carlo|DFT|van der Waals interactions|lithium diffusion|graphite
Gao_et_al__-_2018_-_Na_3_MnZr_PO_4___3sub_reactions.json,Na3MnZr(PO 4)3: A High-Voltage Cathode for Sodium Batteries,10.1021/jacs.8b11388,Journal of the American Chemical Society,2018,materials_synthesis_and_electrochemistry,experimental_synthesis,True,98.11,Excellent,1,2,1,1,8,17,SEM|TEM|TEM|XRD|TGA|Cyclic voltammetry|Galvanostatic charge–discharge|XPS,sodium-ion battery|NASICON|cathode|manganese phosphate
Gao_et_al__-_2021_-_A_family_of_ionic_supersalts_with_covalent-like_di_reactions.json,A family of ionic supersalts with covalent-like directionality and unconventional multiferroicity,10.1038/s41467-021-21597-3,Nature Communications,2021,computational study,computational,True,94.85,Excellent,8,8,2,2,4,7,DFT calculation|SSNEB (Solid-State Nudged Elastic Band)|Phonon calculations|DFT calculation,supersalts|DFT|ferroelectricity|ferroelasticity|multiferroics
Gao_et_al__-_2022_-_High_Formability_Bromide_Solid_Electrolyte_with_Im_reactions.json,High Formability Bromide Solid Electrolyte with Improved Ionic Conductivity for Bulk-Type All-Solid-State Lithium−Metal Batteries,10.1021/acsaem.2c01343,ACS Applied Energy Materials,2022,research article,experimental_synthesis,True,98.82,Excellent,2,9,4,10,4,11,XRD|SEM|EIS|Galvanostatic charge–discharge,solid electrolyte|Li-ion conductivity|ball milling|all-solid-state battery
Gin_et_al__-_2017_-_Material_degradation_foreseen_in_the_very_long_ter_reactions.json,Material degradation foreseen in the very long term: the case of glasses and ferrous metals,10.1038/s41529-017-0008-z,npj Materials Degradation,2017,editorial,editorial,False,100.0,Excellent,0,0,0,0,0,0,,material degradation|glasses|ferrous metals|nuclear waste
Goli_et_al__-_2014_-_Graphene-enhanced_hybrid_phase_change_materials_fo_reactions.json,Graphene-enhanced hybrid phase change materials for thermal management of Li-ion batteries,10.1016/j.jpowsour.2013.08.135,Journal of Power Sources,2014,research article,experimental_synthesis,True,87.27,Good,1,2,3,3,6,14,SEM|Raman spectroscopy|XPS|Transient Planar Source (TPS)|Specific heat measurement (NETZSCH)|Battery thermal testing,graphene|phase change material|thermal management|Li-ion battery
Gong_et_al__-_2018_-_Three-dimensional_atomic-scale_observation_of_stru_reactions.json,Three-dimensional atomic-scale observation of structural evolution of cathode material in a working all-solid-state battery,10.1038/s41467-018-05833-x,Nature Communications,2018,research article,experimental_synthesis,True,89.71,Good,2,4,4,4,5,8,SEM|TEM|TEM|TEM|XRD,in situ TEM|all-solid-state battery|LiNi0.5Mn1.5O4|structural evolution
Goodenough_and_Kim_-_2010_-_Challenges_for_Rechargeable_Li_Batteries_reactions.json,Challenges for Rechargeable Li Batteries,10.1021/cm901452z,Chemistry of Materials,2010,review article,review,False,99.11,Excellent,10,11,0,0,5,7,Ionic conductivity measurement|Electrochemical window determination|Ionic conductivity measurement|Electrochemical window determination|Galvanostatic cycling,Li-ion batteries|electrolytes|electrode materials
Gorai_et_al__-_2020_-_Defect_chemistry_of_disordered_solid-state_electro_reactions.json,Defect chemistry of disordered solid-state electrolyte Li10GeP2S12,10.1039/c9ta10964a,Journal of Materials Chemistry A,2020,computational study,computational,False,89.58,Good,1,7,0,0,1,2,GW quasi-particle energy calculations,solid-state electrolyte|defect chemistry|DFT|GW
Gorai_et_al__-_Electronic_Supplementary_Information__Defect_Chemi_reactions.json,Defect Chemistry of Disordered Solid-State Electrolyte Li10GeP2S12,,Journal of Materials Chemistry A,2020,supplementary information,supporting_info,False,100.0,Excellent,1,0,0,0,1,1,DFT calculation,solid-state electrolyte|defect chemistry|DFT|LGPS
Gover_et_al__-_2006_-_The_electrochemical_insertion_properties_of_sodium_reactions.json,"The electrochemical insertion properties of sodium vanadium fluorophosphate, Na3V2(PO4)2F3",10.1016/j.ssi.2006.07.028,Solid State Ionics,2006,research article,experimental_synthesis,True,90.77,Excellent,1,7,2,5,4,9,XRD|Electrochemical Voltage Spectroscopy (EVS)|Electrochemical Voltage Spectroscopy (EVS)|Constant current cycling,solid-state synthesis|fluorophosphate cathode|electrochemistry|lithium-ion batteries
Gu_et_al__-_2012_-_Conflicting_Roles_of_Nickel_in_Controlling_Cathode_reactions.json,Conflicting Roles of Nickel in Controlling Cathode Performance in Lithium Ion Batteries,10.1021/nl302249v,Nano Letters,2012,research article,experimental_synthesis,True,98.11,Excellent,1,4,2,2,4,10,TEM|EDX/EDS|EDX/EDS|TEM,lithium-ion battery|cathode materials|nickel segregation|STEM|DFT
Guo_et_al__-_2013_-_Lithium_Sulfur_Battery_Cathode_Enabled_by_Lithium__reactions.json,Lithium −Sulfur Battery Cathode Enabled by Lithium −Nitrile Interaction,10.1021/ja309435f,Journal of the American Chemical Society,2013,materials_synthesis,experimental_synthesis,True,91.76,Excellent,1,6,5,5,8,12,XRD|TGA|FTIR|Raman spectroscopy|TEM|Cyclic voltammetry|Galvanostatic cycling|Galvanostatic cycling,Li2S cathode|polyacrylonitrile|lithium-sulfur battery|carbon composite
Guo_et_al__-_2017_-_Aluminum_and_fluorine_co-doping_for_promotion_of_s_reactions.json,Aluminum and fluorine co-doping for promotion of stability and safety of lithium-rich layered cathode material,10.1016/j.electacta.2017.03.133,Electrochimica Acta,2017,materials_synthesis,experimental_synthesis,True,99.06,Excellent,4,9,5,9,7,10,XRD|SEM|TEM|Raman spectroscopy|Galvanostatic charge–discharge|EIS|DSC,lithium-ion battery|cathode|co-doping|lithium-rich layered oxide
Gupta_et_al__-_2022_-_Understanding_the_Design_of_Cathode_Materials_for__reactions.json,Understanding the Design of Cathode Materials for Na-Ion Batteries,10.1021/acsomega.1c05794,ACS Omega,2022,mini-review,review,True,99.19,Excellent,18,9,18,18,18,54,Galvanostatic cycling|Galvanostatic cycling|Galvanostatic cycling|Galvanostatic cycling|Galvanostatic cycling|Galvanostatic cycling|Galvanostatic cycling|Galvanostatic cycling|Galvanostatic cycling|Galvanostatic cycling|Galvanostatic cycling|Galvanostatic cycling|Galvanostatic cycling|Galvanostatic cycling|Galvanostatic cycling|Galvanostatic cycling|Galvanostatic cycling|Galvanostatic cycling,sodium-ion batteries|cathode materials
H_lsen_et_al__-_2009_-_Thermodynamics_of_the_Heusler_alloy_Co_2___x_Mn_1__reactions.json,Thermodynamics of the Heusler alloy Co2−xMn1+xSi: A combined density functional theory and cluster expansion study,10.1103/PhysRevB.79.094407,Physical Review B,2009,computational materials study,computational,False,95.08,Excellent,3,6,0,0,4,7,DFT calculation|Cluster Expansion (energy CE)|Cluster Expansion (moment CE)|Monte Carlo simulation,Heusler alloy|DFT|cluster expansion|Monte Carlo
Hai_et_al__-_2009_-_Electromotive_force_and_huge_magnetoresistance_in__reactions.json,Electromotive force and huge magnetoresistance in magnetic tunnel junctions,10.1038/nature07879,Nature,2009,materials synthesis and device fabrication,experimental_synthesis,True,86.73,Good,2,7,10,12,3,3,TEM|Current–Voltage (I–V) measurement|Magnetoresistance measurement,magnetic tunnel junction|MnAs nanoparticles|spin battery|magnetoresistance
Hakimian_et_al__-_2015_-_Economic_analysis_of_CNT_lithium-ion_battery_manuf_reactions.json,Economic analysis of CNT lithium-ion battery manufacturing,10.1039/c5en00078,Environmental Science: Nano,2015,research article,experimental_synthesis,True,92.23,Excellent,2,10,9,11,2,10,Battery performance testing|Battery performance testing,lithium-ion battery|MWCNT|manufacturing|nanomaterials
Hamad_and_Hu_-_2011_-_The_effect_of_defects_on_the_electronic_and_magnet_reactions.json,The effect of defects on the electronic and magnetic properties of Fe2MnSi Heusler alloy,10.1002/pssb.201147305,physica status solidi (b),2011,computational study,computational,False,87.5,Good,1,3,0,0,1,31,DFT calculation,DFT|FP-LAPW|Heusler alloy|electronic structure|magnetic properties
Han_et_al__-_2015_-_A_Battery_Made_from_a_Single_Material_reactions.json,A Battery Made from a Single Material,10.1002/adma.201500180,Advanced Materials,2015,research article,experimental_synthesis,True,94.74,Excellent,2,10,4,6,6,12,XRD|SEM|ICP|EIS|Cyclic voltammetry|XPS,all-solid-state battery|LGPS|single-material battery
Han_et_al__-_2015_-_A_comprehensive_review_of_sodium_layered_oxides_p_reactions.json,A comprehensive review of sodium layered oxides: powerful cathodes for Na-ion batteries,10.1039/c4ee03192j,Energy & Environmental Science,2015,review_article,review,False,98.41,Excellent,4,1,0,0,10,13,SEM|Galvanostatic cycling|Galvanostatic cycling|Galvanostatic cycling|Capacity retention test|Galvanostatic cycling|Energy density calculation|Galvanostatic cycling|Average voltage determination|Energy density calculation,Na-ion battery|layered oxides|cathode materials
Han_et_al__-_2017_-_From_Coating_to_Dopant_How_the_Transition_Metal_C_reactions.json,From Coating to Dopant: How the Transition Metal Composition Affects Alumina Coatings on Ni-Rich Cathodes,10.1021/acsami.7b13597,ACS Applied Materials & Interfaces,2017,materials synthesis and characterization,experimental_synthesis,True,99.16,Excellent,3,12,7,8,6,0,NMR|NMR|SEM|TEM|XRD|Galvanostatic cycling,lithium-ion battery|cathode coating|NMC|Al2O3
Hanada_et_al__-_2022_-_DFT-Based_investigation_of_Amic_Acid_extractants_a_reactions.json,DFT-Based investigation of Amic–Acid extractants and their application to the recovery of Ni and Co from spent automotive Lithium–Ion batteries,10.1016/j.seppur.2021.119898,Separation and Purification Technology,2022,research-article,experimental_synthesis,True,98.85,Excellent,4,11,2,2,2,7,NMR|Elemental analysis (CHN),amic-acid extractant|solvent extraction|battery recycling
Hao_et_al__-_2019_-_Taming_Active_Material-Solid_Electrolyte_Interface_reactions.json,Taming Active Material-Solid Electrolyte Interfaces with Organic Cathode for All-Solid-State Batteries,10.1016/j.joule.2019.03.017,Joule,2019,research article,experimental_synthesis,True,79.78,Good,3,8,5,12,4,5,Nanoindentation|XPS|ToF-SIMS|EIS,"all-solid-state sodium batteries|organic cathode|pyrene-4,5,9,10-tetraone|sulfide electrolyte"
Hao_et_al__-_2020_-_An_In_Depth_Study_of_Zn_Metal_Surface_Chemistry_fo_reactions.json,An In-Depth Study of Zn Metal Surface Chemistry for Advanced Aqueous Zn-Ion Batteries,10.1002/adma.202003021,Advanced Materials,2020,materials synthesis and electrochemistry,experimental_synthesis,True,98.41,Excellent,1,5,2,4,6,11,SEM|XRD|XPS|Linear polarization|Electrical resistivity measurement|Electrochemical impedance / transference number,ZnS protective layer|zinc anode|aqueous zinc-ion batteries
Hargreaves_et_al__-_2023_-_A_database_of_experimentally_measured_lithium_soli_reactions.json,A database of experimentally measured lithium solid electrolyte conductivities evaluated with machine learning,10.1038/s41524-022-00951-z,npj Computational Materials,2023,research article,computational,False,100.0,Excellent,0,0,0,0,0,0,,solid electrolyte|lithium-ion conductivity|machine learning|materials database
Harper_et_al__-_2019_-_Recycling_lithium-ion_batteries_from_electric_vehi_reactions.json,Recycling lithium-ion batteries from electric vehicles,10.1038/s41586-019-1682-5,Nature,2019,review,review,True,98.68,Excellent,4,7,4,4,1,0,EIS,battery recycling|lithium-ion|electric vehicles
Hart_and_Forcade_-_2008_-_Algorithm_for_generating_derivative_structures_reactions.json,Algorithm for generating derivative structures,10.1103/PhysRevB.77.224115,Physical Review B,2008,computational methodology,computational,False,100.0,Excellent,0,0,0,0,0,0,,superlattice enumeration|derivative structures|crystallography algorithm
Haruyama_et_al__-_2014_-_Space_Charge_Layer_Effect_at_Interface_between_Oxi_reactions.json,Supporting Information for: Space-Charge Layer Effect at Interface between Oxide Cathode and Sulfide Electrolyte in All Solid-State Lithium-Ion Battery,,,,computational study,computational,False,97.5,Excellent,3,3,0,0,1,14,DFT calculation,DFT|DFT+U|all-solid-state battery|interface|surface energy
Haruyama_et_al__-_2017_-_Cation_Mixing_Properties_toward_Co_Diffusion_at_th_reactions.json,Cation Mixing Properties toward Co Diffusion at the LiCoO2 Cathode/ Sulfide Electrolyte Interface in a Solid-State Battery,10.1021/acsami.6b08435,ACS Applied Materials & Interfaces,2017,computational study,computational,False,85.0,Good,0,6,0,0,1,3,DFT calculation,DFT|solid-state battery|interface|Li-ion
Haslam_et_al__-_2022_-_The_effect_of_aspect_ratio_on_the_mechanical_behav_reactions.json,The effect of aspect ratio on the mechanical behavior of Li metal in solid-state cells,10.1016/j.jpowsour.2021.230831,Journal of Power Sources,2022,materials_synthesis_and_mechanical_testing,experimental_synthesis,True,98.65,Excellent,2,5,6,10,3,4,XRD|EIS|Compression creep testing,solid-state electrolyte|lithium metal|compression creep|LLZO
Hausbrand_et_al__-_2015_-_Fundamental_degradation_mechanisms_of_layered_oxid_reactions.json,"Fundamental degradation mechanisms of layered oxide Li-ion battery cathode materials: Methodology, insights and novel approaches",10.1016/j.mseb.2014.11.014,Materials Science and Engineering B,2015,review,review,True,98.67,Excellent,4,6,4,4,2,4,Ionic conductivity measurement|XPS,Li-ion battery|cathode|thin film|solid electrolyte|degradation
Hautier_et_al__-_2011_-_Phosphates_as_Lithium-Ion_Battery_Cathodes_An_Eva_reactions.json,Phosphates as Lithium-Ion Battery Cathodes: An Evaluation Based on High-Throughput ab Initio Calculations,10.1021/cm200949v,Chemistry of Materials,2011,computational study,computational,False,96.97,Excellent,5,0,0,0,0,0,,DFT|battery cathode|phosphates|high-throughput
Haverkate_et_al__-_2010_-_Large_Space_Charge_Effects_in_a_Nanostructured_Pro_reactions.json,Large Space-Charge Effects in a Nanostructured Proton Conductor,10.1002/adfm.201000692,Advanced Functional Materials,2010,research article,characterization_study,False,94.74,Excellent,1,3,0,0,3,9,DFT calculation|Neutron diffraction|Space-charge modelling,nanoionics|space-charge|proton conductor|TiO2|CsHSO4
Hayashi_et_al__-_2019_-_A_sodium-ion_sulfide_solid_electrolyte_with_unprec_reactions.json,A sodium-ion sulfide solid electrolyte with unprecedented conductivity at room temperature,10.1038/s41467-019-13178-2,Nature Communications,2019,research article,experimental_synthesis,True,84.88,Good,2,5,6,6,7,13,XRD|Raman spectroscopy|SEM|Rutherford Backscattering Spectrometry (RBS)|EIS|Ionic conductivity measurement|H2S generation test,solid electrolyte|sodium-ion conductor|sulfide
He_et_al__-_2017_-_Origin_of_fast_ion_diffusion_in_super-ionic_conduc_reactions.json,Origin of fast ion diffusion in super-ionic conductors,10.1038/ncomms15893,Nature Communications,2017,computational study,computational,False,98.46,Excellent,5,5,0,0,4,11,NEB calculation|NEB calculation|DFT calculation|DFT calculation,super-ionic conductors|ab initio modeling|lithium conductors
He_et_al__-_2019_-_Density_Functional_Theory_for_Battery_Materials_reactions.json,Density Functional Theory for Battery Materials,10.1002/eem2.12056,Energy Environ. Mater.,2019,review,review,False,100.0,Excellent,0,0,0,0,0,0,,battery|DFT|electrochemistry
He_et_al__-_2020_-_The_intrinsic_behavior_of_lithium_fluoride_in_soli_reactions.json,The intrinsic behavior of lithium fluoride in solid electrolyte interphases on lithium,10.1073/pnas.1911017116,Proceedings of the National Academy of Sciences,2020,research article,experimental_synthesis,True,98.78,Excellent,2,6,4,4,7,13,XPS|SEM|XRD|EIS|TEM|Galvanostatic cycling|Coulombic efficiency measurement,Li metal anode|solid electrolyte interphase|lithium fluoride
Hoang_and_Johannes_-_2014_-_Defect_chemistry_in_layered_transition-metal_oxide_reactions.json,Defect chemistry in layered transition-metal oxides from screened hybrid density functional calculations,10.1039/c4ta00673a,Journal of Materials Chemistry A,2014,computational study,computational,True,98.15,Excellent,2,3,3,3,3,10,DFT calculation|DFT calculation|Defect migration barrier calculation (NEB),DFT|layered oxides|battery cathode|defect chemistry
Hodge_et_al__-_1976_-_Ionic_Conductivity_of_Li4SiO4__Li4GeO4__and_Their__reactions.json,"Ionic Conductivity of Li4SiO4, Li4GeO4, and Their Solid Solutions",,Journal of the American Ceramic Society,1976,materials_synthesis_study,experimental_synthesis,True,81.94,Good,3,5,6,6,1,1,EIS,solid electrolyte|lithium silicate|lithium germanate|ionic conductivity
Hoenle_and_Simon_-_1986_-_Darstellung_und_Kristallstrukturen_von_Li_Ga_Br4_u_reactions.json,Preparation and Crystal Structure of LiGaBr4 and LiGaBr3,,Zeitschrift für Naturforschung B,1986,research-article,experimental_synthesis,True,98.65,Excellent,2,4,7,9,3,4,XRD|XRD|Differential Thermal Analysis (DTA),inorganic synthesis|crystal structure
Homma_et_al__-_2011_-_Crystal_structure_and_phase_transitions_of_the_lit_reactions.json,Crystal structure and phase transitions of the lithium ionic conductor Li3PS4,10.1016/j.ssi.2010.10.001,Solid State Ionics,2011,research-article,experimental_synthesis,True,85.96,Good,1,4,3,5,4,11,XRD|XRD|Differential Thermal Analysis (DTA)|EIS,solid electrolyte|lithium ionic conductor|thio-LISICON|Li3PS4
Hong_et_al__-_2017_-_Two-dimensional_lithium_diffusion_behavior_and_pro_reactions.json,Two-dimensional lithium diffusion behavior and probable hybrid phase transformation kinetics in olivine lithium iron phosphate,10.1038/s41467-017-01315-8,Nature Communications,2017,research-article,experimental_synthesis,True,95.29,Excellent,1,7,7,9,4,8,XRD|SEM|TEM|ICP,lithium-ion batteries|LiFePO4|hydrothermal synthesis|phase transformation|operando X-ray
Hong_et_al__-_2022_-_All-Solid-State_Lithium_Batteries_Li___reactions.json,All-Solid-State Lithium Batteries: Li+-Conducting Ionomer Binder for Dry-Processed Composite Cathodes,10.1021/acsenergylett.1c02756,ACS Energy Letters,2022,research-article,experimental_synthesis,True,83.58,Good,2,5,2,2,6,10,FTIR|EIS|NMR|Cyclic voltammetry|SEM|TOF-SIMS,all-solid-state battery|composite cathode|ionomer binder|sulfide electrolyte
Hongahally_Basappa_et_al__-_2017_-_Grain_boundary_modification_to_suppress_lithium_pe_reactions.json,Grain boundary modification to suppress lithium penetration through garnet-type solid electrolyte,10.1016/j.jpowsour.2017.07.088,Journal of Power Sources,2017,research article,experimental_synthesis,True,95.65,Excellent,3,13,10,10,7,12,XRD|FT-IR|SEM|TEM|ICP|EIS|Ionic conductivity measurement,solid electrolyte|garnet|LLZT|lithium dendrite|grain boundary modification
Hou_et_al__-_2019_-_Direct_and_Indirect_Recycling_Strategies_of_Expire_reactions.json,Direct and Indirect Recycling Strategies of Expired Oxytetracycline for the Anode Material in Lithium Ion Batteries,10.3389/fmats.2019.00080,Frontiers in Materials,2019,materials_synthesis,experimental_synthesis,True,89.29,Good,2,11,8,10,5,11,SEM|EDX/EDS|FTIR|XPS|XRD,lithium ion batteries|anode materials|recycling|oxytetracycline
Hsueh_et_al__-_2023_-_Sputtered_silver_on_the_current_collector_for_anod_reactions.json,Sputtered silver on the current collector for anode-less NMC111 gel polymer electrolyte lithium batteries,10.1016/j.elecom.2023.107478,Electrochemistry Communications,2023,short communication,editorial,True,76.4,Good,3,8,5,5,4,10,SEM|Galvanostatic charge–discharge|EIS|Ionic conductivity measurement,anode-less battery|gel polymer electrolyte|NMC111|silver sputtering
Hu_et_al__-_2015_-_Recycling_Application_of_Li-MnO_2_Batte_reactions.json,Recycling Application of Li–MnO2 Batteries as Rechargeable Lithium–Air Batteries,10.1002/anie.201411626,Angewandte Chemie International Edition,2015,research-article,experimental_synthesis,True,98.28,Excellent,5,10,7,15,5,6,XRD|XPS|SEM|Electrochemical testing|EIS,battery recycling|Li–MnO2|lithium–air|electrocatalysis
Hu_et_al__-_2020_-_Structure_and_performance_of_the_LiFePO_4su_reactions.json,Structure and performance of the LiFePO4 cathode material: from the bulk to the surface,10.1039/d0nr03776a,Nanoscale,2020,minireview,review,True,80.36,Good,2,6,2,2,1,2,TEM,LiFePO4|cathode|lithium-ion battery|surface engineering|bulk structure
Huang_and_Cole_-_2020_-_A_database_of_battery_materials_auto-generated_usi_reactions.json,A database of battery materials auto-generated using ChemDataExtractor,https://doi.org/10.1038/s41597-020-00602-2,Scientific Data,2020,data descriptor,data_descriptor,False,100.0,Excellent,0,0,0,0,0,0,,battery materials|database|natural language processing
Huang_et_al__-_2015_-_Permselective_Graphene_Oxide_Membrane_for_Highly_S_reactions.json,Permselective Graphene Oxide Membrane for Highly Stable and Anti-Self-Discharge Lithium–Sulfur Batteries,10.1021/nn507178a,ACS Nano,2015,materials_synthesis,experimental_synthesis,True,96.88,Excellent,1,11,5,7,5,6,XPS|SEM|Potentiostatic polarization|Cyclic voltammetry|EIS,graphene oxide membrane|lithium–sulfur battery|separator|energy storage
Huang_et_al__-_2020_-_A_dual-ion_battery_has_two_sides_the_effect_of_io_reactions.json,A dual-ion battery has two sides: the effect of ion-pairs,10.1039/d0cc03951a,Chemical Communications,2020,research-article,experimental_synthesis,True,98.82,Excellent,4,7,4,4,4,4,NMR|Galvanostatic charge–discharge|Cyclic voltammetry|EIS,dual-ion battery|Li4Ti5O12|graphite|ion-pair|electrolyte
Huang_et_al__-_2020_-_Enhanced_Performance_of_Li_6_4_La__reactions.json,Enhanced Performance of Li6.4La3Zr1.4Ta0.6O12 Solid Electrolyte by the Regulation of Grain and Grain Boundary Phases,10.1021/acsami.0c18674,ACS Applied Materials & Interfaces,2020,research article,experimental_synthesis,True,97.78,Excellent,1,7,6,15,7,11,SEM|XRD|Laser particle size analysis|EIS|Three-point bending|EIS|Critical current density test,solid electrolyte|garnet|LLZTO|hot pressing
Huang_et_al__-_2021_-_Deep_potential_generation_scheme_and_simulation_pr_reactions.json,Deep potential generation scheme and simulation protocol for the Li10GeP2S12-type superionic conductors,10.1063/5.0041849,Journal of Chemical Physics,2021,computational study,computational,False,100.0,Excellent,3,0,0,0,1,0,DFT calculation,solid-state electrolyte|superionic conductor|machine learning potential|diffusion coefficient
Hunter_and_Beyerlein_-_2014_-_Stacking_fault_emission_from_grain_boundaries_Mat_reactions.json,Stacking fault emission from grain boundaries: Material dependencies and grain size effects,10.1016/j.msea.2014.02.030,Materials Science & Engineering A,2014,research article,computational,False,100.0,Excellent,0,6,0,0,3,61,DFT calculation|DFT calculation|Phase Field Dislocation Dynamics (PFDD),stacking fault|grain boundary|DFT|phase field dislocation dynamics|fcc metals
Hussain_et_al__-_2020_-_Robust_TiN_nanoparticles_polysulfide_anchor_for_Li_reactions.json,Robust TiN nanoparticles polysulfide anchor for Li–S storage and diffusion pathways using first principle calculations,10.1016/j.cej.2019.123595,Chemical Engineering Journal,2020,research-article,experimental_synthesis,True,80.82,Good,2,4,3,3,8,18,XRD|BET|TGA|XPS|SEM|EDX/EDS|Cyclic voltammetry|EIS,Li–S battery|TiN nanoparticles|DFT|polysulfide adsorption
Ikeda_and_Chiang_-_1993_-_Space_Charge_Segregation_at_Grain_Boundaries_in_Ti_reactions.json,"Space Charge Segregation at Grain Boundaries in Titanium Dioxide: I, Relationship between lattice Defect Chemistry and Space Charge Potential",,Journal of the American Ceramic Society,1993,theoretical study,computational,False,81.82,Good,1,4,0,0,0,0,,space charge|defect chemistry|titanium dioxide|grain boundaries
Inagaki_et_al__-_2019_-_Conduction_Mechanism_of_Li_10_GeP__reactions.json,Conduction Mechanism of Li10GeP2S12-type Lithium Superionic Conductors in a Li−Sn−Si−P−S System,10.1021/acs.chemmater.9b00743,Chemistry of Materials,2019,materials_synthesis,experimental_synthesis,True,98.72,Excellent,3,5,6,7,3,5,XRD|Neutron diffraction|Ionic conductivity measurement,solid electrolyte|LGPS-type|sulfide|lithium superionic conductor
Islam_and_Fisher_-_2014_-_Lithium_and_sodium_battery_cathode_materials_comp_reactions.json,"Lithium and sodium battery cathode materials: computational insights into voltage, diffusion and nanostructural properties",10.1039/c3cs60199d,Chemical Society Reviews,2014,review article,review,False,100.0,Excellent,0,0,0,0,0,0,,battery cathodes|computational chemistry|lithium-ion|sodium-ion
Islam_et_al__-_2017_-_DFT_Study_on_the_Li_Mobility_in_Li-Ion-Based_Solid_reactions.json,DFT Study on the Li Mobility in Li-Ion-Based Solid-State Electrolytes,10.1557/adv.201.37,MRS Advances,,computational study,computational,True,97.8,Excellent,3,7,5,5,6,14,Nudge Elastic Band (NEB)|DFT calculation|Radial Distribution Function (RDF)|Coordination Number Analysis|Bader Charge Analysis|Vibrational Density of States,DFT|NEB|AIMD|solid-state electrolyte
Jalem_et_al__-_2018_-_Bayesian-Driven_First-Principles_Calculations_for__reactions.json,Bayesian-Driven First-Principles Calculations for Accelerating Exploration of Fast Ion Conductors for Rechargeable Battery Application,10.1038/s41598-018-23852-y,Scientific Reports,2018,computational screening,computational,False,100.0,Excellent,6,6,0,0,3,12,DFT calculation|DFT calculation|DFT calculation,DFT|Bayesian optimization|solid electrolyte|tavorite
Janek_and_Zeier_-_2023_-_Challenges_in_speeding_up_solid-state_battery_deve_reactions.json,Challenges in speeding up solid-state battery development,10.1038/s41560-023-01208-9,Nature Energy,2023,review,review,False,100.0,Excellent,0,0,0,0,0,0,,solid-state batteries|solid electrolytes|energy density
Jayaprakash_et_al__-_2011_-_The_rechargeable_aluminum-ion_battery_reactions.json,The rechargeable aluminum-ion battery,10.1039/c1cc15779e,Chemical Communications,2011,communication,editorial,True,99.15,Excellent,1,13,9,12,4,8,XRD|TEM|Cyclic voltammetry|Galvanostatic cycling,aluminum-ion battery|V2O5 nanowires|ionic liquid electrolyte
Ji_et_al__-_2019_-_Lithium_intercalation_into_bilayer_graphene_reactions.json,Lithium intercalation into bilayer graphene,10.1038/s41467-018-07942-z,Nature Communications,2019,research article,experimental_synthesis,True,75.93,Good,1,13,6,8,5,9,SEM|SAED|Raman spectroscopy|XRD|Galvanostatic cycling,graphene|lithium intercalation|battery|CVD|bilayer graphene foam
Jiang_et_al__-_2021_-_All-dry_synthesis_of_self-supporting_thin_Li10GeP2_reactions.json,All-dry synthesis of self-supporting thin Li10GeP2S12 membrane and interface engineering for solid state lithium metal batteries,10.1016/j.cej.2021.129965,Chemical Engineering Journal,2021,research-article,experimental_synthesis,True,96.55,Excellent,3,13,6,11,5,4,XRD|SEM|EIS|FTIR|Cyclic voltammetry,solid-state electrolyte|all-dry synthesis|lithium batteries
Jiao_et_al__-_2022_-_Recycling_spent_LiNi_1-x-y_Mn_xs_reactions.json,Recycling spent LiNi1-x-yMnxCoyO2 cathodes to bifunctional NiMnCo catalysts for zinc-air batteries,10.1073/pnas.2202202119,Proceedings of the National Academy of Sciences,2022,research article,experimental_synthesis,True,80.25,Good,1,7,6,8,4,7,ICP|BET|TEM|XRD,battery recycling|catalysis|NiMnCo|rapid thermal radiation|zinc–air battery
Jin_et_al__-_2020_-_Polyanion-type_cathode_materials_for_sodium-ion_ba_reactions.json,Polyanion-type cathode materials for sodium-ion batteries,10.1039/c9cs00846b,Chemical Society Reviews,2020,review article,review,True,97.22,Excellent,1,2,2,2,1,1,XRD,sodium-ion batteries|polyanion cathodes
Jo_et_al__-_2023_-_Feasible_approaches_for_anode-free_lithium-metal_b_reactions.json,Feasible approaches for anode-free lithium-metal batteries as next generation energy storage systems,10.1016/j.ensm.2023.02.040,Energy Storage Materials,2023,review_article,review,True,97.59,Excellent,3,10,3,3,2,3,SEM|Galvanostatic cycling,anode-free lithium-metal batteries|electrolytes|current-collector modification|artificial SEI
Johansen_et_al__-_2015_-_Aluminum_Migration_and_Intrinsic_Defect_Interactio_reactions.json,Aluminum Migration and Intrinsic Defect Interaction in Single-Crystal Zinc Oxide,10.1103/PhysRevApplied.3.024003,Physical Review Applied,2015,materials synthesis and diffusion study,experimental_synthesis,True,98.7,Excellent,2,7,4,17,4,6,SIMS|Stylus profilometry (Dektak 8)|Resistivity measurement|DFT calculation,ZnO|Al doping|thin film|diffusion|vacancy-mediated
Jonderian_and_McCalla_-_2021_-_The_role_of_metal_substitutions_in_the_development_reactions.json,"The role of metal substitutions in the development of Li batteries, part II: solid electrolytes",10.1039/d1ma00082a,Materials Advances,2021,review article,review,True,98.08,Excellent,2,4,3,3,1,2,density measurement,solid electrolytes|Li batteries|metal substitution
Kahle_et_al__-_2020_-_High-throughput_computational_screening_for_solid-_reactions.json,High-throughput computational screening for solid-state Li-ion conductors,,,2020,supplementary_information,supporting_info,False,100.0,Excellent,0,0,0,0,2,2,PBE bandgap calculation|DFT calculation,computational screening|Li-ion conductors|bandgap|diffusion coefficients
Kahle_et_al__-_2020_-_The_solid-state_Li-ion_conductor_Li7TaO6_A_combin_reactions.json,The solid-state Li-ion conductor Li7TaO6: A combined computational and experimental study,10.1016/j.ssi.2020.115226,Solid State Ionics,2020,research article,experimental_synthesis,True,98.99,Excellent,4,7,6,7,6,7,XRD|ICP|XPS|EIS|Ionic conductivity measurement|Cyclic voltammetry,solid-state electrolyte|Li-ion conductor|Li7TaO6|oxide electrolyte
Kaland_et_al__-_2020_-_Are_MXenes_suitable_as_cathode_materials_for_recha_reactions.json,Are MXenes suitable as cathode materials for rechargeable Mg batteries?,10.1039/d0se00087f,Sustainable Energy & Fuels,2020,research article,experimental_synthesis,True,95.56,Excellent,2,12,3,5,3,4,SEM|XRD|XRD,MXene|magnesium battery|cathode|DFT|electrochemistry
Kalantar-Zadeh_et_al__-_2021_-_Low_Melting_Temperature_Liquid_Metals_and_Their_Im_reactions.json,Low Melting Temperature Liquid Metals and Their Impacts on Physical Chemistry,10.1021/accountsmr.1c00143,Accounts of Materials Research,2021,review,review,False,100.0,Excellent,2,5,0,0,0,0,,low-melting-temperature metals|liquid metals|post-transition metals
Kamaya_et_al__-_2011_-_A_lithium_superionic_conductor_reactions.json,A lithium superionic conductor,10.1038/NMAT3066,Nature Materials,2011,research article,experimental_synthesis,True,89.09,Good,2,9,8,10,7,13,XRD|XRD|Neutron diffraction|EIS|Cyclic voltammetry|Hebb–Wagner polarization|Battery cycling,solid electrolyte|lithium ion conductivity|solid-state battery
Kanehori_et_al__-_1983_-_Thin_film_solid_electrolyte_and_its_application_to_reactions.json,THIN FILM SOLID ELECTROLYTE AND ITS APPLICATION TO SECONDARY LITHIUM CELL,,Solid State Ionics,1983,materials synthesis and electrochemistry,experimental_synthesis,True,98.95,Excellent,3,9,4,4,6,13,EIS|Ionic conductivity measurement|SEM|XRD|Current pulse method|V-I characterization,thin film|solid electrolyte|secondary lithium cell|CVD|rf-sputtering
Kanno_-_2000_-_Synthesis_of_a_new_lithium_ionic_conductor__thio-L_reactions.json,"Synthesis of a new lithium ionic conductor, thio-LISICON – lithium germanium sulfide system",,Solid State Ionics,2000,research article,experimental_synthesis,True,86.9,Good,5,4,5,5,5,5,XRD|Rietveld refinement|EIS|Cyclic voltammetry|Hebb–Wagner polarization,solid-state ionics|thio-LISICON|lithium ionic conductor
Kanno_et_al__-_PHASE_TRANSITION_OF_THE_SOLID_LITHIUM_ION_CONDUCTO_reactions.json,"PHASE TRANSITION OF THE SOLID LITHIUM ION CONDUCTOR WITH THE SPINEL STRUCTURE: Li2−2xM1+xCl4 (M = Mg, Mn)",,Solid State Ionics,1986,research-article,experimental_synthesis,True,98.48,Excellent,2,5,4,4,3,7,XRD|XRD|DSC,spinel|solid lithium ion conductor|phase transition|chloride spinel
Kasamatsu_et_al__-_2011_-_Theoretical_analysis_of_space_charge_layer_formati_reactions.json,Theoretical analysis of space charge layer formation at metal/ionic conductor interfaces,10.1016/j.ssi.2010.11.022,Solid State Ionics,2011,computational study,computational,False,91.43,Excellent,1,3,0,0,2,2,DFT calculation|Poisson equation simulation,space charge|DFT|yttria stabilized zirconia|Poisson equation
Kasemchainan_et_al__-_2019_-_Critical_stripping_current_leads_to_dendrite_forma_reactions.json,Critical stripping current leads to dendrite formation on plating in lithium anode solid electrolyte cells,10.1038/s41563-019-0438-9,Nature Materials,2019,materials synthesis,experimental_synthesis,True,79.35,Good,1,6,9,12,5,4,XRD|XPS|SEM|X-ray computed tomography|EIS,solid-state electrolyte|argyrodite|lithium battery
Kato_et_al__-_2016_-_High-power_all-solid-state_batteries_using_sulfide_reactions.json,High-power all-solid-state batteries using sulfide superionic conductors,10.1038/NENERGY.2016.30,Nature Energy,2016,materials synthesis and electrochemistry,experimental_synthesis,True,78.76,Good,3,11,8,16,4,4,XRD|Neutron diffraction|EIS|Galvanostatic cycling,solid electrolyte|all-solid-state battery|sulfide conductor|LGPS family
Katzenmeier_et_al__-_2021_-_Properties_of_the_Space_Charge_Layers_Formed_in_Li_reactions.json,Properties of the Space Charge Layers Formed in Li-Ion Conducting Glass Ceramics,10.1021/acsami.0c21304,ACS Applied Materials & Interfaces,2021,research article,experimental_synthesis,True,90.14,Excellent,1,5,4,4,6,16,SEM|EDX/EDS|XRD|XPS|AFM|EIS,solid electrolyte|impedance spectroscopy|space charge layer|electrode deposition|glass ceramic
Katzenmeier_et_al__-_Properties_of_the_Space_Charge_Layers_Formed_in_Li_reactions.json,Properties of the Space Charge Layers Formed in Li-Ion Conducting Glass Ceramics,,,,supporting_information,supporting_info,False,96.88,Excellent,1,3,0,0,1,24,Equivalent circuit parameter determination,Li-ion conducting glass ceramic|space charge layer|equivalent circuit parameters
Kaup_et_al__-_2018_-_Correlation_of_Structure_and_Fast_Ion_Conductivity_reactions.json,Correlation of Structure and Fast Ion Conductivity in the Solid Solution Series Li 1+2xZn1−xPS4,10.1021/acs.chemmater.7b05108,Chemistry of Materials,2018,communication,editorial,True,98.44,Excellent,3,3,3,3,5,12,XRD|Neutron diffraction|EIS|SEM|Raman spectroscopy,solid electrolyte|lithium-ion conductor|thiophosphate|solid-state synthesis
Kc_et_al__-_2014_-_Point_defects_in_garnet-type_solid_electrolyte__c-_reactions.json,Point defects in garnet-type solid electrolyte (c-Li7La3Zr2O12) for Li-ion batteries,10.1016/j.ssi.2014.04.021,Solid State Ionics,2014,computational study,computational,False,96.3,Excellent,1,1,0,0,2,2,DFT calculation|DFT calculation,DFT|solid electrolyte|LLZO|defect chemistry
Kerisit_et_al__-_2014_-_Shell_Model_for_Atomistic_Simulation_of_Lithium_Di_reactions.json,Shell Model for Atomistic Simulation of Lithium Diffusion in Mixed Mn/Ti Oxides,10.1021/jp506025k,Journal of Physical Chemistry C,2014,computational study,computational,False,82.86,Good,1,3,0,0,2,5,DFT calculation|Potential of Mean Force (PMF) Calculation,molecular dynamics|Li diffusion|rutile|Mn/Ti oxides
Kim_-_2020_-_Investigation_of_material__chemical__and_electroch_reactions.json,"Investigation of material, chemical, and electrochemical properties of Li10SiP2S12-xOx and Li10[SnySi1-y]P2S12-xOx solid electrolytes",,,2020,PhD dissertation,other,True,99.0,Excellent,2,11,5,5,5,5,XRD|Raman spectroscopy|FT-IR|NMR|EIS,solid-state electrolyte|LGPS|sulfide|oxygen substitution|tin substitution
Kim_and_Amine_-_2002_-_A_comparative_study_on_the_substitution_of_divalen_reactions.json,,,,,,other,False,100.0,Excellent,0,0,0,0,0,0,,
Kim_et_al__-_2014_-_All-graphene-battery_bridging_the_gap_between_sup_reactions.json,All-graphene-battery: bridging the gap between supercapacitors and lithium ion batteries,10.1038/srep05278,Scientific Reports,2014,materials_synthesis,experimental_synthesis,True,80.92,Good,3,16,6,13,6,20,XRD|XPS|Raman spectroscopy|BET|Cyclic voltammetry|Electrochemical testing (full cell),graphene|battery|energy storage|functionalized graphene|reduced graphene oxide
Kim_et_al__-_2014_-_Novel_transition-metal-free_cathode_for_high_energ_reactions.json,Novel transition-metal-free cathode for high energy and power sodium rechargeable batteries,10.1016/j.nanoen.2013.12.009,Nano Energy,2014,research article,experimental_synthesis,True,77.67,Good,2,14,5,7,2,5,BET|Cyclic voltammetry,sodium batteries|graphite cathode|functionalized graphite nanoplatelets
Kim_et_al__-_2015_-_A_review_of_lithium_and_non-lithium_based_solid_st_reactions.json,A review of lithium and non-lithium based solid state batteries,10.1016/j.jpowsour.2015.02.054,Journal of Power Sources,2015,review article,review,True,98.7,Excellent,2,7,4,6,4,4,EDX/EDS|XRD|Ionic conductivity measurement|Thickness measurement,solid state battery|solid electrolyte|thin film|lithium|garnet|glass
Kim_et_al__-_2017_-_Electrochemical_lithium_intercalation_behavior_of__reactions.json,Electrochemical lithium intercalation behavior of pristine and milled hexagonal boron nitride,10.1016/j.jelechem.2017.06.017,Journal of Electroanalytical Chemistry,2017,research-article,experimental_synthesis,True,80.37,Good,3,12,4,6,6,19,XRD|BET|SEM|XPS|Cyclic voltammetry|Galvanostatic cycling,lithium intercalation|boron nitride|ball milling|electrochemistry|anode materials
Kim_et_al__-_2017_-_Progress_in_the_Development_of_Sodium-Ion_Solid_El_reactions.json,Progress in the Development of Sodium-Ion Solid Electrolytes,10.1002/smtd.201700219,Small Methods,2017,review article,review,True,98.31,Excellent,2,6,2,8,2,3,Ionic conductivity measurement|Ionic conductivity measurement,sodium-ion|solid electrolyte|ceramic|glass-ceramic
Kim_et_al__-_2017_-_Reduced_Graphene_OxideLiI_Composite_Lithium_Ion_B_reactions.json,Reduced Graphene Oxide/LiI Composite Lithium Ion Battery Cathodes,10.1021/acs.nanolett.7b03290,Nano Letters,2017,research article,experimental_synthesis,True,94.87,Excellent,2,12,6,13,8,20,SEM|TEM|XRD|XPS|Cyclic voltammetry|Galvanostatic cycling|Differential capacity analysis|EIS,lithium-ion battery|graphene oxide|LiI cathode|electrochemistry
Kim_et_al__-_2024_-_Fluorine-Substituted_Lithium_Chloride_Solid_Electr_reactions.json,Fluorine-Substituted Lithium Chloride Solid Electrolytes for High-Voltage All-Solid-State Lithium-Ion Batteries,10.1021/acsenergylett.3c02307,ACS Energy Letters,2024,research article,experimental_synthesis,True,100.0,Excellent,6,6,2,2,5,21,XRD|XPS|EIS|Cyclic voltammetry|Galvanostatic cycling,solid electrolyte|halide|fluorine substitution|all-solid-state battery
Kinzer_et_al__-_2021_-_Operando_analysis_of_the_molten_LiLLZO_interface_reactions.json,Operando analysis of the molten Li|LLZO interface: Understanding how the physical properties of Li affect the critical current density,10.1016/j.matt.2021.04.016,Matter,2021,research-article,experimental_synthesis,True,81.08,Good,2,6,5,6,3,3,Operando optical microscopy|SEM|SEM,solid-state batteries|LLZO|molten lithium|critical current density
Kirklin_et_al__-_2014_-_High-throughput_screening_of_high-capacity_electro_reactions.json,High-throughput screening of high-capacity electrodes for hybrid Li-ion–Li–O2 cells,10.1039/c4cp03597f,Physical Chemistry Chemical Physics,2014,research-article,computational,False,97.01,Excellent,9,3,0,0,2,3,Electrochemical charge–discharge test|DFT calculation,Li–O2 batteries|DFT screening|electrode materials|high capacity
Koerver_et_al__-_2018_-_Chemo-mechanical_expansion_of_lithium_electrode_ma_reactions.json,Chemo-mechanical expansion of lithium electrode materials – on the route to mechanically optimized all-solid-state batteries,10.1039/c8ee00907d,Energy & Environmental Science,2018,research-article,experimental_synthesis,True,98.89,Excellent,2,10,5,8,3,0,XRD|SEM|EDX/EDS,solid-state battery|mechanical stress|electrode materials
Kotobuki_et_al__-_2017_-_Poly_vinylidene_fluoride_-Based_Al_Ion_Conductive__reactions.json,Poly(vinylidene fluoride)-Based Al Ion Conductive Solid Polymer Electrolyte for Al Battery,10.1149/2.1601714jes,Journal of The Electrochemical Society,2017,research-article,experimental_synthesis,True,81.93,Good,1,5,4,4,10,10,SEM|XRD|FT-IR (ATR)|TGA|DSC|EIS|Ionic conductivity measurement|EIS|Cyclic voltammetry|Cyclic voltammetry,solid polymer electrolyte|aluminum battery|PVdF|AlCl3
Kovtyukhova_et_al__-_2013_-_Reversible_Intercalation_of_Hexagonal_Boron_Nitrid_reactions.json,Reversible Intercalation of Hexagonal Boron Nitride with Brønsted Acids,10.1021/ja403197h,Journal of the American Chemical Society,2013,research article,experimental_synthesis,True,98.88,Excellent,3,10,3,6,4,3,XRD|Raman spectroscopy|XPS|FTIR,intercalation|hexagonal boron nitride|Brønsted acids
Koyama_et_al__-_2012_-_Defect_Chemistry_in_Layered_Li_M_O_2_reactions.json,"Defect Chemistry in Layered Li MO2 (M= Co, Ni, Mn, and Li1/3Mn2/3) by First-Principles Calculations",10.1021/cm3018314,Chem. Mater.,2012,computational study,computational,False,88.75,Good,4,12,0,0,1,1,DFT calculation,defect chemistry|DFT|lithium-ion battery
Koyama_et_al__-_First_Principles_Calculations_of_Formation_Energie_reactions.json,First Principles Calculations of Formation Energies and Electronic Structures of Defects in Oxygen-Deficient LiMn2O4,10.1149/1.1522720,Journal of The Electrochemical Society,2003,research-article,computational,False,100.0,Excellent,0,1,0,0,0,0,,first-principles|defect chemistry|LiMn2O4
Krauskopf_et_al__-_2020_-_Physicochemical_Concepts_of_the_Lithium_Metal_Anod_reactions.json,Physicochemical Concepts of the Lithium Metal Anode in Solid-State Batteries,10.1021/acs.chemrev.0c00431,Chemical Reviews,2020,review,review,False,89.39,Good,5,6,0,0,3,9,mechanical testing|diffusion measurement|mechanical testing,lithium metal anode|solid-state battery|inorganic solid electrolyte|interface kinetics
Kuganathan_et_al__-_2021_-_Self-diffusion_in_garnet-type_Li7La3Zr2O12_solid_e_reactions.json,Self-diffusion in garnet-type Li7La3Zr2O12 solid electrolytes,10.1038/s41598-020-79919-2,Scientific Reports,2021,computational study,computational,False,100.0,Excellent,1,2,0,0,2,7,Classical pair potential simulation (GULP)|DFT calculation,solid electrolyte|garnet|defect chemistry|DFT|ionic conductivity
Kuhn_et_al__-_2013_-_Single-crystal_X-ray_structure_analysis_of_the_sup_reactions.json,Single-crystal X-ray structure analysis of the superionic conductor Li10GeP2S12,10.1039/c3cp51985f,Physical Chemistry Chemical Physics,2013,research-article,experimental_synthesis,True,98.15,Excellent,1,4,3,5,3,3,XRD|XRD|SEM,solid electrolyte|single-crystal XRD|LGPS
Kuhn_et_al__-_2013_-_Tetragonal_Li10GeP2S12_and_Li7GePS8___exploring_th_reactions.json,Tetragonal Li10GeP2S12 and Li7GePS8 – exploring the Li ion dynamics in LGPS Li electrolytes,,Energy & Environmental Science,2013,solid electrolyte study,experimental_synthesis,True,98.31,Excellent,2,2,3,3,6,8,XRD|TEM|NMR|NMR|NMR|EIS,Li-ion conductor|LGPS|solid electrolyte
Kuhn_et_al__-_2014_-_A_new_ultrafast_superionic_Li-conductor_ion_dynam_reactions.json,A new ultrafast superionic Li-conductor: ion dynamics in Li 11Si2PS12 and comparison with other tetragonal LGPS-type electrolytes,10.1039/c4cp02046d,Physical Chemistry Chemical Physics,2014,research-article,experimental_synthesis,True,98.59,Excellent,2,4,4,4,6,12,XRD|NMR|NMR|EIS|Ionic conductivity measurement|NMR,solid electrolyte|lithium ion conductor|LGPS-type|high-pressure synthesis
Kuhs_et_al__-_1979_-_The_argyrodites___A_new_family_of_tetrahedrally_cl_reactions.json,THE ARGYRODITES - A NEW FAMILY OF TETRAHEDRALLY CLOSE-PACKED STRUCTURES,,Materials Research Bulletin,1979,inorganic solid-state synthesis and characterization,experimental_synthesis,True,96.23,Excellent,4,1,2,5,4,5,XRD|Differential Thermal Analysis (DTA)|Polarizing microscopy (hot stage)|EIS,argyrodite|tetrahedrally close-packed|ionic conductor|non-linear optics
Kumar_et_al__-_2016_-_Fundamental_Mechanisms_of_Solvent_Decomposition_In_reactions.json,Fundamental Mechanisms of Solvent Decomposition Involved in Solid-Electrolyte Interphase Formation in Sodium Ion Batteries,10.1021/acs.chemmater.6b03403,Chemistry of Materials,2016,research-article,computational,False,80.26,Good,3,12,0,0,1,8,DFT calculation,density functional theory|sodium-ion batteries|solid-electrolyte interphase|electrolyte decomposition
L_pez-Aranguren_et_al__-_2021_-_Crystalline_LiPON_as_a_Bulk-Type_Solid_Electrolyte_reactions.json,Crystalline LiPON as a Bulk-Type Solid Electrolyte,10.1021/acsenergylett.0c02336,ACS Energy Letters,2021,research article,experimental_synthesis,True,89.23,Good,1,4,2,2,8,19,XRD|Neutron diffraction|SEM|NMR|TGA|EIS|Cyclic voltammetry|Galvanostatic cycling,solid electrolyte|LiPON|bulk synthesis|solid-state batteries
Lamsayah_et_al__-_2016_-_High_liquid_liquid_extraction_selectivity_of_Fe_II_reactions.json,High liquid–liquid extraction selectivity of Fe(II) and Pb(II) with TD-DFT theoretical calculations of long chain acid pyrazole- and triazole-based ligands,10.1080/23312009.2016.1230359,Cogent Chemistry,2016,synthetic study,experimental_synthesis,True,98.53,Excellent,4,5,1,2,5,7,FTIR|NMR|NMR|Mass Spectrometry (ESI)|Melting Point,pyrazole ligands|triazole ligands|liquid–liquid extraction|heavy metals
Landstorfer_et_al__-_2011_-_An_advanced_model_framework_for_solid_electrolyte__reactions.json,An advanced model framework for solid electrolyte intercalation batteries,10.1039/c0cp02473b,Physical Chemistry Chemical Physics,2011,theoretical_modeling,computational,False,100.0,Excellent,0,1,0,0,0,0,,solid electrolyte|intercalation battery|Poisson–Nernst–Planck|numerical simulation
Lang_et_al__-_2015_-_Lithium_Ion_Conduction_in_LiTi_2__PO_s_reactions.json,Lithium Ion Conduction in LiTi2(PO4)3 and Related Compounds Based on the NASICON Structure: A First-Principles Study,10.1021/acs.chemmater.5b01582,Chemistry of Materials,2015,computational study,computational,False,87.63,Good,9,12,0,0,0,0,,Li-ion conductors|NASICON|DFT|ionic conductivity
Lang_et_al__-_2020_-_A_molten_battery_consisting_of_Li_metal_anode__AlC_reactions.json,"A molten battery consisting of Li metal anode, AlCl3-LiCl cathode and solid electrolyte",10.1016/j.ensm.2019.07.027,Energy Storage Materials,2020,materials synthesis and battery assembly,experimental_synthesis,True,90.28,Excellent,1,6,4,4,5,8,EIS|XRD|Galvanostatic cycling|Galvanostatic cycling|SEM,molten battery|solid electrolyte|LLZTO|AlCl3-LiCl cathode|lithium metal anode
Lapp_-_1983_-_Ionic_conductivity_of_pure_and_doped_Li3N_reactions.json,Ionic Conductivity of Pure and Doped Li3N,,Solid State Ionics,1983,research article,experimental_synthesis,True,97.37,Excellent,5,7,3,3,1,10,Ionic conductivity measurement,ionic conductivity|solid electrolyte|Li3N|hydrogen doping|metal doping
Larson_et_al__-_2020_-_Effects_of_lithium_intercalation_in_twisted_bilaye_reactions.json,Effects of lithium intercalation in twisted bilayer graphene,10.1103/PhysRevB.101.075407,Physical Review B,2020,computational study,computational,False,89.47,Good,2,2,0,0,3,5,DFT calculation|Bader charge analysis|Continuum model,DFT|graphene|lithium intercalation|twisted bilayer
Lee_et_al__-_2001_-_Synthesis_and_characterization_of_lithium_aluminum_reactions.json,Synthesis and characterization of lithium aluminum-doped spinel for lithium secondary battery,,,,materials_synthesis,experimental_synthesis,True,82.76,Good,1,2,1,1,0,0,,
Lee_et_al__-_2020_-_Fe_2_CS_2_MXene_a_promising_reactions.json,Fe2CS2 MXene: a promising electrode for Al-ion batteries,10.1039/c9nr08906c,Nanoscale,2020,computational study,computational,False,100.0,Excellent,1,5,0,0,0,0,,MXene|Al-ion battery|DFT|diffusion|capacity
Lee_et_al__-_2020_-_High-energy_long-cycling_all-solid-state_lithium_m_reactions.json,High-energy long-cycling all-solid-state lithium metal batteries enabled by silver–carbon composite anodes,10.1038/s41560-020-0575-z,Nature Energy,2020,research_article,experimental_synthesis,True,84.38,Good,4,16,5,22,5,7,XRD|Raman spectroscopy|EIS|TEM|SEM,all-solid-state battery|sulfide electrolyte|Ag–C composite anode
Lee_et_al__-_2021_-_Understanding_the_Chemical_Composition_with_Doping_reactions.json,"Understanding the Chemical Composition with Doping Aliovalent Ions, Followed by the Electrochemical Behavior for Surface-Modified Ni-Rich NMC Cathode Materials",10.1021/acs.inorgchem.1c02114,Inorganic Chemistry,2021,materials synthesis and electrochemistry,experimental_synthesis,True,99.1,Excellent,3,7,10,10,6,11,XRD|SEM|ICP|XPS|Galvanostatic cycling|EIS,Li-ion battery|Ni-rich NCM|surface modification|sol–gel|aliovalent doping
Lee_et_al__-_2022_-_Dynamic_observation_of_dendrite_growth_on_lithium__reactions.json,Dynamic observation of dendrite growth on lithium metal anode during battery charging/discharging cycles,10.1038/s41524-022-00788-6,npj Computational Materials,2022,computational study,computational,True,80.0,Good,1,3,3,4,3,5,DFT calculation|Mean square displacement analysis|Activation energy calculation,lithium metal anode|dendrite growth|molecular dynamics|electrolyte additive
Lee_et_al__-_2023_-_Anode-less_all-solid-state_batteries_recent_advan_reactions.json,Anode-less all-solid-state batteries: recent advances and future outlook,10.1088/2752-5724/acb3e8,Materials Futures,2023,perspective,perspective,True,92.54,Excellent,2,8,2,3,2,3,Cycling Performance Test|SEM,all-solid-state batteries|anode-less|silver–carbon composite|sulfide solid electrolyte
Leedahl_et_al__-_2014_-_Structural_defects_induced_by_Fe-ion_implantation__reactions.json,Structural defects induced by Fe-ion implantation in TiO2,10.1063/1.4864748,Journal of Applied Physics,2014,materials synthesis and characterization,experimental_synthesis,True,99.06,Excellent,4,8,6,8,7,4,SEM|AFM|XRD|XPS|XANES/EXAFS|RXES|SRIM simulation,TiO2|Fe ion implantation|thin film|pellet|defects
Leggesse_et_al__-_2016_-_Lithium_diffusion_in_graphene_and_graphite_Effect_reactions.json,Lithium diffusion in graphene and graphite: Effect of edge morphology,10.1016/j.carbon.2016.03.016,Carbon,2016,computational study,computational,False,94.12,Excellent,0,1,0,0,0,0,,DFT|graphene|graphite|lithium-ion batteries
Leisegang_et_al__-_2019_-_The_Aluminum-Ion_Battery_A_Sustainable_and_Semina_reactions.json,The Aluminum-Ion Battery: A Sustainable and Seminal Concept?,10.3389/fchem.2019.00268,Frontiers in Chemistry,2019,review article,review,False,100.0,Excellent,0,0,0,0,0,0,,aluminum-ion battery|energy storage|battery review
Leoncini_et_al__-_2017_-_Benzene-centered_tripodal_diglycolamides_synthesi_reactions.json,"Benzene-centered tripodal diglycolamides: synthesis, metal ion extraction, luminescence spectroscopy, and DFT studies",10.1039/c6dt04034a,Dalton Transactions,2017,research article,experimental_synthesis,True,79.65,Good,3,14,5,19,4,5,NMR|FTIR|HRMS (ESI)|Luminescence spectroscopy,diglycolamide|ligand synthesis|solvent extraction|actinides|luminescence|DFT
Li_and_Monroe_-_2019_-_Dendrite_nucleation_in_lithium-conductive_ceramics_reactions.json,Dendrite nucleation in lithium-conductive ceramics,10.1039/c9cp03884a,Physical Chemistry Chemical Physics,2019,research article,experimental_synthesis,True,97.73,Excellent,1,2,1,1,5,30,EIS|EIS|EIS|EIS|EIS,solid-state battery|LLZO|dendrite nucleation|electrochemistry
Li_et_al__-_2012_-_High-rate_lithium_sulfur_batteries_promoted_by_red_reactions.json,High-rate lithium–sulfur batteries promoted by reduced graphene oxide coating,10.1039/c2cc17912a,Chemical Communications,2012,research article,experimental_synthesis,True,94.94,Excellent,2,7,3,7,6,17,XRD|BET|TGA|Galvanostatic cycling|Galvanostatic cycling|Galvanostatic cycling,lithium–sulfur battery|graphene|nanocomposite
Li_et_al__-_2015_-_Solid_Electrolyte_the_Key_for_High-Voltage_Lithiu_reactions.json,Solid Electrolyte: the Key for High-Voltage Lithium Batteries,10.1002/aenm.201401408,Advanced Energy Materials,2015,research article,experimental_synthesis,True,79.41,Good,3,11,6,6,3,4,SEM|EDX/EDS|EIS,solid-state battery|Lipon|LiNi0.5Mn1.5O4|high-voltage cathode
Li_et_al__-_2015_-_Ultrafast_and_Directional_Diffusion_of_Lithium_in__reactions.json,Ultrafast and Directional Diffusion of Lithium in Phosphorene for High-Performance Lithium-Ion Battery,10.1021/nl504336h,Nano Letters,2015,theoretical study,computational,False,88.89,Good,2,3,0,0,4,10,DFT calculation|CI-NEB diffusion barrier calculation|Average voltage calculation|Electronic band structure,DFT|Li-ion battery|phosphorene|diffusion
Li_et_al__-_2018_-_Chemical_Immobilization_Effect_on_Lithium_Polysulf_reactions.json,Chemical Immobilization Effect on Lithium Polysulfides for Lithium–Sulfur Batteries,10.1002/smll.201701986,Small,2018,review,review,True,83.72,Good,1,3,2,2,2,4,DFT calculation|Galvanostatic cycling,lithium–sulfur batteries|polysulfide immobilization|composite cathodes
Li_et_al__-_2018_-_Co-modification_by_LiAlO2-coating_and_Al-doping_fo_reactions.json,Co-modification by LiAlO2-coating and Al-doping for LiNi0.5Co0.2Mn0.3O2 as a high-performance cathode material for lithium-ion batteries with a high cutoff voltage,10.1016/j.jallcom.2018.07.223,Journal of Alloys and Compounds,2018,research article,experimental_synthesis,True,82.02,Good,2,7,7,8,4,8,XRD|TEM|SEM|EDX/EDS,lithium-ion battery|cathode material|surface coating|doping
Li_et_al__-_2020_-_Progress_and_perspectives_on_halide_lithium_conduc_reactions.json,Progress and perspectives on halide lithium conductors for all-solid-state lithium batteries,10.1039/c9ee03828k,Energy & Environmental Science,2020,review,review,True,98.0,Excellent,2,3,2,2,3,3,TGA|XRD|EIS,solid-state electrolyte|halide|lithium battery
Li_et_al__-_2021_-_Electrochemical_Intercalation_in_Atomically_Thin_v_reactions.json,Electrochemical Intercalation in Atomically Thin van der Waals Materials for Structural Phase Transition and Device Applications,10.1002/adma.202000581,Advanced Materials,2021,review,review,False,100.0,Excellent,0,0,0,0,0,0,,electrochemical intercalation|2D materials|van der Waals|device applications
Li_et_al__-_2021_-_Intrinsic_voltage_plateau_of_a_Nb2CTx_MXene_cathod_reactions.json,Intrinsic voltage plateau of a Nb2CTx MXene cathode in an aqueous electrolyte induced by high-voltage scanning,10.1016/j.joule.2021.09.006,Joule,2021,research article,experimental_synthesis,True,95.56,Excellent,2,9,3,3,7,9,SEM|TEM|XRD|EDX/EDS|XPS|Cyclic voltammetry|Galvanostatic charge–discharge,MXene|aqueous zinc battery|high-voltage scanning
Li_et_al__-_2021_-_Solid-State_Electrolytes_for_Sodium_Metal_Batterie_reactions.json,Solid-State Electrolytes for Sodium Metal Batteries,10.1021/acs.energyfuels.1c00347,Energy & Fuels,2021,review,review,True,94.12,Excellent,4,7,4,6,4,6,EIS|EIS|EIS|EIS,solid-state electrolyte|sodium batteries|ionic conductivity
Li_et_al__-_2022_-_NaSICON_A_promising_solid_electrolyte_for_solid_s_reactions.json,NaSICON: A promising solid electrolyte for solid ‐state sodium batteries,10.1002/idm2.12044,Interdisciplinary Materials,2022,review article,review,True,98.55,Excellent,3,4,4,8,4,5,EIS|EIS|EIS|Symmetric cell plating/stripping,solid electrolyte|NaSICON|sodium batteries|ionic conductivity
Li_et_al__-_2023_-_Addressing_cation_mixing_in_layered_structured_cat_reactions.json,Addressing cation mixing in layered structured cathodes for lithium-ion batteries: A critical review,10.1016/j.nanoms.2022.09.001,Nano Materials Science,2023,review article,review,True,95.83,Excellent,3,2,3,3,1,2,XRD,cation mixing|layered oxide cathodes|lithium-ion batteries
Li_et_al__-_2023_-_One_step_in-situ_synthesis_of_Na3V2_PO4_3Na3V3_PO_reactions.json,One step in-situ synthesis of Na3V2(PO4)3/Na3V3(PO4)4 biphase coexisted cathode with high energy density by inducing of polyvinylpyrrolidone for sodium ion batteries,10.1016/j.jpowsour.2023.232802,Journal of Power Sources,2023,research article,experimental_synthesis,True,79.41,Good,1,4,2,2,9,15,XRD|NMR|SEM|TEM|TGA|Raman spectroscopy|XPS|BET|EIS,sodium-ion batteries|cathode|sol-gel synthesis|polyvinylpyrrolidone
Li_et_al__-_2024_-_Constructing_static_two-electron_lithium-bromide_b_reactions.json,Constructing static two-electron lithium-bromide battery,10.1126/sciadv.adl0587,Science Advances,2024,research article,experimental_synthesis,True,74.44,Acceptable,2,10,2,7,7,11,SEM|TGA|Cyclic voltammetry|Galvanostatic cycling|EIS|XPS|Raman spectroscopy,lithium-bromide battery|two-electron redox|TBABr3 cathode|electrolyte tailoring
Lim_et_al__-_2012_-_Electrochemical_and_Thermal_Properties_of_NASICON__reactions.json,Electrochemical and Thermal Properties of NASICON Structured Na3V2(PO4)3 as a Sodium Rechargeable Battery Cathode: A Combined Experimental and Theoretical Study,10.1149/2.015209jes,Journal of The Electrochemical Society,2012,research-article,experimental_synthesis,True,94.59,Excellent,1,12,7,7,6,15,XRD|SEM|FT-IR|TGA|XRD|Galvanostatic cycling,sodium ion batteries|NASICON|cathode material|sol-gel synthesis
Lim_et_al__-_2016_-_Fading_Kalman_filter-based_real-time_state_of_char_reactions.json,Fading Kalman filter-based real-time state of charge estimation in LiFePO4 battery-powered electric vehicles,10.1016/j.apenergy.2016.01.096,Applied Energy,2016,battery characterization/performance study,characterization_study,False,90.91,Excellent,1,1,0,0,4,6,Pulse discharge test|UDDS driving cycle test|Real vehicle driving cycle test|Genetic algorithm optimization,LiFePO4|state of charge|battery management|Kalman filter
Lin_et_al__-_2016_-_Layered_reduced_graphene_oxide_with_nanoscale_inte_reactions.json,Layered reduced graphene oxide with nanoscale interlayer gaps as a stable host for lithium metal anodes,10.1038/NNANO.2016.32,Nature Nanotechnology,2016,research-article,experimental_synthesis,True,90.14,Excellent,2,2,6,8,6,7,SEM|BET|FTIR|XPS|TEM|EELS,lithium metal anode|reduced graphene oxide|nanocomposite
Lin_et_al__-_2017_-_Reviving_the_lithium_metal_anode_for_high-energy_b_reactions.json,Reviving the lithium metal anode for high-energy batteries,10.1038/NNANO.2017.16,Nature Nanotechnology,2017,review article,review,True,99.06,Excellent,6,9,6,6,3,4,SEM|SEM|SEM,lithium metal anode|electrolyte additives|solid electrolyte interphase
Ling_-_2022_-_A_review_of_the_recent_progress_in_battery_informa_reactions.json,A review of the recent progress in battery informatics,https://doi.org/10.1038/s41524-022-00713-x,npj Computational Materials,2022,review article,review,False,100.0,Excellent,0,0,0,0,0,0,,battery informatics|machine learning|materials science
Liu_et_al__-_2014_-_First-Principles_Studies_of_Li_Nucleation_on_Graph_reactions.json,First-Principles Studies of Li Nucleation on Graphene,10.1021/jz500199d,The Journal of Physical Chemistry Letters,2014,computational study,computational,False,94.12,Excellent,1,2,0,0,3,3,DFT calculation|DFT calculation|GW,DFT|Li-ion battery|graphene|lithium nucleation
Liu_et_al__-_2016_-_Recent_progress_in_sulfide-based_solid_electrolyte_reactions.json,Recent progress in sulfide-based solid electrolytes for Li-ion batteries,10.1016/j.mseb.2016.03.005,Materials Science and Engineering B,2016,review,review,True,89.52,Good,7,5,5,7,8,8,XRD|Raman spectroscopy|SEM|EIS|EIS|EIS|Cyclic voltammetry|EIS,solid electrolyte|lithium battery|sulfide glass|glass-ceramic
Liu_et_al__-_2017_-_Enhancing_ionic_conductivity_in_composite_polymer__reactions.json,Enhancing ionic conductivity in composite polymer electrolytes with well-aligned ceramic nanowires,10.1038/nenergy.2017.35,Nature Energy,2017,research article,experimental_synthesis,True,90.38,Excellent,2,10,7,9,5,9,EIS|Hebb–Wagner polarization|Transference number measurement|Arrhenius analysis|TEM,solid polymer electrolyte|ceramic nanowires|ionic conductivity
Liu_et_al__-_2018_-_Approaching_the_capacity_limit_of_lithium_cobalt_o_reactions.json,Approaching the capacity limit of lithium cobalt oxide in lithium ion batteries via lanthanum and aluminium doping,10.1038/s41560-018-0180-6,Nature Energy,2018,research-article,experimental_synthesis,True,80.95,Good,3,8,3,3,5,7,XRD|TEM|ICP|SEM|GITT,lithium-ion battery|cathode|doping|LiCoO2|lanthanum|aluminium
Liu_et_al__-_2019_-_A_new_strategy_to_prepare_GeGeO2-reduced_graphene_reactions.json,A new strategy to prepare Ge/GeO2-reduced graphene oxide microcubes for high-performance lithium-ion batteries,10.1016/j.electacta.2019.06.076,Electrochimica Acta,2019,research article,experimental_synthesis,True,99.13,Excellent,1,17,3,15,6,8,XRD|Raman spectroscopy|TGA|BET|BJH pore size distribution|SEM,lithium-ion batteries|anode materials|germanium|graphene oxide
Liu_et_al__-_2019_-_Multi-ion_strategies_towards_emerging_rechargeable_reactions.json,Multi-ion strategies towards emerging rechargeable batteries with high performance,https://doi.org/10.1016/j.ensm.2019.03.028,Energy Storage Materials,2019,review,review,False,100.0,Excellent,0,0,0,0,0,0,,
Liu_et_al__-_2019_-_Recycling_of_spent_lithium-ion_batteries_in_view_o_reactions.json,Recycling of spent lithium-ion batteries in view of lithium recovery: A critical review,10.1016/j.jclepro.2019.04.304,Journal of Cleaner Production,2019,review,review,True,98.46,Excellent,1,5,7,8,0,0,,battery recycling|lithium recovery
Liu_et_al__-_2019_-_Ti_2_PTe_2_monolayer_a_prom_reactions.json,Ti2PTe2 monolayer: a promising two-dimensional anode material for sodium-ion batteries,10.1039/c9ra01686d,RSC Advances,2019,computational study,computational,True,97.92,Excellent,1,3,1,1,5,12,DFT calculation|Phonon dispersion (DFPT)|DFT calculation|CI-NEB|Bader charge analysis,DFT|sodium-ion batteries|two-dimensional materials|anode
Liu_et_al__-_2020_-_Machine_learning_assisted_materials_design_and_dis_reactions.json,Machine learning assisted materials design and discovery for rechargeable batteries,10.1016/j.ensm.2020.06.033,Energy Storage Materials,2020,review article,review,False,100.0,Excellent,0,0,0,0,0,0,,machine learning|rechargeable batteries|materials informatics
Liu_et_al__-_2020_-_Reversible_Crosslinked_Polymer_Binder_for_Recyclab_reactions.json,Reversible Crosslinked Polymer Binder for Recyclable Lithium Sulfur Batteries with High Performance,10.1002/adfm.202003605,Advanced Functional Materials,2020,polymer_synthesis_and_battery_application,experimental_synthesis,True,98.26,Excellent,1,12,5,9,10,16,FTIR|Swelling Ratio|SEM|Peeling Test|Cyclic voltammetry|Galvanostatic cycling|TGA|XANES/EXAFS|In situ UV–vis|XPS,Li–S battery|polymer binder|recycling|crosslinking|ionic interaction
Liu_et_al__-_2021_-_Current_and_future_lithium-ion_battery_manufacturi_reactions.json,Current and future lithium-ion battery manufacturing,10.1016/j.isci.2021.102332,iScience,2021,perspective,perspective,True,98.96,Excellent,1,10,9,10,1,1,Galvanostatic cycling,lithium-ion batteries|manufacturing process|cost analysis
Liu_et_al__-_2021_-_Feature_Analyses_and_Modeling_of_Lithium-Ion_Batte_reactions.json,Feature Analyses and Modeling of Lithium-Ion Battery Manufacturing Based on Random Forest Classification,10.1109/TMECH.2020.3049046,IEEE/ASME Transactions on Mechatronics,2021,research article,experimental_synthesis,True,80.95,Good,1,4,6,6,2,0,Mass load measurement|Porosity measurement,lithium-ion battery|manufacturing|random forest|feature analysis
Liu_et_al__-_2021_-_Impedance_Modeling_of_Solid-State_Electrolytes_In_reactions.json,Impedance Modeling of Solid-State Electrolytes: Influence of the Contacted Space Charge Layer,10.1021/acsami.0c22986,ACS Applied Materials & Interfaces,2021,research article,experimental_synthesis,True,97.22,Excellent,1,3,1,1,1,3,EIS,solid-state electrolyte|impedance spectroscopy|LiPON
Liu_et_al__-_2021_-_In_situ_formation_of_a_Li_3_N-ri_reactions.json,In situ formation of a Li3N-rich interface between lithium and argyrodite solid electrolyte enabled by nitrogen doping,10.1039/d1ta03343c,Journal of Materials Chemistry A,2021,research-article,experimental_synthesis,True,76.34,Good,3,7,4,6,8,10,XRD|Raman spectroscopy|SEM|EIS|Galvanostatic cycling|Cyclic voltammetry|Galvanostatic cycling|XPS,solid electrolyte|argyrodite|nitrogen doping|Li metal batteries
Liu_et_al__-_2021_-_Understanding_Co_roles_towards_developing_Co-free__reactions.json,Understanding Co roles towards developing Co-free Ni-rich cathodes for rechargeable batteries,10.1038/s41560-021-00776-y,Nature Energy,2021,research article,experimental_synthesis,True,78.91,Good,9,11,5,12,5,0,XRD|TEM|XANES/EXAFS|DSC|Differential Electrochemical Mass Spectrometry (DEMS),Ni-rich cathodes|Co-free cathodes|Li-ion batteries
Liu_et_al__-_2022_-_Development_of_quasi-solid-state_anode-free_high-e_reactions.json,Development of quasi-solid-state anode-free high-energy lithium sulfide-based batteries,10.1038/s41467-022-32031-7,Nature Communications,2022,materials synthesis and electrochemistry,experimental_synthesis,True,96.49,Excellent,3,10,7,12,7,7,SEM|XRD|XPS|Ionic conductivity measurement|Ionic conductivity measurement|Li-ion transference number|Mechanical tensile test,Li2S cathode|MXene|quasi-solid-state electrolyte|anode-free battery
Liu_et_al__-_2022_-_Mechanisms_of_Ionic_Diffusion_and_Stability_of_the_reactions.json,Mechanisms of Ionic Diffusion and Stability of the Na4MnCr(PO4)3 Cathode,10.1021/acsmaterialslett.2c00194,ACS Materials Letters,2022,computational study,computational,False,91.89,Excellent,1,2,0,0,4,7,DFT calculation|PDOS analysis|CI-NEB|DFT calculation,DFT|AIMD|Na-ion batteries|cathode material
Liu_et_al__-_2022_-_Unlocking_the_Failure_Mechanism_of_Solid_State_Lit_reactions.json,Unlocking the Failure Mechanism of Solid State Lithium Metal Batteries,10.1002/aenm.202100748,Advanced Energy Materials,2021,review,review,False,97.14,Excellent,3,1,0,0,2,2,Ionic conductivity measurement|EIS,solid-state electrolyte|lithium metal batteries|failure mechanism
Logan_and_Dahn_-_2020_-_Electrolyte_Design_for_Fast-Charging_Li-Ion_Batter_reactions.json,Electrolyte Design for Fast-Charging Li-Ion Batteries,10.1016/j.trechm.2020.01.011,Trends in Chemistry,2020,review,review,True,80.28,Good,3,7,3,6,2,2,Galvanostatic cycling|Performance comparison,electrolytes|fast charging|Li-ion batteries
Logan_et_al__-_2020_-_Performance_and_Degradation_of_LiFePO_4_reactions.json,Performance and Degradation of LiFePO4/Graphite Cells: The Impact of Water Contamination and an Evaluation of Common Electrolyte Additives,10.1149/1945-7111/abbbbe,Journal of The Electrochemical Society,2020,electrochemistry,characterization_study,True,79.81,Good,2,11,6,10,5,5,Karl Fischer coulometric titration|EIS|DSC|TGA|Micro X-ray Fluorescence (μXRF),Li-ion battery|electrolyte additives|water contamination|LiFePO4|graphite
Lombardo_et_al__-_2022_-_Artificial_Intelligence_Applied_to_Battery_Researc_reactions.json,Artificial Intelligence Applied to Battery Research: Hype or Reality?,10.1021/acs.chemrev.1c00108,Chemical Reviews,2022,review,review,False,100.0,Excellent,0,0,0,0,0,0,,battery|machine learning|artificial intelligence
Lon_ari__et_al__-_2018_-_Strong_two-dimensional_plasmon_in_Li-intercalated__reactions.json,Strong two-dimensional plasmon in Li-intercalated hexagonal boron-nitride film with low damping,10.1038/s41699-018-0078-y,npj 2D Materials and Applications,2018,computational study,computational,False,85.71,Good,1,2,0,0,1,2,DFT calculation,plasmonics|2D materials|DFT
Lotsch_and_Maier_-_2017_-_Relevance_of_solid_electrolytes_for_lithium-based__reactions.json,Relevance of solid electrolytes for lithium-based batteries: A realistic view,10.1007/s10832-017-0091-0,Journal of Electroceramics,2017,review article,review,False,97.3,Excellent,3,0,0,0,4,4,EIS|EIS|EIS|Activation energy determination (Arrhenius),solid electrolyte|lithium battery|ionic conductivity
Lou_et_al__-_2020_-_Insights_into_interfacial_effect_and_local_lithium_reactions.json,Insights into interfacial effect and local lithium-ion transport in polycrystalline cathodes of solid-state batteries,10.1038/s41467-020-19528-9,Nature Communications,2020,battery research,experimental_synthesis,True,82.41,Good,2,10,5,10,9,9,SEM|Cyclic voltammetry|EIS|GITT|XANES/EXAFS|XRD|XANES/EXAFS|XANES/EXAFS|Nanotomography (TXM),solid polymer electrolyte|NCM cathode|solid-state battery
Lou_et_al__-_2021_-_Interface_Issues_and_Challenges_in_All_Solid_State_reactions.json,"Interface Issues and Challenges in All-Solid-State Batteries: Lithium, Sodium, and Beyond",10.1002/adma.202000721,Advanced Materials,2021,review,review,False,96.3,Excellent,0,2,0,0,2,2,Ionic conductivity measurement|Ionic conductivity measurement,solid-state batteries|interfaces|electrolytes
Lu_et_al__-_2015_-_Defect_chemistry_and_lithium_transport_in_Li__reactions.json,Defect chemistry and lithium transport in Li3OCl anti-perovskite superionic conductors,10.1039/c5cp05722a,Physical Chemistry Chemical Physics,2015,computational study,computational,False,93.62,Excellent,4,3,0,0,2,11,DFT calculation|DFT calculation,solid electrolyte|lithium transport|anti-perovskite|DFT|molecular dynamics
Lu_et_al__-_2016_-_Free-Standing_Copper_Nanowire_Network_Current_Coll_reactions.json,Free-Standing Copper Nanowire Network Current Collector for Improving Lithium Anode Performance,10.1021/acs.nanolett.6b01581,Nano Letters,2016,materials synthesis and electrochemistry study,experimental_synthesis,True,97.2,Excellent,2,13,4,5,6,8,XRD|XPS|SEM|Electrical resistance measurement|Galvanostatic cycling|EIS,Cu nanowire|current collector|lithium metal anode|dendrite suppression
Lung-Hao_Hu_et_al__-_2013_-_Graphene-modified_LiFePO4_cathode_for_lithium_ion__reactions.json,Graphene-modified LiFePO4 cathode for lithium ion battery beyond theoretical capacity,10.1038/ncomms2705,Nature Communications,2013,research-article,experimental_synthesis,True,89.08,Good,2,14,6,11,6,13,AFM|Raman spectroscopy|XPS|SEM|TEM|Cyclic voltammetry,lithium-ion battery|graphene|LiFePO4|cathode|electrochemical exfoliation
Luo_et_al__-_2022_-_Nickel-rich_and_cobalt-free_layered_oxide_cathode__reactions.json,Nickel-rich and cobalt-free layered oxide cathode materials for lithium ion batteries,10.1016/j.ensm.2022.05.019,Energy Storage Materials,2022,review,review,True,77.78,Good,3,3,2,7,3,5,electrochemical testing|electrochemical testing|electrochemical testing,nickel-rich cathode|cobalt-free|lithium-ion battery
Luo_et_al__-_2023_-_A_Li-rich_layered_oxide_cathode_with_negligible_vo_reactions.json,A Li-rich layered oxide cathode with negligible voltage decay,10.1038/s41560-023-01289-6,Nature Energy,2023,research-article,experimental_synthesis,True,80.51,Good,1,14,6,11,7,6,XRD|TEM|Galvanostatic cycling|Galvanostatic cycling|Galvanostatic cycling|XRD|In-situ DEMS,lithium-ion batteries|Li-rich layered oxide|cathode material|voltage decay
Luo_et_al__-_A_chemically_stabilized_sulfur_cathode_for_lean_el_reactions.json,A chemically stabilized sulfur cathode for lean electrolyte lithium sulfur batteries,10.1073/pnas.2006301117,Proceedings of the National Academy of Sciences,2020,research article,experimental_synthesis,True,75.56,Good,3,7,4,5,7,5,XRD|Raman spectroscopy|FTIR|XPS|SEM|TEM|TGA,lithium–sulfur batteries|sulfur cathode|carbon–sulfur composite|lean electrolyte
Lutz_and_Pfitzner_-_Fast_ionic_conductivity_of_ternary_iodides_in_the__reactions.json,"Fast ionic conductivity of ternary iodides in the systems LiI–M II I2 (M II  = Mn, Cd, Pb)",,Solid State Ionics,1993,research-article,experimental_synthesis,True,98.73,Excellent,4,7,4,9,2,14,XRD|EIS,ionic conductivity|ternary iodides|solid electrolyte
Lutz_et_al__-_Ionic_Conductivity__Structural__IR_and_Raman_Spect_reactions.json,"Ionic Conductivity, Structural, IR and Raman Spectroscopic Data of Olivine, Sr2 PbO4, and Na2 CuF4  Type Lithium and Sodium Chlorides  Li2 ZnCl4  and Na2 M Cl4  (M  =  Mg, Ti, Cr, Mn, Co, Zn, Cd)",,Zeitschrift für Naturforschung B,1987,inorganic_solid_state_synthesis,experimental_synthesis,True,98.83,Excellent,8,19,8,11,6,8,X-ray Guinier powder diffraction|TEM|Differential Thermal Analysis (DTA)|EIS|FTIR|Raman spectroscopy,ternary chlorides|ionic conductivity|olivine type|Sr2PbO4 type|Na2CuF4 type
Lv_et_al__-_2022_-_Two-dimensional_V2C_Se__MXene__composite_cathode_m_reactions.json,Two-dimensional V2C@Se (MXene) composite cathode material for high-performance rechargeable aluminum batteries,10.1016/j.ensm.2022.01.019,Energy Storage Materials,2022,research article,experimental_synthesis,True,98.33,Excellent,2,4,2,2,5,11,BET|XRD|TEM|Electrochemical discharge test|Cyclic voltammetry,MXene|aluminum battery|cathode|V2C|selenium composite
M_hle_et_al__-_2004_-_New_Insights_into_the_Structural_and_Dynamical_Fea_reactions.json,"New Insights into the Structural and Dynamical Features of Lithium Hexaoxometalates Li7MO6 (M = Nb, Ta, Sb, Bi)",10.1021/ic030208w,Inorganic Chemistry,2004,inorganic_synthesis_and_characterization,experimental_synthesis,True,99.31,Excellent,8,12,9,17,5,10,XRD|XRD|EIS|NMR|DSC,lithium hexaoxometalates|ionic conductivity|solid-state reaction
Ma_and_Tietz_-_2020_-_Solid_State_Electrolyte_Materials_for_Sodium_Batte_reactions.json,Solid-State Electrolyte Materials for Sodium Batteries: Towards Practical Applications,10.1002/celc.202000164,ChemElectroChem,2020,review,review,False,100.0,Excellent,0,6,0,0,1,3,EIS,solid-state electrolyte|sodium batteries|conductivity
Ma_and_Xu_-_2022_-_Enhanced_critical_current_density_of_Garnet_Li7La3_reactions.json,Enhanced critical current density of Garnet Li7La3Zr2O12 solid electrolyte by incorporation of LiBr,10.1016/j.electacta.2022.139986,Electrochimica Acta,2022,research-article,experimental_synthesis,True,75.61,Good,2,17,4,7,6,8,XRD|Raman spectroscopy|EIS|SEM|CCD measurement (galvanostatic)|Battery cycling,solid-state electrolyte|LLZO|LiBr doping|critical current density
Ma_et_al__-_2018_-_Progress_and_prospect_on_failure_mechanisms_of_sol_reactions.json,Progress and prospect on failure mechanisms of solid-state lithium batteries,https://doi.org/10.1016/j.jpowsour.2018.04.055,Journal of Power Sources,2018,review article,review,False,100.0,Excellent,0,0,0,0,0,0,,solid-state lithium batteries|failure mechanisms|interfaces|electrochemistry
Ma_et_al__-_2018_-_Recent_achievements_on_sulfide-type_solid_electrol_reactions.json,Recent achievements on sulfide-type solid electrolytes: crystal structures and electrochemical performance,10.1007/s10853-017-1827-6,Journal of Materials Science,2018,review article,review,True,99.09,Excellent,9,5,5,5,7,7,EIS|EIS|EIS|Cyclic voltammetry|Cyclic voltammetry|EIS|EIS,solid electrolyte|sulfide|lithium battery
Ma_et_al__-_2019_-_Prevention_of_dendrite_growth_and_volume_expansion_reactions.json,Prevention of dendrite growth and volume expansion to give high-performance aprotic bimetallic Li-Na alloy–O2 batteries,10.1038/s41557-018-0166-9,Nature Chemistry,2019,research article,experimental_synthesis,True,96.74,Excellent,2,9,5,5,5,8,XRD|SEM|EIS|Cyclic voltammetry|ICP,Li-Na alloy|Oxygen battery|dendrite suppression|SEI|electrolyte additive
Ma_et_al__-_2021_-_Two-dimensional_materials_as_a_stabilized_interpha_reactions.json,Two-dimensional materials as a stabilized interphase for the solid-state electrolyte Li10GeP2S12 in lithium metal batteries,10.1039/d0ta07589b,Journal of Materials Chemistry A,2021,research-article,computational,False,97.73,Excellent,0,4,0,0,5,10,DFT calculation|DFT calculation|CI-NEB|CI-NEB|Layer-resolved PDOS,solid-state electrolyte|Li10GeP2S12|DFT|2D materials|SEI|lithium metal batteries
Ma_et_al__-_2023_-_Shaping_a_Soft_Future_Patterning_Liquid_Metals_reactions.json,Shaping  a Soft Future: Patterning Liquid Metals,10.1002/adma.202205196,,2022,review,review,False,100.0,Excellent,0,3,0,0,0,0,,liquid metal|patterning|gallium alloys|stretchable electronics
Maekawa_et_al__-_2008_-_Enhanced_lithium_ion_conduction_and_the_size_effec_reactions.json,Enhanced lithium ion conduction and the size effect on interfacial phase in Li2ZnI4–mesoporous alumina composite electrolyte,10.1016/j.ssi.2007.10.018,Solid State Ionics,2008,research-article,experimental_synthesis,True,94.05,Excellent,4,6,4,12,5,11,BET|XRD|NMR|NMR|EIS,ionic conductor composite|lithium ion conductivity|mesoporous alumina
Maeng_et_al__-_2020_-_Enhanced_mechanical_strength_and_electrochemical_p_reactions.json,Enhanced mechanical strength and electrochemical performance of core–shell structured high–nickel cathode material,10.1016/j.jpowsour.2019.227395,Journal of Power Sources,2020,materials synthesis,experimental_synthesis,True,95.5,Excellent,5,9,6,8,6,13,SEM|EDX/EDS|ICP|Nanoindentation|Galvanostatic cycling|DSC,lithium-ion battery|cathode|core-shell|NMC811|high-nickel
Maier_-_1995_-_Ionic_conduction_in_space_charge_regions_reactions.json,IONIC CONDUCTION IN SPACE CHARGE REGIONS,,Progress in Solid State Chemistry,1995,review,review,False,100.0,Excellent,2,8,0,0,3,4,SEM|Contact angle measurement|EIS,ionic conduction|space charge|composite electrolytes|heterogeneous doping|grain boundaries
Malik_et_al__-_2010_-_Particle_Size_Dependence_of_the_Ionic_Diffusivity_reactions.json,Particle Size Dependence of the Ionic Diffusivity,10.1021/nl1023595,Nano Letters,2010,research-article,computational,False,97.92,Excellent,1,4,0,0,5,7,DFT calculation|DFT calculation|Computational diffusion calculation|Experimental chemical diffusivity (literature)|Computed vacancy self-diffusion,batteries|diffusion|nano|ab initio|LiFePO4
Manthiram_-_2020_-_A_reflection_on_lithium-ion_battery_cathode_chemis_reactions.json,A reflection on lithium-ion battery cathode chemistry,10.1038/s41467-020-15355-0,Nature Communications,2020,review article,review,False,98.25,Excellent,4,4,0,0,4,5,electrochemical testing|electrochemical testing|electrochemical testing|electrochemical testing,lithium-ion batteries|cathode chemistry
Manthiram_et_al__-_2013_-_Challenges_and_Prospects_of_Lithium_Sulfur_Batteri_reactions.json,Challenges and Prospects of Lithium–Sulfur Batteries,10.1021/ar300179v,Accounts of Chemical Research,2013,review article,review,True,97.5,Excellent,1,2,3,3,1,1,Electrochemical discharge capacity test,lithium-sulfur batteries|sulfur-carbon composites|battery cathodes
Manthiram_et_al__-_2017_-_Lithium_battery_chemistries_enabled_by_solid-state_reactions.json,Lithium battery chemistries enabled by solid-state electrolytes,10.1038/natrevmats.2016.103,Nature Reviews Materials,2017,review article,review,False,100.0,Excellent,0,0,0,0,0,0,,solid-state electrolytes|lithium batteries|energy storage
Marchiori_et_al__-_2020_-_Understanding_the_Electrochemical_Stability_Window_reactions.json,Understanding the Electrochemical Stability Window of Polymer Electrolytes in Solid-State Batteries from Atomic-Scale Modeling: The Role of Li-Ion Salts,10.1021/acs.chemmater.0c01489,Chemistry of Materials,2020,computational study,computational,False,78.33,Good,0,11,0,0,1,0,DFT calculation,DFT|polymer electrolytes|electrochemical stability window
Marcolongo_and_Marzari_-_2017_-_Ionic_correlations_and_failure_of_Nernst-Einstein__reactions.json,Ionic correlations and failure of Nernst-Einstein relation in solid-state electrolytes,10.1103/PhysRevMaterials.1.025402,Physical Review Materials,2017,computational study,computational,False,86.11,Good,1,4,0,0,1,4,DFT calculation,solid-state electrolyte|Li10GeP2S12|ionic conductivity|first-principles molecular dynamics
Marcolongo_et_al__-_2020_-_Simulating_Diffusion_Properties_of_Solid_State_Ele_reactions.json,Simulating Diffusion Properties of Solid-State Electrolytes via a Neural Network Potential: Performance and Training Scheme,10.1002/syst.201900031,ChemSystemsChem,2020,research article,computational,False,100.0,Excellent,3,3,0,0,3,3,DFT calculation|DFT calculation|DFT calculation,solid-state electrolytes|machine learning potential|diffusion coefficient|activation energy|molecular dynamics
Marques_et_al__-_2019_-_Comparative_life_cycle_assessment_of_lithium-ion_b_reactions.json,Comparative life cycle assessment of lithium-ion batteries for electric vehicles addressing capacity fade,10.1016/j.jclepro.2019.05.026,Journal of Cleaner Production,2019,research article,experimental_synthesis,True,97.22,Excellent,2,2,1,4,1,2,Capacity fade modelling,life cycle assessment|lithium-ion batteries|LiMn2O4|LiFePO4
Mei_et_al__-_2023_-_Unconventional_solid-state_electrolytes_for_lithiu_reactions.json,Unconventional solid-state electrolytes for lithium-based batteries: Recent advances and challenges,10.1016/j.jpowsour.2022.232257,Journal of Power Sources,2023,review,review,True,98.57,Excellent,2,5,5,5,3,4,EIS|Cyclic voltammetry|EIS,solid-state electrolyte|halide|Li3InCl6|Li2ZrCl6
Meng_et_al__-_2017_-_Theoretical_prediction_of_MXene-like_structured_Ti_reactions.json,Theoretical prediction of MXene-like structured Ti3C4 as a high capacity electrode material for Na ion batteries,10.1039/c7cp06171d,Physical Chemistry Chemical Physics,2017,computational study,computational,True,80.0,Good,1,3,1,1,4,11,Phonon dispersion (DFPT)|DFT calculation|CI-NEB diffusion barrier calculation|DFT calculation,MXene|DFT|Na-ion battery|Ti3C4|electrode material
Minato_and_Abe_-_2017_-_Surface_and_interface_sciences_of_Li-ion_batteries_reactions.json,Surface and interface sciences of Li-ion batteries -Research progress in electrode –electrolyte interface-,10.1016/j.progsurf.2017.10.001,Progress in Surface Science,2017,review article,review,True,80.77,Good,3,8,3,3,3,7,SEM|Neutron Reflectivity|AFM,Li-ion battery|interface|surface science
Mo_et_al__-_2012_-_First_Principles_Study_of_the_Li_10_GeP_reactions.json,First Principles Study of the Li10GeP2S12 Lithium Super Ionic Conductor Material,10.1021/cm203303y,Chemistry of Materials,2012,computational study,computational,False,89.66,Good,1,8,0,0,3,8,DFT calculation|Density of States (HSE06)|DFT calculation,solid electrolyte|first principles|ionic conductivity
Mo_et_al__-_2019_-_Inside_or_Outside_Origin_of_Lithium_Dendrite_Form_reactions.json,Inside or Outside: Origin of Lithium Dendrite Formation of All Solid-State Electrolytes,10.1002/aenm.201902123,Advanced Energy Materials,2019,materials_synthesis,experimental_synthesis,True,96.55,Excellent,2,8,4,5,6,9,XRD|FTIR|EIS|Galvanostatic cycling|SEM|Cyclic voltammetry,solid-state electrolyte|lithium dendrite|LiBH4|LiF|ball milling
Moon_et_al__-_2021_-_The_correlation_between_particle_hardness_and_cycl_reactions.json,The correlation between particle hardness and cycle performance of layered cathode materials for lithium-ion batteries,10.1016/j.jpowsour.2020.229359,Journal of Power Sources,2021,materials_synthesis,experimental_synthesis,True,99.1,Excellent,2,14,4,6,6,10,XRD|ICP|SEM|Micro-compression tester|Galvanostatic cycling|Galvanostatic cycling,cathode|lithium-ion battery|Mg doping|NCM622
Moradabadi_and_Kaghazchi_-_2019_-_Defect_chemistry_in_cubic_Li6_25Al0_25La3Zr2O12_so_reactions.json,Defect chemistry in cubic Li 6.25Al0.25La3Zr2O12 solid electrolyte: A density functional theory study,10.1016/j.ssi.2019.04.023,Solid State Ionics,2019,computational study,computational,False,80.0,Good,2,0,0,0,3,3,DFT calculation|DFT calculation|DFT calculation,DFT|solid electrolyte|defect chemistry|garnet-type LLZO
Moradabadi_and_Kaghazchi_-_2020_-_Effect_of_lattice_and_dopant_induced_strain_on_the_reactions.json,Effect of lattice and dopant–induced strain on the conductivity of solid electrolytes: application of the elastic dipole method,10.1016/j.mtla.2020.100607,Materialia,2020,computational study,computational,False,88.57,Good,4,0,0,0,2,3,DFT calculation|DFT calculation,solid electrolyte|elastic dipole method|DFT|AIMD|Li-ion conductivity
Mu_et_al__-_2019_-_Dopant_Distribution_in_Co-Free_High-Energy_Layered_reactions.json,Dopant Distribution in Co-Free High-Energy Layered Cathode Materials,10.1021/acs.chemmater.9b03603,Chemistry of Materials,2019,materials synthesis and electrochemistry,experimental_synthesis,True,79.23,Good,2,14,8,13,7,9,XRD|BET|Neutron diffraction|XANES/EXAFS|EELS|X-ray fluorescence microscopy|DSC,LiNiO2|dual-doping|battery cathode|Mg/Ti doping|Co-free cathode
Mu_oz-Torrero_et_al__-_2019_-_A_critical_perspective_on_rechargeable_Al-ion_batt_reactions.json,A critical perspective on rechargeable Al-ion battery technology,10.1039/c9dt02132a,Dalton Transactions,2019,frontier article / perspective,perspective,False,98.36,Excellent,0,12,0,0,0,0,,Al-ion battery|electrochemistry|energy storage
Mukherjee_et_al__-_2018_-_Beyond_Graphene_Anode_Materials_for_Emerging_Metal_reactions.json,Beyond Graphene Anode Materials for Emerging Metal Ion Batteries and Supercapacitors,10.1007/s40820-018-0224-2,Nano-Micro Letters,2018,review article,review,False,100.0,Excellent,0,0,0,0,0,0,,2D materials|Anodes|Supercapacitors
Mukhopadhyay_et_al__-_2015_-_Structure_and_Stoichiometry_in_Supervalent_Doped_L_reactions.json,Structure and Stoichiometry in Supervalent Doped Li7La3Zr2O12,10.1021/acs.chemmater.5b00362,Chemistry of Materials,2015,research article,experimental_synthesis,True,82.35,Good,4,8,8,8,3,11,Neutron diffraction|XRD|Raman spectroscopy,solid electrolyte|garnet|Li7La3Zr2O12|Ta doping|Al doping
Mulliner_et_al__-_2015_-_Diffusion_in_Li_2_O_studied_by_non-equi_reactions.json,Diffusion in Li2O studied by non-equilibrium molecular dynamics for 873 < T / K < 1603,10.1039/c5cp02628h,Physical Chemistry Chemical Physics,2015,computational study,computational,False,100.0,Excellent,1,1,0,0,4,4,DFT calculation|DFT calculation|DFT calculation|Experimental measurement (Oishi et al.),diffusion|Li2O|molecular dynamics|superionic conductor
Murata_et_al__-_2000_-_An_overview_of_the_research_and_development_of_sol_reactions.json,An overview of the research and development of solid polymer electrolyte batteries,,Electrochimica Acta,2000,review article,review,True,97.3,Excellent,3,8,2,2,3,8,Ionic conductivity measurement|Energy density evaluation|Safety testing,solid polymer electrolyte|lithium polymer battery|ionic conductivity
Murch_-_1982_-_The_haven_ratio_in_fast_ionic_conductors_reactions.json,THE HAVEN RATIO IN FAST IONIC CONDUCTORS,,Solid State Ionics,1982,review,review,False,100.0,Excellent,0,0,0,0,1,2,Haven Ratio measurement,solid state ionics|transport properties|Haven ratio
Murphy_-_2020_-_A_point_defect_model_for_YBa_2_Cu__reactions.json,A point defect model for YBa2Cu3O7 from density functional theory,10.1088/2399-6528/abc9a7,Journal of Physics Communications,2020,computational study,computational,True,81.82,Good,1,5,1,1,1,4,DFT calculation,DFT|defects|YBa2Cu3O7|superconductor
Murugan_et_al__-_2007_-_Fast_Lithium_Ion_Conduction_in_Garnet-Type_Li7La3Z_reactions.json,Fast Lithium Ion Conduction in Garnet-Type Li7La3Zr2O12,10.1002/anie.200701144,Angewandte Chemie International Edition,2007,materials synthesis,experimental_synthesis,True,94.52,Excellent,1,4,7,9,4,15,XRD|EIS|TGA|EMF measurement,solid electrolyte|lithium ion conductor|garnet
Muy_et_al__-_2019_-_High-Throughput_Screening_of_Solid-State_Li-Ion_Co_reactions.json,High-Throughput Screening of Solid-State Li-Ion Conductors Using Lattice-Dynamics Descriptors,10.1016/j.isci.2019.05.036,iScience,2019,research article,experimental_synthesis,True,85.11,Good,1,3,3,3,2,8,XRD|EIS,solid-state electrolytes|Li-ion conductors|halide electrolytes
Naik_and_Jain_-_2018_-_Substrate_screening_effects_on_the_quasiparticle_b_reactions.json,Substrate screening effects on the quasiparticle band gap and defect charge transition levels in MoS2,10.1103/PhysRevMaterials.2.084002,Physical Review Materials,2018,computational study,computational,False,79.66,Good,1,9,0,0,2,6,DFT calculation|GW,DFT|GW|band gap|substrate screening|MoS2|defect physics
Nation_et_al__-_2021_-_Redox-couple_investigations_in_Si-doped_Li-rich_ca_reactions.json,Redox-couple investigations in Si-doped Li-rich cathode materials,10.1039/d0cp05737a,Physical Chemistry Chemical Physics,2021,research-article,experimental_synthesis,True,98.84,Excellent,2,10,4,7,3,6,TEM|EELS|Galvanostatic cycling,Li-ion batteries|Li-rich cathode|Si-doping|STEM|EELS
Ng_et_al__-_2020_-_Predicting_the_state_of_charge_and_health_of_batte_reactions.json,Predicting the state of charge and health of batteries using data-driven machine learning,10.1038/s42256-020-0156-7,Nature Machine Intelligence,2020,review,review,False,100.0,Excellent,0,0,0,0,0,0,,battery|machine learning|state of charge|state of health
Ngandjong_et_al__-_2017_-_Multiscale_Simulation_Platform_Linking_Lithium_Ion_reactions.json,Multiscale Simulation Platform Linking Lithium Ion Battery Electrode Fabrication Process with Performance at the Cell Level,10.1021/acs.jpclett.7b02647,The Journal of Physical Chemistry Letters,2017,computational modelling study,computational,True,98.51,Excellent,3,4,5,5,2,4,DFT calculation|3D continuum performance simulation,lithium-ion battery|electrode fabrication|multiscale simulation|coarse-grained molecular dynamics|3D continuum model
Nguyen_et_al__-_2019_-_Density_Functional_Theory-Assisted_31_P_reactions.json,Density Functional Theory-Assisted 31P and 23Na Magic-Angle Spinning Nuclear Magnetic Resonance Study of the Na3V2(PO4)2F3−Na3V2(PO4)2FO2 Solid Solution: Unraveling Its Local and Electronic Structures,10.1021/acs.chemmater.9b03546,Chemistry of Materials,2019,materials synthesis and characterization,experimental_synthesis,True,98.41,Excellent,5,3,3,3,2,0,NMR|NMR,solid-state synthesis|paramagnetic NMR|DFT|sodium-ion battery cathodes
Nguyen_et_al__-_2021_-_Polypeptide_organic_radical_batteries_reactions.json,Polypeptide organic radical batteries,10.1038/s41586-021-03399-1,Nature,2021,research article,experimental_synthesis,True,77.22,Good,2,21,11,11,3,6,FTIR|Circular dichroism|Cyclic voltammetry,organic radical battery|polypeptide|metal-free battery
Nguyen_et_al__-_Density_Functional_Theory-Assisted_31P_and_23Na_Ma_reactions.json,Density Functional Theory -Assisted 31P and 23Na Magic -Angle Spinning  Nuclear Magnetic Resonance Study of the Na3V2(PO4)2F3 – Na3V2(PO4)2FO2 Solid Solution: Unravel ing Its Local and Electronic Structure s,,,,supporting_information,supporting_info,False,97.92,Excellent,4,1,0,0,5,7,XRD|DFT calculation|NMR|NMR|NMR,solid_state|DFT|ssNMR|inorganic_materials|sodium_ion_batteries
Nie_et_al__-_2015_-_Twin_Boundary-Assisted_Lithium_Ion_Transport_reactions.json,Twin Boundary-Assisted Lithium Ion Transport,10.1021/nl504087z,Nano Letters,2015,research article,experimental_synthesis,True,93.75,Excellent,3,7,3,6,5,5,TEM|TEM|TEM|TEM|EELS,SnO2 nanowires|twin boundary|lithium-ion batteries|TEM|vapor transport synthesis
Ning_et_al__-_2021_-_Visualizing_plating-induced_cracking_in_lithium-an_reactions.json,Visualizing plating-induced cracking in lithium-anode solid-electrolyte cells,10.1038/s41563-021-00967-8,Nature Materials,2021,research-article,experimental_synthesis,True,93.18,Excellent,1,7,7,9,5,0,XRD|Phase-contrast synchrotron XCT|Synchrotron XCT–diffraction mapping|SEM|EIS,solid-state battery|Li6PS5Cl|argyrodite electrolyte|in situ XCT|dendrite propagation
Ning_et_al__-_2023_-_Dendrite_initiation_and_propagation_in_lithium_met_reactions.json,Dendrite initiation and propagation in lithium metal solid-state batteries,10.1038/s41586-023-05970-4,Nature,2023,materials_synthesis_and_electrochemistry,experimental_synthesis,True,80.56,Good,2,4,5,10,5,4,Operando X-ray computed tomography (XCT)|SEM|On-line mass spectrometry|Nanoindentation|Microcantilever bending,solid-state battery|Li6PS5Cl|lithium metal|dendrite|ceramic electrolyte
Nitta_et_al__-_2015_-_Li-ion_battery_materials_present_and_future_reactions.json,Li-ion battery materials: present and future,10.1016/j.mattod.2014.10.040,Materials Today,2015,review,review,False,100.0,Excellent,0,0,0,0,0,0,,Li-ion battery|electrode materials
Nolan_et_al__-_2018_-_Computation-Accelerated_Design_of_Materials_and_In_reactions.json,Computation-Accelerated Design of Materials and Interfaces for All-Solid-State Lithium-Ion Batteries,10.1016/j.joule.2018.08.017,Joule,2018,review,review,False,100.0,Excellent,0,0,0,0,0,0,,solid-state battery|solid electrolyte|computational design|interface engineering
O_Rourke_and_Morgan_-_2018_-_Interfacial_strain_effects_on_lithium_diffusion_pa_reactions.json,Interfacial strain effects on lithium diffusion pathways in the spinel solid electrolyte Li-doped MgAl2O4,10.1103/PhysRevMaterials.2.045403,Physical Review Materials,2018,computational study,computational,False,96.3,Excellent,2,0,0,0,2,4,DFT calculation|Climbing Image Nudged Elastic Band (CI-NEB),DFT|solid electrolyte|lithium diffusion|spinel|strain effects
Oh_et_al__-_2018_-_Native_Defects_in_Li_10_GeP_2sub_reactions.json,Native Defects in Li10GeP2S12 and Their Effect on Lithium Diffusion,10.1021/acs.chemmater.8b01163,Chemistry of Materials,2018,computational study,computational,False,100.0,Excellent,1,0,0,0,3,0,DFT calculation|DFT calculation|DFT calculation,solid electrolyte|defects|lithium diffusion|AIMD|DFT
Ohta_et_al__-_2006_-_Enhancement_of_the_High-Rate_Capability_of_Solid-S_reactions.json,Enhancement of the High-Rate Capability of Solid-State Lithium Batteries by Nanoscale Interfacial Modification,10.1002/adma.200502604,Advanced Materials,2006,materials_synthesis,experimental_synthesis,True,80.43,Good,1,12,3,4,5,6,XRD|Raman spectroscopy|SEM|ICP|EIS,solid-state battery|surface_coating|LiCoO2|Li4Ti5O12
Ong_et_al__-_2010_-_Thermal_stabilities_of_delithiated_olivine_MPO4__M_reactions.json,"Thermal stabilities of delithiated olivine MPO4 (M = Fe, Mn) cathodes investigated using first principles calculations",10.1016/j.elecom.2010.01.010,Electrochemistry Communications,2010,computational study,computational,False,82.22,Good,4,4,0,0,0,0,,thermal stability|olivine cathodes|density functional theory
Ong_et_al__-_2011_-_Voltage__stability_and_diffusion_barrier_differenc_reactions.json,"Voltage, stability and diffusion barrier differences between sodium-ion and lithium-ion intercalation materials",10.1039/c1ee01782a,Energy & Environmental Science,2011,computational study,computational,False,95.35,Excellent,6,0,0,0,2,5,DFT calculation|NEB diffusion barrier calculation,sodium-ion batteries|lithium-ion batteries|DFT|intercalation voltage|diffusion barrier
Ong_et_al__-_2012_-_Phase_stability__electrochemical_stability_and_ion_reactions.json,"Phase stability, electrochemical stability and ionic conductivity in the Li10−MP2X12 (M = Ge, Si, Sn, Al or P, and X = O, S or Se) family of superionic conductors",,Energy & Environmental Science (Electronic Supplementary Material),2012,computational study,computational,False,90.16,Excellent,4,5,0,0,4,4,DFT calculation|DFT calculation|DFT calculation|DFT calculation,DFT|solid electrolyte|lithium superionic conductors
Ong_et_al__-_2013_-_Phase_stability__electrochemical_stability_and_ion_reactions.json,"Phase stability, electrochemical stability and ionic conductivity of the Li10/C61MP2X12 (M = Ge, Si, Sn, Al or P, and X = O, S or Se) family of superionic conductors",10.1039/c2ee23355j,Energy & Environmental Science,2013,computational study,computational,False,98.25,Excellent,11,0,0,0,0,0,,solid electrolyte|DFT|AIMD|ionic conductivity|phase stability
Othman_et_al__-_2020_-_Recovery_of_metals_from_spent_lithium-ion_batterie_reactions.json,Recovery of metals from spent lithium-ion batteries using ionic liquid [P8888][Oleate],10.1016/j.seppur.2020.117435,Separation and Purification Technology,2020,research article,experimental_synthesis,True,97.97,Excellent,3,16,11,19,5,8,NMR|Karl Fischer titration|Physical property measurement|FTIR|FTIR,ionic liquid|solvent extraction|lithium-ion battery recycling|metal recovery
Ou_et_al__-_2021_-_Advances_and_Prospects_of_Dual_Ion_Batteries_reactions.json,Advances and Prospects of Dual-Ion Batteries,10.1002/aenm.202102498,Advanced Energy Materials,2021,review article,review,False,100.0,Excellent,0,0,0,0,0,0,,dual-ion batteries|electrolytes|anion intercalation|energy storage
Oukassi_et_al__-_2019_-_Transparent_Thin_Film_Solid-State_Lithium_Ion_Batt_reactions.json,Transparent Thin Film Solid-State Lithium Ion Batteries,10.1021/acsami.8b16364,ACS Applied Materials & Interfaces,2019,research article,experimental_synthesis,True,99.29,Excellent,1,15,12,16,5,8,SEM|ToF-SIMS|UV–vis spectrophotometry|Galvanostatic cycling|EIS,solid-state battery|thin film|transparent device
Oyakhire_et_al__-_2022_-_Electrical_resistance_of_the_current_collector_con_reactions.json,Electrical resistance of the current collector controls lithium morphology,10.1038/s41467-022-31507-w,Nature Communications,2022,materials synthesis and electrochemistry,experimental_synthesis,True,79.12,Good,4,9,5,12,2,7,Four-point probe|Electrochemical measurement,ALD|thin films|lithium metal batteries|current collector modification
Pan_et_al__-_2016_-_Design_of_Nanostructured_Heterogeneous_Solid_Ionic_reactions.json,Design of Nanostructured Heterogeneous Solid Ionic Coatings through a Multiscale Defect Model,10.1021/acsami.5b12030,ACS Applied Materials & Interfaces,2016,computational_theoretical_study,computational,False,96.43,Excellent,1,2,0,0,1,2,DFT calculation,solid electrolyte interphase|DFT|space charge|Li-ion battery|ionic conductivity
Pan_et_al__-_Supporting_Information_Design_of_nano-structured_h_reactions.json,Design of nano-structured heterogeneous solid ionic coatings through a multi-scale defect model,,,,supporting_information,supporting_info,False,100.0,Excellent,0,4,0,0,0,0,,solid_state_ionics|defect_modeling
Pande_and_Viswanathan_-_2019_-_Computational_Screening_of_Current_Collectors_for__reactions.json,Computational Screening of Current Collectors for Enabling Anode-Free Lithium Metal Batteries,10.1021/acsenergylett.9b02306,ACS Energy Letters,2019,computational study,computational,False,98.68,Excellent,0,15,0,0,1,16,DFT calculation,DFT|current collectors|lithium metal batteries|Li alloys
Pang_et_al__-_2021_-_Interactions_are_important_Linking_multi-physics__reactions.json,Interactions are important: Linking multi-physics mechanisms to the performance and degradation of solid-state batteries,10.1016/j.mattod.2021.02.011,Materials Today,2021,review,review,False,100.0,Excellent,0,0,0,0,0,0,,solid-state batteries|multiphysics|degradation mechanisms
Park_and_Goodenough_-_2017_-_Dendrite_Suppressed_Lithium_Plating_from_a_Liquid__reactions.json,Dendrite-Suppressed Lithium Plating from a Liquid Electrolyte via Wetting of Li3N,10.1002/aenm.201700732,Advanced Energy Materials,2017,materials synthesis and electrochemistry,experimental_synthesis,True,98.77,Excellent,2,7,5,9,4,19,XRD|SEM|EIS|Galvanostatic cycling,lithium metal anode|Li3N coating|dendrite suppression
Park_et_al__-_2016_-_Lithium-excess_olivine_electrode_for_lithium_recha_reactions.json,Lithium-excess olivine electrode for  lithium rechargeable  batteries,,Energy & Environmental Science (Electronic Supplementary Material),2016,materials_synthesis,experimental_synthesis,True,98.77,Excellent,1,6,7,8,4,7,XRD|SEM|EIS|Galvanostatic discharge,lithium-ion battery|olivine|LiFePO4|lithium-excess
Park_et_al__-_2019_-_Degradation_Mechanism_of_Ni-Enriched_NCA_Cathode_f_reactions.json,Degradation Mechanism of Ni-Enriched NCA Cathode for Lithium Batteries: Are Microcracks Really Critical?,10.1021/acsenergylett.9b00733,ACS Energy Letters,2019,materials_synthesis_and_evaluation,experimental_synthesis,True,98.31,Excellent,3,1,3,3,6,21,ICP|XRD|XRD|SEM|TEM|EIS,Ni-rich cathode|NCA|microcracks|lithium-ion battery
Park_et_al__-_2021_-_Direct_Cathode_Recycling_of_End-Of-Life_Li-Ion_Bat_reactions.json,Direct Cathode Recycling of End-Of-Life Li-Ion Batteries Enabled by Redox Mediation,10.1021/acssuschemeng.1c02133,ACS Sustainable Chemistry & Engineering,2021,research article,experimental_synthesis,True,84.04,Good,1,10,4,8,7,13,FTIR|XPS|XRD|SEM|Electrochemical (half-cell)|Electrochemical (powder process)|Electrochemical (full-cell),battery recycling|redox mediator|lithium-ion battery|NMC111|quinone
Park_et_al__-_2022_-_Crystal_Structure_of_Na_2_V_2sub_reactions.json,"Crystal Structure of Na2V2(PO4)3, an Intriguing Phase Spotted in the Na3V2(PO4)3−Na1V2(PO4)3 System",10.1021/acs.chemmater.1c04033,Chemistry of Materials,2022,materials synthesis and characterization,experimental_synthesis,True,95.29,Excellent,1,9,5,5,4,5,ICP|TGA|SEM|XRD,NASICON|Na-ion battery cathode|Na3V2(PO4)3|intermediate phase
Park_et_al__-_2022_-_Introducing_high-valence_elements_into_cobalt-free_reactions.json,Introducing high-valence elements into cobalt-free layered cathodes for practical lithium-ion batteries,10.1038/s41560-022-01106-6,Nature Energy,2022,materials synthesis and electrochemistry,experimental_synthesis,True,77.97,Good,3,15,3,10,7,3,XRD|SEM|TEM|DSC|ICP|XPS|GITT,Li-ion battery|Co-free cathode|Mo doping|Ni-rich layered oxide
Park_et_al__-_Supplementary_Information_reactions.json,"Crystal Structure of Na2V2(PO4)3, an Intriguing Phase Spotted in the Na3V2(PO4)3 – Na1V2(PO4)3 System",,,,supplementary_information,supporting_info,True,98.04,Excellent,4,0,1,1,6,13,SEM|TGA|XRD|XRD|XRD|XRD,solid_state|sodium_phosphate|operando_SPXRD|electrode_materials
Pasta_et_al__-_2020_-_2020_roadmap_on_solid-state_batteries_reactions.json,2020 roadmap on solid-state batteries,10.1088/2515-7655/ab95f4,Journal of Physics: Energy,2020,review,review,True,84.62,Good,2,5,2,7,1,1,EIS,solid-state battery|electrolyte|thin film|spray deposition
Pender_et_al__-_2020_-_Electrode_Degradation_in_Lithium-Ion_Batteries_reactions.json,Electrode Degradation in Lithium-Ion Batteries,10.1021/acsnano.9b04365,ACS Nano,2020,review article,review,False,100.0,Excellent,0,0,0,0,0,0,,lithium-ion batteries|electrode degradation
Periyapperuma_et_al__-_2021_-_Fluorine-free_ionic_liquid_electrolytes_for_sustai_reactions.json,Fluorine-free ionic liquid electrolytes for sustainable neodymium recovery using an electrochemical approach,10.1039/d1gc00361e,Green Chemistry,2021,research article,experimental_synthesis,True,85.53,Good,2,6,4,4,5,6,Cyclic voltammetry|Dynamic Viscosity|SEM|XPS|ICP,ionic liquids|electrodeposition|rare earth recovery|neodymium|fluorine-free electrolytes
Persson_et_al__-_2010_-_Lithium_Diffusion_in_Graphitic_Carbon_reactions.json,Lithium Diffusion in Graphitic Carbon,10.1021/jz100188d,Journal of Physical Chemistry Letters,2010,research article,experimental_synthesis,True,98.44,Excellent,3,5,4,4,1,6,Chronoamperometry (Devanathan–Stachurski cell),lithium diffusion|graphite|battery anode|HOPG|electrochemistry
Pfitzner_et_al__-_1990_-_Li2ZnI4_A_neutron_powder_study_reactions.json,Li2ZnI4: A Neutron Powder Study,,Journal of Solid State Chemistry,1990,brief communication,editorial,True,82.86,Good,1,2,1,5,2,6,Neutron diffraction|X-ray Guinier photography,neutron powder diffraction|olivine-type structure|lithium iodide|ionic conductor
Pham_et_al__-_2016_-_Formation_and_Dynamics_of_Electron-Irradiation-Ind_reactions.json,Formation and Dynamics of Electron-Irradiation-Induced Defects in Hexagonal Boron Nitride at Elevated Temperatures,10.1021/acs.nanolett.6b03442,Nano Letters,2016,research article,experimental_synthesis,True,92.98,Excellent,1,4,3,3,4,4,TEM|Raman spectroscopy|Electron diffraction|EELS,hexagonal boron nitride|electron microscopy|high temperature defects|carbothermic reduction
Phiri_et_al__-_2022_-_Dendrite_Suppression_by_Lithium-Ion_Redistribution_reactions.json,Dendrite Suppression by Lithium-Ion Redistribution and Lithium Wetting of Lithium Zeolite Li2(Al2Si4O12) in Liquid Electrolytes,10.1021/acsami.2c12512,ACS Applied Materials & Interfaces,2022,materials synthesis and electrochemistry,experimental_synthesis,True,99.26,Excellent,2,16,9,13,5,6,SEM|XRD|TEM|FT-IR|EIS,lithium metal battery|zeolite|BKT|dendrite suppression
Pinson_and_Bazant_-_2013_-_Theory_of_SEI_Formation_in_Rechargeable_Batteries_reactions.json,"Theory of SEI Formation in Rechargeable Batteries: Capacity Fade, Accelerated Aging and Lifetime Prediction",10.1149/2.044302jes,Journal of The Electrochemical Society,2013,research-article,characterization_study,False,92.68,Excellent,1,6,0,0,0,0,,battery modeling|SEI formation|capacity fade|lithium-ion batteries
Placke_et_al__-_2018_-_Perspective_on_Performance__Cost__and_Technical_Ch_reactions.json,"Perspective on Performance, Cost, and Technical Challenges for Practical Dual-Ion Batteries",10.1016/j.joule.2018.09.003,Joule,2018,review,review,False,94.59,Excellent,0,6,0,0,0,0,,dual-ion battery|dual-graphite battery|electrolyte|energy density|cost analysis
Ploehn_et_al__-_2004_-_Solvent_Diffusion_Model_for_Aging_of_Lithium-Ion_B_reactions.json,Solvent Diffusion Model for Aging of Lithium-Ion Battery Cells,10.1149/1.1644601,Journal of The Electrochemical Society,2004,research article,characterization_study,False,96.83,Excellent,1,10,0,0,2,6,Capacity measurement (galvanostatic discharge)|Capacity measurement (galvanostatic discharge),lithium-ion batteries|SEI|electrochemistry|diffusion model
Pomerantseva_and_Gogotsi_-_2017_-_Two-dimensional_heterostructures_for_energy_storag_reactions.json,Two-dimensional heterostructures for energy storage,10.1038/nenergy.2017.89,Nature Energy,2017,perspective,perspective,True,98.67,Excellent,3,8,3,5,2,3,XRD|Strain estimation (unspecified),2D materials|heterostructure electrodes|energy storage
Ponce_et_al__-_2017_-_Analysis_of_a_Li-Ion_Nanobattery_with_Graphite_Ano_reactions.json,Analysis of a Li-Ion Nanobattery with Graphite Anode Using Molecular Dynamics Simulations,10.1021/acs.jpcc.7b04190,Journal of Physical Chemistry C,2017,computational study,computational,True,98.51,Excellent,1,5,6,6,2,6,DFT calculation|Radial distribution function (RDF),molecular dynamics|lithium-ion battery|graphite anode|electrolyte modeling
Ponce_et_al__-_2021_-_Analysis_of_an_all-solid_state_nanobattery_using_m_reactions.json,Analysis of an all-solid state nanobattery using molecular dynamics simulations under an external electric field,10.1039/d0cp02851g,Physical Chemistry Chemical Physics,2021,computational study,computational,True,98.72,Excellent,1,7,6,6,3,7,TEM|Speciation analysis from MD trajectories|Potential energy profiling of Li⁺,solid-state battery|molecular dynamics|Li-metal anode|SEI|nanobattery
Pr_mper_and_Frank_-_2017_-_Lithium_tetrachloridoaluminate__LiAlCl_4sub_reactions.json,"Lithium tetrachloridoaluminate, LiAlCl4: a new polymorph (oP12, Pmn21) with Li+ in tetrahedral interstices",10.1107/S205698901701235X,Acta Crystallographica Section E,2017,inorganic synthesis and characterization,experimental_synthesis,True,98.77,Excellent,1,8,5,11,4,6,Raman spectroscopy|DSC|XRD|XRD,polymorph|lithium tetrachloridoaluminate|crystal structure
Price_et_al__-_2023_-_First_principles_study_of_layered_transition_metal_reactions.json,First principles study of layered transition metal dichalcogenides for use as electrodes in Li-ion and Mg-ion batteries,10.1039/d3ta00940h,Journal of Materials Chemistry A,2023,computational study,computational,False,87.1,Good,1,2,0,0,2,2,DFT calculation|Nudged Elastic Band (NEB) calculations,TMDC|DFT|battery electrodes|lithium intercalation|magnesium intercalation
Qi_et_al__-_2021_-_Bridging_the_gap_between_simulated_and_experimenta_reactions.json,Bridging the gap between simulated and experimental ionic conductivities in lithium superionic conductors,10.1016/j.mtphys.2021.100463,Materials Today Physics,2021,computational study,computational,False,100.0,Excellent,3,0,0,0,0,0,,lithium superionic conductors|machine learning interatomic potentials|ionic conductivity
Qian_et_al__-_2018_-_Electrochemical_surface_passivation_of_LiCoO2_part_reactions.json,Electrochemical surface passivation of LiCoO2 particles at ultrahigh voltage and its applications in lithium-based batteries,10.1038/s41467-018-07296-6,Nature Communications,2018,materials_synthesis,experimental_synthesis,True,79.45,Good,1,6,5,7,4,5,TEM|XPS|XRD|Galvanostatic cycling,LiCoO2|surface passivation|hydrothermal synthesis|battery cathode
Quach_et_al__-_2022_-_Superabsorption_in_an_organic_microcavity_Toward__reactions.json,Superabsorption in an organic microcavity: Toward a quantum battery,10.1126/sciadv.abk3160,Science Advances,2022,materials synthesis,experimental_synthesis,True,82.26,Good,1,5,4,4,3,6,UV-Vis|Angle-dependent reflectivity|Ultrafast transient absorption/reflectivity spectroscopy,microcavity|organic semiconductor|quantum battery|Lumogen-F orange|DBR
Radjendirane_et_al__-_2024_-_Overview_of_Inorganic_Electrolytes_for_All-Solid-S_reactions.json,Overview of Inorganic Electrolytes for All-Solid-State Sodium Batteries,10.1021/acs.langmuir.4c01845,Langmuir,2024,review article,review,True,100.0,Excellent,2,2,1,2,1,1,Ionic conductivity measurement,solid-state sodium batteries|inorganic electrolytes
Raj_et_al__-_2022_-_Recycling_of_cathode_material_from_spent_lithium-i_reactions.json,Recycling of cathode material from spent lithium-ion batteries: Challenges and future perspectives,10.1016/j.jhazmat.2022.128312,Journal of Hazardous Materials,2022,review_article_extraction,review,True,98.21,Excellent,1,6,3,4,1,1,Purity assay,battery recycling|hydrometallurgy|alkali leaching|cobalt recovery
Rajapakse_et_al__-_2021_-_Intercalation_as_a_versatile_tool_for_fabrication__reactions.json,"Intercalation as a versatile tool for fabrication, property tuning, and phase transitions in 2D materials",10.1038/s41699-021-00211-6,npj 2D Materials and Applications,2021,review article,review,True,96.88,Excellent,1,2,1,2,1,2,Gas sensing performance test,intercalation|2D materials|MXene|gas sensing
Rama_Rao_et_al__-_2014_-_Structural__conductivity_and_dielectric_properties_reactions.json,"Structural, conductivity and dielectric properties of Li2SO4",10.1051/epjap/2014130433,European Physical Journal Applied Physics,2014,materials synthesis and characterization,experimental_synthesis,True,96.36,Excellent,1,2,3,3,6,19,XRD|SEM|EDX/EDS|Raman spectroscopy|DSC|AC conductivity,Li2SO4|ionic conductivity|dielectric properties
Ramakumar_et_al__-_2017_-_Lithium_garnets_Synthesis__structure__Li___conduc_reactions.json,"Lithium garnets: Synthesis, structure, Li+ conductivity, Li+ dynamics and applications",,Progress in Materials Science,2017,review article,review,True,98.53,Excellent,2,6,5,5,1,2,EIS,lithium garnet|solid electrolyte|Li-ion conductivity
Ramasubramanian_et_al__-_2019_-_Lithium_Diffusion_Mechanism_through_Solid_Electrol_reactions.json,Lithium Diffusion Mechanism through Solid−Electrolyte Interphase in Rechargeable Lithium Batteries,10.1021/acs.jpcc.9b00436,The Journal of Physical Chemistry C,2019,computational study,computational,False,97.14,Excellent,0,4,0,0,2,10,DFT calculation|Nudged Elastic Band (NEB),DFT|lithium diffusion|solid electrolyte interphase|grain boundary
Rana_et_al__-_2020_-_Oriented_nanoporous_MOFs_to_mitigate_polysulfides__reactions.json,Oriented nanoporous MOFs to mitigate polysulfides migration in lithium-sulfur batteries,10.1016/j.nanoen.2020.105009,Nano Energy,2020,research article,experimental_synthesis,True,99.19,Excellent,3,14,6,12,6,8,SEM|TEM|BET|XRD|XPS|Cyclic voltammetry,MOF|lithium–sulfur battery|DMAZF|nanoporous material
Randau_-_2020_-_Benchmarking_the_performance_of_all-solid-state_li_reactions.json,Benchmarking the performance of all-solid-state lithium batteries,10.1038/s41560-020-0565-1,Nature Energy,2020,research-article,experimental_synthesis,True,79.22,Good,1,5,7,8,4,3,Charge–discharge cycling|EIS|XPS|SEM,all-solid-state battery|lithium metal|beta-Li3PS4|NCM cathode
Rani_et_al__-_2013_-_Fluorinated_Natural_Graphite_Cathode_for_Rechargea_reactions.json,Fluorinated Natural Graphite Cathode for Rechargeable Ionic Liquid Based Aluminum–Ion Battery,10.1149/2.072310jes,Journal of The Electrochemical Society,2013,research article,experimental_synthesis,True,81.25,Good,1,9,4,4,9,13,SEM|TEM|XPS|BET|Electrical resistivity|Cyclic voltammetry|Cyclic voltammetry|Galvanostatic charge–discharge|XRD,aluminum-ion battery|graphite fluoride|ionic liquid electrolyte|electrochemical fluorination
Ren_et_al__-_2015_-_Direct_observation_of_lithium_dendrites_inside_gar_reactions.json,Direct observation of lithium dendrites inside garnet-type lithium-ion solid electrolyte,10.1016/j.elecom.2015.05.001,Electrochemistry Communications,2015,research article,experimental_synthesis,True,77.66,Good,1,9,5,6,7,4,ICP|Archimedes density|XRD|EIS|EIS|SEM|EDX/EDS,solid electrolyte|garnet|lithium dendrite
Ren_et_al__-_2019_-_Microstructure_Manipulation_for_Enhancing_the_Resi_reactions.json,Microstructure Manipulation for Enhancing the Resistance of Garnet-Type Solid Electrolytes to “Short Circuit” by Li Metal Anodes,10.1021/acsami.8b17954,ACS Applied Materials & Interfaces,2019,research-article,experimental_synthesis,True,98.82,Excellent,2,8,5,6,4,8,XRD|Particle size analysis|SEM|EIS,solid-state electrolyte|garnet|lithium battery
Riaz_et_al__-_2014_-_Carbon-__Binder-__and_Precious_Metal-Free_Cathodes_reactions.json,"Carbon-, Binder-, and Precious Metal-Free Cathodes for Non-Aqueous Lithium−Oxygen Batteries: Nanoflake-Decorated Nanoneedle Oxide Arrays",10.1021/am504463b,ACS Applied Materials & Interfaces,2014,research article,experimental_synthesis,True,97.83,Excellent,3,10,3,11,5,7,XRD|SEM|TEM|BET|EIS,Li–O2 battery|cathode|NiCo2O4|MnO2|nanoneedle|nanoflake
Rojaee_and_Shahbazian-Yassar_-_2020_-_Two-Dimensional_Materials_to_Address_the_Lithium_B_reactions.json,Two-Dimensional Materials to Address the Lithium Battery Challenges,,ACS Nano,2020,review,review,False,100.0,Excellent,0,0,0,0,0,0,,
Rukelj_-_2020_-_Dynamical_conductivity_of_lithium-intercalated_hex_reactions.json,Dynamical conductivity of lithium-intercalated hexagonal boron nitride films: A memory function approach,10.1103/PhysRevB.102.205108,Physical Review B,2020,research article,characterization_study,False,100.0,Excellent,1,2,0,0,2,6,"Structural parameters (theoretical, Figure 1)|Electronic band parameters (single-band model)",dynamical conductivity|memory function|Li(BN)8|2D materials
Sahni_et_al__-_2018_-_On_the_synthesis_of_lithium_boron_nitride__Li3BN2__reactions.json,On the synthesis of lithium boron nitride (Li3BN2),10.1016/j.ceramint.2018.01.200,Ceramics International,2018,materials synthesis,experimental_synthesis,True,97.56,Excellent,1,7,7,9,3,10,XRD|SEM|TGA,solid-state reaction|lithium boron nitride|ceramics
Sahu_and_Mitra_-_2015_-_Exfoliated_MoS2_Sheets_and_Reduced_Graphene_Oxide-_reactions.json,Exfoliated MoS2 Sheets and Reduced Graphene Oxide-An Excellent and Fast Anode for Sodium-ion Battery,10.1038/srep12571,Scientific Reports,2015,materials synthesis and electrochemistry,experimental_synthesis,True,80.0,Good,4,15,4,23,5,12,XRD|Raman spectroscopy|TEM|Electrochemical (Galvanostatic charge–discharge)|EIS,MoS2|graphene oxide|sodium-ion battery|hydrothermal synthesis|composite anode
Sakanoi_et_al__-_2014_-_Communication_Different_behavior_of_Young_s_modul_reactions.json,Communication: Different behavior of Young's modulus and fracture strength of CeO2: Density functional theory calculations,10.1063/1.4869515,The Journal of Chemical Physics,2014,computational study,computational,False,91.67,Excellent,1,1,0,0,1,4,DFT calculation,DFT|mechanical properties|ceria|fracture strength|Young's modulus
Samsinger_et_al__-_2020_-_Fast_Ion_Conduction_of_Sintered_Glass-Ceramic_Lith_reactions.json,Fast Ion Conduction of Sintered Glass-Ceramic Lithium Ion Conductors Investigated by Impedance Spectroscopy and Coaxial Reflection Technique,10.1149/1945-7111/abc0a9,Journal of The Electrochemical Society,2020,research-article,experimental_synthesis,True,98.63,Excellent,3,4,5,5,4,18,XRD|SEM|EIS|Coaxial Reflection Technique (CRT),solid electrolyte|glass-ceramic|impedance spectroscopy|coaxial reflection
Satpati_et_al__-_2022_-_Machine_learning_enabled_high-throughput_screening_reactions.json,Machine learning enabled high-throughput screening of inorganic solid electrolytes for regulating dendritic growth in lithium metal anodes,10.1039/d2nj01827f,New Journal of Chemistry,2022,computational screening,computational,False,99.25,Excellent,30,0,0,0,0,0,,machine learning|solid electrolyte|lithium batteries|borates
Scharf_et_al__-_2022_-_Bridging_nano-_and_microscale_X-ray_tomography_for_reactions.json,Bridging nano- and microscale X-ray tomography for battery research by leveraging artificial intelligence,10.1038/s41565-022-01081-9,Nature Nanotechnology,2022,review,review,False,100.0,Excellent,0,0,0,0,5,5,X-ray computed tomography (CT)|X-ray computed tomography (CT)|X-ray computed tomography (CT)|X-ray computed tomography (CT)|X-ray computed tomography (CT),X-ray computed tomography|battery characterization|artificial intelligence|machine learning
Schlem_et_al__-_2021_-_Insights_into_the_Lithium_Sub-structure_of_Superio_reactions.json,Insights into the Lithium Sub-structure of Superionic Conductors Li3YCl6 and Li3YBr6,10.1021/acs.chemmater.0c04352,Chemistry of Materials,2021,research-article,experimental_synthesis,True,98.67,Excellent,2,6,6,14,2,5,Neutron diffraction|EIS,solid electrolyte|halide|mechanochemical synthesis|neutron diffraction
Schuett_et_al__-_2023_-_Predicting_the_Na___ion_transport_prope_reactions.json,Predicting the Na+ Ion Transport Properties of NaSICON  Materials  Using Density Functional Theory and Kinetic Monte Carlo,,Journal of Materials Chemistry A,2023,computational study,computational,False,97.5,Excellent,3,0,0,0,5,8,DFT calculation|Electric field conductivity calculation|DFPT|CI-NEB|Kinetic Monte Carlo,NaSICON|ionic conductivity|DFT|CI-NEB|Kinetic Monte Carlo
Schwich_et_al__-_2020_-_Recycling_Strategies_for_Ceramic_All-Solid-State_B_reactions.json,Recycling Strategies for Ceramic All-Solid-State Batteries—Part I: Study on Possible Treatments in Contrast to Li-Ion Battery Recycling,10.3390/met10111523,Metals,2020,battery_recycling_study,experimental_synthesis,True,98.7,Excellent,4,8,4,4,0,0,,all-solid-state battery|recycling|garnet electrolyte|cell design
Sendek_et_al__-_2017_-_Holistic_computational_structure_screening_of_more_reactions.json,Holistic computational structure screening of more than 12 000 candidates for solid lithium-ion conductor materials,10.1039/c6ee02697d,Energy & Environmental Science,2017,computational screening,computational,False,98.97,Excellent,21,0,0,0,0,0,,solid electrolyte|lithium-ion|high-throughput screening
Sendek_et_al__-_2019_-_Machine_Learning-Assisted_Discovery_of_Solid_Li-Io_reactions.json,Machine Learning-Assisted Discovery of Solid Li-Ion Conducting Materials,10.1021/acs.chemmater.8b03272,Chemistry of Materials,2019,computational study,computational,False,100.0,Excellent,11,0,0,0,2,13,DFT calculation|Machine Learning Logistic Regression,Li-ion conductors|solid electrolytes|DFT-MD|machine learning
Sendek_et_al__-_Machine_learning-assisted_discovery_of_solid_Li-io_reactions.json,Machine learning-assisted discovery of solid Li-ion conducting materials,,,,computational screening,computational,False,99.4,Excellent,38,0,0,0,1,0,DFT calculation,solid state ion conductors|DFT-MD|machine learning
Senevirathne_et_al__-_2013_-_A_new_crystalline_LiPON_electrolyte_Synthesis__pr_reactions.json,"A new crystalline LiPON electrolyte: Synthesis, properties, and electronic structure",10.1016/j.ssi.2012.12.013,Solid State Ionics,2013,research article,experimental_synthesis,True,76.19,Good,2,7,5,7,5,11,XRD|TEM|TGA|FTIR|EIS,solid state synthesis|electrolyte|LiPON|ionic conductivity
Seo_and_Martin_-_2011_-_Structural_Properties_of_Lithium_Thio-Germanate_Th_reactions.json,Structural Properties of Lithium Thio-Germanate Thin Film Electrolytes Grown by Radio Frequency Sputtering,10.1021/ic101448m,Inorganic Chemistry,2011,research article,experimental_synthesis,True,99.08,Excellent,4,12,5,16,4,13,XRD|SEM|Raman spectroscopy|FTIR,thin film|RF sputtering|solid electrolyte|lithium thio-germanate
Seo_and_Martin_-_2011_-_X-ray_photoelectron_spectroscopy_study_of_lithium__reactions.json,X-ray photoelectron spectroscopy study of lithium thio-germanate thin films,10.1039/c1ra00165e,RSC Advances,2011,research-article,experimental_synthesis,True,86.71,Good,7,14,10,20,2,5,XPS|XPS,RF magnetron sputtering|lithium thio-germanate|thin films|XPS
Seo_et_al__-_2024_-_Enhancement_of_ionic_conductivity_in_Li_argyrodite_reactions.json,Enhancement of ionic conductivity in Li argyrodite solid electrolytes with bromide and borohydride anions for all-solid-state batteries,10.1039/d4ta04426f,Journal of Materials Chemistry A,2024,research article,experimental_synthesis,True,98.59,Excellent,3,5,2,2,6,9,XRD|Rietveld refinement|Raman spectroscopy|NMR|EIS|SEM,solid electrolyte|argyrodite|mechanical milling|lithium-ion conductivity
Sha_et_al__-_2013_-_Solid_lithium_electrolyte-Li4Ti5O12_composites_as__reactions.json,Solid lithium electrolyte-Li4Ti5O12 composites as anodes of lithium-ion batteries showing high-rate performance,10.1016/j.jpowsour.2012.12.081,Journal of Power Sources,2013,research-article,experimental_synthesis,True,76.87,Good,2,14,9,9,7,10,XRD|SEM|TEM|BET|XPS|Galvanostatic charge–discharge|EIS,Li4Ti5O12|lithium lanthanum titanate|solid electrolyte composite|combustion synthesis|lithium-ion batteries
Shaibani_et_al__-_2020_-_Expansion-tolerant_architectures_for_stable_cyclin_reactions.json,Expansion-tolerant architectures for stable cycling of ultrahigh-loading sulfur cathodes in lithium-sulfur batteries,10.1126/sciadv.aay2757,Science Advances,2020,materials_synthesis,experimental_synthesis,True,89.77,Good,1,10,4,10,5,5,SEM|EIS|X-ray tomography|Raman spectroscopy|XPS,lithium-sulfur battery|sulfur cathode|binder engineering|high loading
Shen_et_al__-_2020_-_A_Simple_and_Highly_Efficient_Method_toward_High-D_reactions.json,A Simple and Highly Efficient Method toward High-Density Garnet-Type LLZTO Solid-State Electrolyte,10.1021/acsami.0c04850,ACS Applied Materials & Interfaces,2020,research article,experimental_synthesis,True,98.98,Excellent,1,9,6,13,7,10,XRD|SEM|Relative density (Archimedes)|Vickers hardness|EIS|Arrhenius analysis|Symmetric Li||Li cycling,solid-state electrolyte|LLZTO|oxygen-assisted sintering|ceramics
Shi_and_Stampfl_-_2007_-_First-principles_investigations_of_the_structure_a_reactions.json,First-principles investigations of the structure and stability of oxygen adsorption and surface oxide formation at Au(111),10.1103/PhysRevB.76.075327,Physical Review B,2007,computational study,computational,False,94.29,Excellent,1,3,0,0,2,11,DFT calculation|DFT calculation,DFT|oxygen adsorption|Au(111)|surface oxide
Shi_et_al__-_2013_-_Defect_Thermodynamics_and_Diffusion_Mechanisms_in__reactions.json,Defect Thermodynamics and Diffusion Mechanisms in Li2CO3 and Implications for the Solid Electrolyte Interphase in Li-Ion Batteries,10.1021/jp310591u,The Journal of Physical Chemistry C,2013,computational study,computational,False,90.0,Excellent,1,1,0,0,3,8,DFT calculation|Phonon calculation (PHONON code)|CI-NEB,DFT|SEI|Li-ion battery|Li2CO3|ionic conductivity
Shi_et_al__-_2018_-_Lithium_metal_stripping_beneath_the_solid_electrol_reactions.json,Lithium metal stripping beneath the solid electrolyte interphase,10.1073/pnas.1806878115,Proceedings of the National Academy of Sciences (PNAS),2018,research article,experimental_synthesis,True,80.8,Good,3,13,9,9,4,10,SEM|EIS|Galvanostatic polarization|FTIR,lithium metal battery|solid electrolyte interphase|stripping mechanism|electrochemistry
Shin_et_al__-_2015_-_Synergistic_multi-doping_effects_on_the_Li7La3Zr2O_reactions.json,Synergistic multi-doping effects on the Li7La3Zr2O12 solid electrolyte for fast lithium ion conduction,10.1038/srep18053,Scientific Reports,2015,research_article,experimental_synthesis,True,76.67,Good,2,8,7,8,3,6,XRD|SEM|EIS,solid electrolyte|LLZO|multi-doping|lithium ion conduction
si_llzo_reactions.json,Native Defects and their Doping Response in the Lithium Solid Electrolyte Li7La3Zr2O12,,,,computational study,computational,False,96.83,Excellent,1,10,0,0,2,7,DFT calculation|CI-NEB calculation for oxygen vacancy migration,solid electrolyte|defect chemistry|DFT|LLZO
Singh_et_al__-_2021_-_A_chemical_map_of_NaSICON_electrode_materials_for__reactions.json,A chemical map of NaSICON electrode materials for sodium-ion batteries,10.1039/d0ta10688g,Journal of Materials Chemistry A,2021,computational study,computational,False,100.0,Excellent,3,0,0,0,0,0,,NaSICON|sodium-ion battery|DFT|phase diagram|voltage prediction
Singh_et_al__-___Supplementary_Information___A_Chemical_Map_of_Na_reactions.json,A Chemical Map of NaSiCON Electrode Materials for Sodium-ion Batteries,,Journal of Materials Chemistry A,2020,computational study,computational,False,97.87,Excellent,7,0,0,0,2,20,DFT calculation|DFT calculation,NaSICON|sodium-ion batteries|DFT
Sj_lin_et_al__-_2023_-_Accelerated_Workflow_for_Antiperovskite_based_Soli_reactions.json,Accelerated Workflow for Antiperovskite-based Solid State Electrolytes,10.1002/batt.202300041,Batteries & Supercaps,2023,computational screening,computational,False,100.0,Excellent,14,0,0,0,3,42,DFT calculation|Grand Potential Phase Diagram (GPPD)|Climbing-Image NEB (CI-NEB),solid-state electrolyte|antiperovskite|DFT|high-throughput|migration barrier
Song_and_Kendrick_-_2021_-_Recent_progress_on_strategies_to_improve_the_high-_reactions.json,Recent progress on strategies to improve the high-voltage stability of layered-oxide cathode materials for sodium-ion batteries,10.1088/2515-7639/abf545,Journal of Physics: Materials,2021,review,review,False,100.0,Excellent,0,0,0,0,0,0,,sodium-ion battery|layered oxide cathode|high-voltage stability|doping|surface coating
Song_et_al__-_2012_-_Role_of_Oxygen_Vacancies_on_the_Performance_of_Li__reactions.json,"Role of Oxygen Vacancies on the Performance of Li[Ni 0.5−xMn 1.5+ x]O4 (x= 0, 0.05, and 0.08) Spinel Cathodes for Lithium-Ion Batteries",10.1021/cm301825h,Chemistry of Materials,2012,research-article,experimental_synthesis,True,98.47,Excellent,3,13,9,17,6,6,TGA|XRD|Raman spectroscopy|XPS|TOF-SIMS|Galvanostatic cycling,lithium-ion battery|spinel cathode|oxygen vacancies
Song_et_al__-_2017_-_A_long-life_rechargeable_Al_ion_battery_based_on_m_reactions.json,A long-life rechargeable Al ion battery based on molten salts,10.1039/c6ta09829k,Journal of Materials Chemistry A,2017,research article,experimental_synthesis,True,85.39,Good,2,9,5,7,4,8,XRD|Raman spectroscopy|Cyclic voltammetry|EIS,Al-ion battery|molten salt electrolyte|NaAlCl4
Song_et_al__-_2019_-_B4C_nanoskeleton_enabled__flexible_lithium-sulfur__reactions.json,"B4C nanoskeleton enabled, flexible lithium-sulfur batteries",10.1016/j.nanoen.2019.01.018,Nano Energy,2019,research-article,experimental_synthesis,True,98.08,Excellent,1,13,5,9,5,7,SEM|XRD|BET|TGA|Electrochemical testing,lithium-sulfur battery|boron carbide|nanowires|graphene oxide|flexible cathode
Squires_et_al__-_2020_-_Native_Defects_and_Their_Doping_Response_in_the_Li_reactions.json,Native Defects and Their Doping Response in the Lithium Solid Electrolyte Li7La3Zr2O12,10.1021/acs.chemmater.9b04319,Chemistry of Materials,2020,computational study,computational,False,91.3,Excellent,1,0,0,0,2,3,DFT calculation|Nudged Elastic Band (NEB),solid electrolyte|defect chemistry|DFT
St_ffler_et_al__-_2019_-_Amorphous_versus_Crystalline_Li_3_PS_s_reactions.json,Amorphous versus Crystalline Li3PS4: Local Structural Changes during Synthesis and Li Ion Mobility,10.1021/acs.jpcc.9b01425,The Journal of Physical Chemistry C,2019,solid_state_synthesis,experimental_synthesis,True,98.63,Excellent,2,4,3,3,8,20,XRD|Raman spectroscopy|NMR|NMR|EIS|TGA|BET|SEM,solid electrolyte|thiophosphate|Li3PS4
Stallard_et_al__-_2022_-_Mechanical_properties_of_cathode_materials_for_lit_reactions.json,Mechanical properties of cathode materials for lithium-ion batteries,10.1016/j.joule.2022.04.001,Joule,2022,review article,review,True,98.41,Excellent,1,6,4,4,2,5,Nanoindentation (Berkovich)|Single particle compression (Brazil-nut test),lithium-ion batteries|cathode materials|mechanical properties
Su_et_al__-_2018_-_Toward_High_Performance_Lithium_Sulfur_Batteries_B_reactions.json,"Toward High Performance Lithium–Sulfur Batteries Based on Li2S Cathodes and Beyond: Status, Challenges, and Perspectives",10.1002/adfm.201800154,Advanced Functional Materials,2018,review article,review,True,99.03,Excellent,5,11,5,14,2,2,TEM|XRD,Li–S battery|Li2S cathode|carbon composites|nanostructures
Su_et_al__-_2024_-_A_scalable_Li-Al-Cl_stratified_structure_for_stabl_reactions.json,A scalable Li-Al-Cl stratified structure for stable all-solid-state lithium metal batteries,10.1038/s41467-024-48585-7,Nature Communications,2024,research article,experimental_synthesis,True,76.7,Good,2,7,6,6,10,11,SEM|TOF-SIMS|XPS|XRD|SEM|AFM|Electrochemical (CCD test)|Galvanostatic cycling|Ionic conductivity measurement|Full-cell cycling,solid-state electrolyte|lithium metal batteries|interface engineering
Sui_et_al__-_2020_-_Dual-ion_batteries_The_emerging_alternative_recha_reactions.json,Dual-ion batteries: The emerging alternative rechargeable batteries,10.1016/j.ensm.2019.11.003,Energy Storage Materials,2020,review_article,review,True,96.55,Excellent,2,5,2,2,3,3,TEM|XPS|Galvanostatic cycling,dual-ion batteries|graphite cathode|electrolyte formulation
Sulas_et_al__-_2018_-_Defect_Detection_in_Solid-State_Battery_Electrolyt_reactions.json,Defect Detection in Solid-State Battery Electrolytes Using Lock-In Thermal Imaging,10.1149/2.0131814jes,Journal of The Electrochemical Society,2018,research article,experimental_synthesis,True,98.39,Excellent,2,5,3,3,3,7,Lock-in thermography|EIS|Current/Voltage cycling,solid-state battery|thermal imaging|defect detection
Sun_et_al__-_2017_-_Comparison_of_reduction_products_from_graphite_oxi_reactions.json,Comparison of reduction products from graphite oxide and graphene oxide for anode applications in lithium-ion batteries and sodium-ion batteries,10.1039/c6nr07650e,Nanoscale,2017,research article,experimental_synthesis,True,93.62,Excellent,2,8,5,23,7,25,SEM|TEM|XRD|XPS|Raman spectroscopy|BET|EIS,graphene|graphite oxide|graphene oxide|lithium-ion battery|sodium-ion battery|anode material
Sun_et_al__-_2018_-_Accelerated_aging_and_degradation_mechanism_of_LiF_reactions.json,Accelerated aging and degradation mechanism of LiFePO4/graphite batteries cycled at high discharge rates,10.1039/c8ra04074e,RSC Advances,2018,battery aging study,characterization_study,True,97.53,Excellent,3,7,4,8,4,5,XRD|SEM|XPS|Raman spectroscopy,LiFePO4|graphite|battery degradation|high discharge rate
Sun_et_al__-_2018_-_Towards_a_reliable_Li-metal-free_LiNO_3_reactions.json,Towards a reliable Li-metal-free LiNO3-free Li-ion polysulphide full cell via parallel interface engineering,10.1039/c8ee00937f,Energy & Environmental Science,2018,research article,experimental_synthesis,True,78.51,Good,2,17,5,15,4,9,BET|Raman spectroscopy|Electrochemical testing (galvanostatic)|Rate performance test,Li–S batteries|parallel interface engineering|hydrothermal carbon coating|Al–Li alloy anode
Sun_et_al__-_2020_-_A_high-performance_potassium_metal_battery_using_s_reactions.json,A high-performance potassium metal battery using safe ionic liquid electrolyte,10.1073/pnas.2012716117,Proceedings of the National Academy of Sciences,2020,materials_synthesis_and_battery_performance,experimental_synthesis,True,99.11,Excellent,4,8,6,6,9,10,Raman spectroscopy|Ionic conductivity measurement|TGA|Flammability test|Cyclic voltammetry|SEM|XRD|XPS|ToF-SIMS,ionic liquid electrolyte|potassium battery|Prussian blue analogue|energy storage
Sun_et_al__-_2022_-_Mapping_and_Modeling_Physicochemical_Fields_in_Sol_reactions.json,Mapping and Modeling Physicochemical Fields in Solid-State Batteries,10.1021/acs.jpclett.2c02800,The Journal of Physical Chemistry Letters,2022,perspective_article,perspective,True,96.08,Excellent,2,3,3,4,2,2,X-ray computed tomography (XCT)|X-ray computed tomography (XCT),solid-state batteries|multiphysics coupling|X-ray tomography
Sun_et_al__-_2023_-_Interface_Engineering_Toward_Expedited_Li_2_reactions.json,Interface Engineering Toward Expedited Li2S Deposition in Lithium–Sulfur Batteries: A Critical Review,10.1002/adma.202211168,Advanced Materials,2023,review,review,False,100.0,Excellent,0,0,0,0,0,0,,lithium–sulfur batteries|interface engineering|Li2S deposition
Swain_-_2017_-_Recovery_and_recycling_of_lithium_A_review_reactions.json,Recovery and recycling of lithium: A review,10.1016/j.seppur.2016.08.031,Separation and Purification Technology,2017,review,review,True,98.53,Excellent,3,6,4,6,1,1,Purity determination,lithium recovery|brine processing|battery recycling
Swift_and_Qi_-_2019_-_First-Principles_Prediction_of_Potentials_and_Spac_reactions.json,First-Principles Prediction of Potentials and Space-Charge Layers in All-Solid-State Batteries,10.1103/PhysRevLett.122.167701,Physical Review Letters,2019,research article,computational,False,95.83,Excellent,4,4,0,0,1,9,DFT calculation,all-solid-state batteries|first-principles modeling|DFT
Swift_et_al__-_2021_-_Modeling_the_electrical_double_layer_at_solid-stat_reactions.json,Modeling the electrical double layer at solid-state electrochemical interfaces,10.1038/s43588-021-00041-y,Nature Computational Science,2021,theoretical modeling,computational,False,100.0,Excellent,5,0,0,0,0,0,,solid-state battery|electrical double layer|Poisson–Fermi–Dirac model
Tachikawa_-_2014_-_Mechanism_of_Dissolution_of_a_Lithium_Salt_in_an_E_reactions.json,Mechanism of Dissolution of a Lithium Salt in an Electrolytic Solvent in a Lithium Ion Secondary Battery: A Direct Ab Initio Molecular Dynamics (AIMD) Study,10.1002/cphc.201301151,ChemPhysChem,2014,computational study,computational,False,98.21,Excellent,3,4,0,0,5,19,"DFT calculation|Bond population analysis|CCSD/6-311++G(d,p)|DFT calculation|DFT calculation",DFT|AIMD|lithium-ion battery|electrolyte|solvation
Takada_-_2002_-_Lithium_ion_conduction_in_lithium_magnesium_thio-p_reactions.json,Lithium ion conduction in lithium magnesium thio-phosphate,,Solid State Ionics,2002,research-article,experimental_synthesis,True,83.61,Good,2,4,3,8,4,8,SEM|XRD|EIS|NMR,solid electrolyte|lithium ion conductor|thio-phosphate|layered structure
Takahashi_et_al__-_2013_-_All-solid-state_lithium_battery_with_LiBH4_solid_e_reactions.json,All-solid-state lithium battery with LiBH4 solid electrolyte,10.1016/j.jpowsour.2012.10.079,Journal of Power Sources,2013,experimental study,experimental_synthesis,True,75.63,Good,3,10,9,12,6,18,EIS|SEM|SPM|XRD|Raman spectroscopy|Galvanostatic charge–discharge,all-solid-state battery|solid electrolyte|thin film|pulsed laser deposition
Takamatsu_et_al__-_2012_-_First_In_Situ_Observation_of_the_LiCoO_2sub_reactions.json,First In Situ Observation of the LiCoO2 Electrode/Electrolyte Interface by Total-Reflection X-ray Absorption Spectroscopy,10.1002/anie.201203910,Angewandte Chemie International Edition,2012,materials synthesis and characterization,experimental_synthesis,True,98.57,Excellent,1,7,4,5,3,7,XANES/EXAFS|Cyclic voltammetry|EIS,Li-ion battery|thin film electrode|TRF-XAS|surface analysis|pulsed laser deposition
Takemoto_and_Yamada_-_2015_-_Development_of_rechargeable_lithium_bromine_batter_reactions.json,Development of rechargeable lithium–bromine batteries with lithium ion conducting solid electrolyte,10.1016/j.jpowsour.2015.02.015,Journal of Power Sources,2015,research article,experimental_synthesis,True,99.07,Excellent,2,13,5,11,5,10,Galvanostatic cycling|EIS|XRD|ATR-FT-IR|Scanning probe microscopy (SPM),lithium–bromine battery|solid electrolyte|interfacial resistance
Tan_et_al__-_2020_-_Sustainable_design_of_fully_recyclable_all_solid-s_reactions.json,Sustainable design of fully recyclable all solid-state batteries,10.1557/mre.2020.25,MRS Energy & Sustainability: A Review Journal,2020,battery recycling study,experimental_synthesis,True,94.74,Excellent,3,7,6,6,6,10,SEM|XRD|Raman spectroscopy|EIS|ICP|Galvanostatic cycling,all-solid-state battery|recycling|Li6PS5Cl|LiCoO2
Tan_et_al__-_2021_-_A_Novel_MoS_2_-MXene_Composite_Cathode__reactions.json,A Novel MoS2-MXene Composite Cathode for Aluminum-Ion Batteries,10.1021/acs.energyfuels.1c01461,Energy Fuels,2021,research-article,experimental_synthesis,True,99.0,Excellent,3,8,7,18,5,12,XRD|SEM|TEM|EIS|Cyclic voltammetry,aluminum-ion battery|MoS2|MXene|composite cathode
Tang_et_al__-_2019_-_Transition_metal_substitution_on_Mg_10_1___3__and__reactions.json,Transition metal substitution on Mg(10 1 3) and Mg(0001) surfaces for improved hydrogenation and dehydrogenation: A systematic first-principles study,https://doi.org/10.1016/j.apsusc.2019.02.124,Applied Surface Science,2019,computational study,computational,False,98.43,Excellent,3,24,0,0,2,11,DFT calculation|CI-NEB,DFT|hydrogen storage|magnesium surfaces|transition metal doping
Tang_et_al__-_2020_-_Critical_interface_between_inorganic_solid-state_e_reactions.json,Critical interface between inorganic solid-state electrolyte and sodium metal,10.1016/j.mattod.2020.08.016,Materials Today,2020,review,review,True,97.14,Excellent,1,2,1,1,2,3,EIS|Ionic conductivity measurement,solid-state electrolyte|sodium batteries|interface stability
Tang_et_al__-_2024_-_Electrolytes_for_bromine-based_flow_batteries_Cha_reactions.json,"Electrolytes for bromine-based flow batteries: Challenges, strategies, and prospects",10.1016/j.ensm.2024.103532,Energy Storage Materials,2024,review article,review,False,100.0,Excellent,0,0,0,0,2,5,Raman spectroscopy|UV–vis absorption spectroscopy,flow battery|bromine|electrolyte
Tchounwou_et_al__-_2012_-_Heavy_Metal_Toxicity_and_the_Environment_reactions.json,Heavy Metals Toxicity and the Environment,10.1007/978-3-7643-8340-4_6,EXS,2012,review_article,review,False,84.85,Good,0,5,0,0,0,0,,heavy metals|toxicity|environmental chemistry
Tian_et_al__-_2020_-_Recently_advances_and_perspectives_of_anode-free_r_reactions.json,Recently advances and perspectives of anode-free rechargeable batteries,10.1016/j.nanoen.2020.105344,Nano Energy,2020,review article,review,True,100.0,Excellent,1,2,1,1,0,0,,anode-free batteries|electrolyte optimization|current collector
Tomita_-_2000_-_Ionic_conductivity_and_structure_of_halocomplex_sa_reactions.json,Ionic conductivity and structure of halocomplex salts of group 13 elements,,Solid State Ionics,2000,research-article,experimental_synthesis,True,88.5,Good,8,12,2,4,4,10,XRD|NQR|NMR|EIS,ionic conductivity|halocomplex salts|group 13 elements
Toyoda_and_Takeda_-_Study_on_lithium_intercalation_into_MO__reactions.json,Study on lithium intercalation into MoS2,,Solid State Ionics,1992,research article,experimental_synthesis,True,98.78,Excellent,3,8,4,6,3,6,Atomic absorption analysis|XRD|Galvanostatic cycling,lithium intercalation|MoS2|electrochemistry|cathode material
Toyoura_et_al__-_2008_-_First-principles_approach_to_chemical_diffusion_of_reactions.json,First-principles approach to chemical diffusion of lithium atoms in a graphite intercalation compound,10.1103/PhysRevB.78.214303,Physical Review B,2008,computational study,computational,False,83.87,Good,1,2,0,0,2,5,DFT calculation|Phonon calculations (frozen phonon),first-principles|diffusion|graphite intercalation compound|DFT|NEB|phonon
Trease_et_al__-_2016_-_Identifying_the_Distribution_of_Al_3__i_reactions.json,Identifying the Distribution of Al3+ in LiNi0.8Co0.15Al0.05O2,10.1021/acs.chemmater.6b02797,Chemistry of Materials,2016,research article,experimental_synthesis,True,85.45,Good,1,4,1,1,6,16,NMR|NMR|Neutron diffraction|XRD|Atom Probe Tomography|SQUID Magnetic Susceptibility,Li-ion battery|cathode|NCA|solid-state NMR|atom probe tomography|neutron diffraction
Tron_et_al__-_2018_-_Enhanced_ionic_conductivity_of_the_solid_electroly_reactions.json,Enhanced ionic conductivity of the solid electrolyte for lithium-ion batteries,10.1016/j.jssc.2017.11.020,Journal of Solid State Chemistry,2018,research article,experimental_synthesis,True,99.17,Excellent,3,18,3,12,4,11,EIS|EIS|ICP|Galvanostatic charge–discharge,solid electrolyte|lithium-ion battery|ionic conductivity
Urban_et_al__-_2016_-_Computational_understanding_of_Li-ion_batteries_reactions.json,Computational understanding of Li-ion batteries,10.1038/npjcompumats.2016.2,npj Computational Materials,2016,review article,review,False,100.0,Excellent,0,0,0,0,0,0,,computational methods|lithium-ion batteries
Ustynyuk_et_al__-_2014_-_Pyridinedicarboxylic_Acid_Diamides_as_Selective_Li_reactions.json,Pyridinedicarboxylic Acid Diamides as Selective Ligands for Extraction and Separation of Trivalent Lanthanides and Actinides: DFT Study,10.1080/07366299.2014.915666,Solvent Extraction and Ion Exchange,2014,computational study,computational,False,93.65,Excellent,1,10,0,0,2,3,DFT calculation|DFT calculation,DFT|lanthanide–actinide separation|dipicolinic acid diamides
VahidMohammadi_et_al__-_2017_-_Two-Dimensional_Vanadium_Carbide__MXene__as_a_High_reactions.json,Two-Dimensional Vanadium Carbide (MXene) as a High-Capacity Cathode Material for Rechargeable Aluminum Batteries,10.1021/acsnano.7b05350,ACS Nano,2017,journal article,experimental_synthesis,True,81.9,Good,2,12,6,20,4,4,XRD|TEM|XPS|EDX/EDS,MXene|vanadium carbide|aluminum battery|intercalation cathode
Van_der_Ven_et_al__-_1998_-_First-principles_investigation_of_phase_stability__reactions.json,First-principles investigation of phase stability in LixCoO2,,Physical Review B,1998,computational study,computational,False,91.67,Excellent,3,5,0,0,1,1,XRD,phase diagram|DFT|cluster expansion|battery cathode
Van_der_Ven_et_al__-_2008_-_Nondilute_diffusion_from_first_principles_Li_diff_reactions.json,Nondilute diffusion from ﬁrst principles: Li diffusion in Li xTiS 2,10.1103/PhysRevB.78.104306,Physical Review B,2008,computational study,computational,False,81.48,Good,1,1,0,0,2,8,DFT calculation|Nudged Elastic Band (NEB),Li diffusion|cluster expansion|kinetic Monte Carlo|DFT|intercalation compound
Van_der_Ven_et_al__-_2013_-_Understanding_Li_Diffusion_in_Li-Intercalation_Com_reactions.json,Understanding Li Diffusion in Li-Intercalation Compounds,10.1021/ar200329r,Accounts of Chemical Research,2013,review,review,False,100.0,Excellent,0,0,0,0,0,0,,Li-ion batteries|diffusion|intercalation compounds|first-principles
Vanaphuti_et_al__-_2021_-_Stabilized_Lithium__Manganese-Rich_Layered_Cathode_reactions.json,"Stabilized Lithium, Manganese-Rich Layered Cathode Materials Enabled by Integrating Co-Doping and Nanocoating",10.1021/acsami.1c04718,ACS Applied Materials & Interfaces,2021,research article,experimental_synthesis,True,98.72,Excellent,4,3,4,6,7,13,SEM|XRD|TEM|XPS|EIS|Cyclic voltammetry|TEM,Li-ion batteries|LMR cathode|AlF3 coating|Na/F co-doping
Vetter_et_al__-_2005_-_Ageing_mechanisms_in_lithium-ion_batteries_reactions.json,Ageing mechanisms in lithium-ion batteries,10.1016/j.jpowsour.2005.01.006,Journal of Power Sources,2005,review,review,False,98.7,Excellent,0,13,0,0,4,2,ARC (accelerating rate calorimetry)|DSC|XRD|EIS,lithium-ion battery|ageing|electrochemistry
Vyalikh_et_al__-_2018_-_Analysis_of_the_defect_clusters_in_congruent_lithi_reactions.json,Analysis of the defect clusters in congruent lithium tantalate,10.1103/PhysRevMaterials.2.013804,Physical Review Materials,2018,research article,experimental_synthesis,True,98.48,Excellent,4,4,3,4,3,9,NMR|Electron Spin Resonance (ESR)|FTIR,defect chemistry|lithium tantalate|solid-state NMR|DFT|annealing
Walsh_-_2021_-_Correcting_the_corrections_for_charged_defects_in__reactions.json,Correcting the corrections for charged defects in crystals,https://doi.org/10.1038/s41524-021-00546-0,npj Computational Materials,2021,commentary,perspective,False,100.0,Excellent,0,0,0,0,0,0,,charged defects|first-principles calculations|correction schemes
Wang_et_al__-_2006_-_Oxidation_energies_of_transition_metal_oxides_with_reactions.json,Oxidation energies of transition metal oxides within the GGA+U framework,10.1103/PhysRevB.73.195107,Physical Review B,2006,computational study,computational,False,100.0,Excellent,0,1,0,0,2,0,DFT calculation|DFT calculation,DFT|GGA|GGA+U|transition metal oxides|oxidation energies
Wang_et_al__-_2010_-_Periodicity__work_function_and_reactivity_of_graph_reactions.json,"Periodicity, work function and reactivity of graphene on Ru(0001) from first principles",10.1088/1367-2630/12/4/043041,New Journal of Physics,2010,theoretical study,computational,False,94.44,Excellent,1,4,0,0,1,7,DFT calculation,DFT calculations|graphene|Ru(0001)|work function|metal adsorption
Wang_et_al__-_2014_-_Enhancing_lithium_sulphur_battery_performance_by_s_reactions.json,Enhancing lithium–sulphur battery performance by strongly binding the discharge products on amino-functionalized reduced graphene oxide,10.1038/ncomms6002,Nature Communications,2014,research-article,experimental_synthesis,True,81.18,Good,4,5,6,8,4,6,SEM|XRD|TGA|Cyclic voltammetry,lithium–sulfur battery|graphene oxide|functionalization|nanocomposite
Wang_et_al__-_2015_-_Binder-Free_V_2_O_5_Cathode__reactions.json,Binder-Free V2O5 Cathode for Greener Rechargeable Aluminum Battery,10.1021/am508001h,ACS Applied Materials & Interfaces,2015,research-article,experimental_synthesis,True,84.15,Good,2,10,3,4,3,7,SEM|XRD|Galvanostatic charge–discharge,aluminum battery|binder-free cathode|V2O5|ionic liquid electrolyte
Wang_et_al__-_2016_-_Superconcentrated_electrolytes_for_a_high-voltage__reactions.json,Superconcentrated electrolytes for a high-voltage lithium-ion battery,10.1038/ncomms12032,Nature Communications,2016,research-article,experimental_synthesis,True,80.39,Good,3,11,3,8,7,7,Viscosity measurement|EIS|TGA|Raman spectroscopy|Cyclic voltammetry|SEM|Energy dispersive X-ray spectroscopy,electrolyte synthesis|lithium-ion battery|superconcentrated electrolyte
Wang_et_al__-_2017_-_High-Performance_Aluminum-Ion_Battery_with_CuS_C_M_reactions.json,High-Performance Aluminum-Ion Battery with CuS@C Microsphere Composite Cathode,10.1021/acsnano.6b06446,ACS Nano,2017,research article,experimental_synthesis,True,89.08,Good,3,10,9,10,6,9,XRD|Raman spectroscopy|SEM|XPS|Electrochemical testing (galvanostatic)|EIS,Aluminum-ion battery|CuS microspheres|solvothermal synthesis|ionic liquid electrolyte
Wang_et_al__-_2017_-_Sodium_vanadium_titanium_phosphate_electrode_for_s_reactions.json,Sodium vanadium titanium phosphate electrode for symmetric sodium-ion batteries with high power and long lifespan,10.1038/ncomms15888,Nature Communications,2017,research-article,experimental_synthesis,True,81.16,Good,1,7,3,3,4,9,XRD|TEM|Raman spectroscopy|CHN elemental analysis,sodium-ion battery|NASICON|symmetric cell
Wang_et_al__-_2018_-_Atomic_Substitution_Enabled_Synthesis_of_Vacancy-R_reactions.json,Atomic Substitution Enabled Synthesis of Vacancy-Rich Two-Dimensional Black TiO2−x Nanoflakes for High-Performance Rechargeable Magnesium Batteries,10.1021/acsnano.8b06917,ACS Nano,2018,research-article,experimental_synthesis,True,99.15,Excellent,3,9,8,12,8,9,SEM|TEM|XRD|Raman spectroscopy|EPR|XPS|BET|UV-Vis,TiO2−x|vacancy engineering|magnesium battery|nanoflake
Wang_et_al__-_2018_-_Fundamental_study_on_the_wetting_property_of_liqui_reactions.json,Fundamental study on the wetting property of liquid lithium,10.1016/j.ensm.2018.05.021,Energy Storage Materials,2018,experimental study,experimental_synthesis,True,99.06,Excellent,7,11,3,3,3,5,SEM|XPS|Contact angle measurement,wetting|lithium metal|surface coating|sputtering|evaporation
Wang_et_al__-_2018_-_High-Conductivity_Argyrodite_Li_6_PS_s_reactions.json,High-Conductivity Argyrodite Li6PS5Cl Solid Electrolytes Prepared via Optimized Sintering Processes for All-Solid-State Lithium−Sulfur Batteries,10.1021/acsami.8b15121,ACS Applied Materials & Interfaces,2018,research article,experimental_synthesis,True,97.65,Excellent,2,7,6,12,4,7,XRD|Raman spectroscopy|EIS|Cyclic voltammetry,solid-state electrolyte|argyrodite|lithium–sulfur battery
Wang_et_al__-_2018_-_Review_on_modeling_of_the_anode_solid_electrolyte__reactions.json,Review on modeling of the anode solid electrolyte interphase (SEI) for lithium-ion batteries,10.1038/s41524-018-0064-0,npj Computational Materials,2018,review article,review,False,100.0,Excellent,0,0,0,0,0,0,,solid electrolyte interphase|lithium-ion battery|modeling
Wang_et_al__-_2018_-_Universal_Soldering_of_Lithium_and_Sodium_Alloys_o_reactions.json,Universal Soldering of Lithium and Sodium Alloys on Various Substrates for Batteries,10.1002/aenm.201701963,Advanced Energy Materials,2018,research-article,experimental_synthesis,True,98.59,Excellent,2,17,11,11,3,3,SEM|EIS|XRD,solid-state electrolyte|lithium alloy soldering|garnet SSE
Wang_et_al__-_2019_-_Development_of_solid-state_electrolytes_for_sodium_reactions.json,Development of solid-state electrolytes for sodium-ion battery –A short review,10.1016/j.nanoms.2019.02.007,Nano Materials Science,2019,review_article,review,False,97.56,Excellent,4,0,0,0,4,4,Ionic conductivity measurement|Ionic conductivity measurement|Ionic conductivity measurement|Ionic conductivity measurement,solid-state electrolyte|sodium-ion battery
Wang_et_al__-_2019_-_Recycling_LiCoO2_with_methanesulfonic_acid_for_reg_reactions.json,Recycling LiCoO2 with methanesulfonic acid for regeneration of lithium-ion battery electrode materials,10.1016/j.jpowsour.2019.226828,Journal of Power Sources,2019,journal_article,experimental_synthesis,True,93.81,Excellent,2,8,5,9,8,13,XRD|SEM|TEM|BET|BJH|TGA|Galvanostatic cycling|Galvanostatic cycling,lithium-ion battery|recycling|hydrometallurgy|methanesulfonic acid
Wang_et_al__-_2019_-_Tuning_wettability_of_molten_lithium_via_a_chemica_reactions.json,Tuning wettability of molten lithium via a chemical strategy for lithium metal anodes,10.1038/s41467-019-12938-4,Nature Communications,2019,materials synthesis,experimental_synthesis,True,87.01,Good,2,6,5,8,4,4,XRD|EPMA|FTIR|XPS,lithium metal anode|wettability|ultrathin lithium|organic coating|alloy additive
Wang_et_al__-_2020_-_Enabling__lithium-free__manufacturing_of_pure_lith_reactions.json,Enabling “lithium-free” manufacturing of pure lithium metal solid-state batteries through in situ plating,10.1038/s41467-020-19004-4,Nature Communications,2020,research-article,experimental_synthesis,True,78.9,Good,3,8,10,12,4,10,EIS|Galvanostatic cycling|SEM|Full cell cycling test,solid-state battery|LLZO|lithium metal|anode-free|electrochemistry
Wang_et_al__-_2020_-_Nature_of_Novel_2D_van_der_Waals_Heterostructures__reactions.json,Nature of Novel 2D van der Waals Heterostructures for Superior Potassium Ion Batteries,10.1002/aenm.202000884,Advanced Energy Materials,2020,research_article,experimental_synthesis,True,98.65,Excellent,2,7,4,8,3,5,XRD|Raman spectroscopy|TEM,potassium ion batteries|2D van der Waals heterostructure|bimetallic oxychloride|graphene oxide
Wang_et_al__-_2021_-_A_cost-effective_and_humidity-tolerant_chloride_so_reactions.json,A cost-effective and humidity-tolerant chloride solid electrolyte for lithium batteries,10.1038/s41467-021-24697-2,Nature Communications,2021,research-article,experimental_synthesis,True,79.78,Good,4,5,4,4,8,11,XRD|Neutron diffraction|EIS|Ionic conductivity measurement|Arrhenius analysis|Cyclic voltammetry|Galvanostatic cycling|Humidity exposure test,solid electrolyte|lithium battery|chloride|mechanochemical synthesis
Wang_et_al__-_2021_-_Carbon_materials_for_ion-intercalation_involved_re_reactions.json,Carbon materials for ion-intercalation involved rechargeable battery technologies,10.1039/d0cs00187b,Chemical Society Reviews,2021,review article,review,True,76.83,Good,2,10,3,9,3,3,SEM|BET|TEM,carbon materials|ion intercalation|battery technology
Wang_et_al__-_2021_-_First_principles_studies_on_structure_stability__s_reactions.json,"First-principles studies on structure stability, segregation, and work function of Mg doped with metal elements",10.1002/qua.26626,International Journal of Quantum Chemistry,2021,computational study,computational,False,88.24,Good,15,15,0,0,1,15,DFT calculation,DFT|Mg alloys|work function|segregation|formation energy
Wang_et_al__-_2021_-_Pillar-beam_structures_prevent_layered_cathode_mat_reactions.json,Pillar-beam structures prevent layered cathode materials from destructive phase transitions,10.1038/s41467-020-20169-1,Nature Communications,2021,research article,experimental_synthesis,True,80.9,Good,1,10,5,10,4,10,XRD|Galvanostatic cycling|TEM|XANES/EXAFS,sodium-ion battery|cathode material|layered oxides
Wang_et_al__-_2022_-_A_Sodium_Antimony_Telluride_Intermetallic_Allows_S_reactions.json,A Sodium–Antimony–Telluride Intermetallic Allows Sodium-Metal Cycling at 100% Depth of Discharge and as an Anode-Free Metal Battery,10.1002/adma.202106005,Advanced Materials,2022,materials synthesis and electrochemistry,experimental_synthesis,True,97.1,Excellent,3,5,3,4,4,6,SEM|XRD|XPS|EIS,sodium metal anode|intermetallic|battery
Wenzel_et_al__-_2016_-_Direct_Observation_of_the_Interfacial_Instability__reactions.json,Direct Observation of the Interfacial Instability of the Fast Ionic Conductor Li10GeP2S12 at the Lithium Metal Anode,10.1021/acs.chemmater.6b00610,Chemistry of Materials,2016,research-article,experimental_synthesis,True,97.53,Excellent,2,8,4,4,4,9,XRD|EIS|Cyclic voltammetry|XPS,solid electrolyte|Li10GeP2S12|interphase|XPS|impedance spectroscopy
Wenzel_et_al__-_2016_-_Interphase_formation_and_degradation_of_charge_tra_reactions.json,Interphase formation and degradation of charge transfer kinetics between a lithium metal anode and highly crystalline Li7P3S11 solid electrolyte,10.1016/j.ssi.2015.11.034,Solid State Ionics,2016,research-article,experimental_synthesis,True,98.28,Excellent,1,3,5,6,3,6,XRD|EIS|Polarization (Wagner–Hebb type),solid electrolyte|sulfide glass-ceramic|lithium ion conductivity
Whlecke_-_DEFECTS_IN_LiNb03-I__EXPERIMENTAL_ASPECTS_reactions.json,DEFECTS IN LiNbO3 ‑ I. EXPERIMENTAL ASPECTS,,Journal of Physics and Chemistry of Solids,1991,review article,review,False,100.0,Excellent,0,2,0,0,2,8,ESR|Optical absorption spectroscopy,LiNbO3|defects|ESR|optical absorption
Wiers_et_al__-_2011_-_A_Solid_Lithium_Electrolyte_via_Addition_of_Lithiu_reactions.json,A Solid Lithium Electrolyte via Addition of Lithium Isopropoxide to a Metal–Organic Framework with Open Metal Sites,10.1021/ja205827z,Journal of the American Chemical Society,2011,materials_synthesis,experimental_synthesis,True,98.82,Excellent,3,6,6,7,4,11,FTIR|XRD|SEM|EIS,solid electrolyte|MOF|lithium ion conductivity
Wood_et_al__-_2019_-_Formation_Challenges_of_Lithium-Ion_Battery_Manufa_reactions.json,Formation Challenges of Lithium-Ion Battery Manufacturing,10.1016/j.joule.2019.11.002,Joule,2019,research_article,experimental_synthesis,True,98.44,Excellent,1,5,6,8,1,1,Galvanostatic cycling,lithium-ion batteries|formation protocol|SEI/CEI
Wu_et_al__-_2019_-_Elucidating_the_Effect_of_Iron_Doping_on_the_Elect_reactions.json,Elucidating the Effect of Iron Doping on the Electrochemical Performance of Cobalt-Free Lithium-Rich Layered Cathode Materials,10.1002/aenm.201902445,Advanced Energy Materials,2019,research-article,experimental_synthesis,True,98.91,Excellent,4,4,8,8,5,7,XRD|SEM|EDX/EDS|XPS|TEM,lithium-ion batteries|lithium-rich layered oxides|iron doping|cobalt-free cathode
Wu_et_al__-_2019_-_Paving_the_Path_toward_Reliable_Cathode_Materials__reactions.json,Paving the Path toward Reliable Cathode Materials for Aluminum-Ion Batteries,10.1002/adma.201806510,Advanced Materials,2019,review article,review,False,100.0,Excellent,0,0,0,0,0,0,,aluminum-ion batteries|cathode materials
Wu_et_al__-_2021_-_A_stable_cathode-solid_electrolyte_composite_for_h_reactions.json,"A stable cathode-solid electrolyte composite for high-voltage, long-cycle-life solid-state sodium-ion batteries",https://doi.org/10.1038/s41467-021-21488-7,Nature Communications,2021,materials_synthesis,experimental_synthesis,True,85.51,Good,2,4,5,6,4,4,XRD|EIS|EIS|Ionic conductivity measurement,solid-state electrolyte|sodium-ion battery|halide conductor
Wu_et_al__-_2022_-_Observation_of_an_intermediate_state_during_lithiu_reactions.json,Observation of an intermediate state during lithium intercalation of twisted bilayer MoS 2,10.1038/s41467-022-30516-z,Nature Communications,2022,research-article,experimental_synthesis,True,92.59,Excellent,3,8,3,5,4,9,Raman spectroscopy|Photoluminescence|Electrical (FET) measurement|TEM,lithium intercalation|twisted bilayer MoS2|phase transition|Raman spectroscopy
Xi_et_al__-_2017_-_Non-aqueous_lithium_bromine_battery_of_high_energy_reactions.json,Non-aqueous lithium bromine battery of high energy density with carbon coated membrane,10.1016/j.jechem.2017.04.013,Journal of Energy Chemistry,2017,research article,experimental_synthesis,True,98.15,Excellent,2,14,4,8,5,9,SEM|BET|EIS|Cyclic voltammetry|Galvanostatic cycling,flow battery|non-aqueous electrolyte|lithium bromine|carbon coated membrane
Xiao_et_al__-_2020_-_Understanding_interface_stability_in_solid-state_b_reactions.json,Understanding interface stability in solid-state batteries,10.1038/s41578-019-0157-5,Nature Reviews Materials,2019,review,review,False,100.0,Excellent,0,0,0,0,0,0,,solid-state batteries|interfaces|solid electrolytes
Xie_et_al__-_2019_-_Insights_into_Boron-Based_Polyanion-Tuned_High-Nic_reactions.json,Insights into Boron-Based Polyanion-Tuned High-Nickel Cathodes for High-Energy-Density Lithium-Ion Batteries,10.1021/acs.chemmater.9b02916,Chemistry of Materials,2019,materials_synthesis,experimental_synthesis,True,98.91,Excellent,2,10,4,9,5,8,SEM|XRD|TOF-SIMS|XPS|DSC,lithium-ion battery|high-nickel cathode|boron doping|layered oxide
Xie_et_al__-_2024_-_High-Throughput_Screening_of_Li_Solid-State_Electr_reactions.json,High-Throughput Screening of Li Solid-State Electrolytes with Bond Valence Methods and Machine Learning,10.1021/acs.chemmater.3c02841,Chemistry of Materials,2024,research article,computational,False,99.02,Excellent,20,0,0,0,3,4,Bond-Valence Kinetic Monte Carlo (BV-KMC)|Graph Neural Network (M3GNet)|Graph Convolutional Network (GCN) on BV graphs,solid-state electrolyte|machine learning|bond-valence|high-throughput screening
Xu_and_Zhu_-_2020_-_Anion_Charge_and_Lattice_Volume_Maps_for_Searching_reactions.json,Anion Charge and Lattice Volume Maps for Searching Lithium Superionic Conductors,10.1021/acs.chemmater.0c00993,Chemistry of Materials,2020,computational study,computational,True,90.7,Excellent,0,3,3,3,2,3,DFT calculation|Nudged Elastic Band (NEB),DFT|NEB|lithium ion migration|solid electrolytes
Xu_et_al__-_2008_-_A_review_of_processes_and_technologies_for_the_rec_reactions.json,A review of processes and technologies for the recycling of lithium-ion secondary batteries,10.1016/j.jpowsour.2007.11.074,Journal of Power Sources,2008,review,review,True,98.18,Excellent,2,4,3,3,2,6,Galvanostatic cycling|Galvanostatic cycling,lithium-ion batteries|recycling|hydrometallurgy
Xu_et_al__-_2018_-_Li_3_N-Modified_Garnet_Electrolyte_for__reactions.json,Li3N-Modified Garnet Electrolyte for All-Solid-State Lithium Metal Batteries Operated at 40 °C,10.1021/acs.nanolett.8b03902,Nano Letters,2018,research article,experimental_synthesis,True,87.32,Good,1,6,3,3,6,10,XRD|SEM|XPS|TOF-SIMS|EIS|EIS,solid-state battery|garnet electrolyte|Li3N coating
Xu_et_al__-_2018_-_Updated_Metal_Compounds__MOFs___S___OH___N___C__Us_reactions.json,"Updated Metal Compounds (MOFs, –S, –OH, –N, –C) Used as Cathode Materials for Lithium–Sulfur Batteries",10.1002/aenm.201702607,Advanced Energy Materials,2018,review article,review,True,97.92,Excellent,1,4,3,3,1,1,XPS,lithium–sulfur batteries|cathode materials|metal compounds
Xu_et_al__-_2019_-_Li_metal-free_rechargeable_all-solid-state_Li2SSi_reactions.json,Li metal-free rechargeable all-solid-state Li2S/Si battery based on Li7P3S11 electrolyte,10.1007/s10008-019-04409-z,Journal of Solid State Electrochemistry,2019,research-article,experimental_synthesis,True,79.79,Good,3,8,4,13,7,10,XRD|SEM|TEM|TEM|Cyclic voltammetry|Galvanostatic cycling|EIS,all-solid-state battery|sulfide electrolyte|Li2S cathode|silicon anode
Xu_et_al__-_2022_-_A_green_and_sustainable_strategy_toward_lithium_re_reactions.json,A green and sustainable strategy toward lithium resources recycling from spent batteries,10.1126/sciadv.abq7948,Science Advances,2022,materials_synthesis,experimental_synthesis,True,83.74,Good,4,12,7,15,6,10,SEM|Water contact angle|ICP|EIS|TGA|DFT calculation,LLZTO|solid electrolyte|P3HT coating|battery recycling
Xu_et_al__-_2023_-_Machine_learning_molecular_dynamics_simulation_ide_reactions.json,Machine learning molecular dynamics simulation identifying weakly negative effect of polyanion rotation on Li-ion migration,10.1038/s41524-023-01049-w,npj Computational Materials,2023,computational study,computational,False,98.39,Excellent,5,5,0,0,3,6,MLMD|MLMD|Helmholtz free energy surface analysis,solid-state electrolyte|MLMD|ionic conductivity|polyanion rotation
Yamada_et_al__-_2011_-_Lithium_ion_conduction_mechanism_in_LiInI4_studied_reactions.json,Lithium ion conduction mechanism in LiInI4 studied by single crystal 7Li NMR,10.1016/j.ssi.2011.02.020,Solid State Ionics,2011,inorganic solid-state synthesis and characterization,experimental_synthesis,True,98.53,Excellent,1,5,4,5,5,10,XRD|DSC|EIS|NMR|NMR,LiInI4|solid electrolyte|single crystal|NMR|ionic conductivity
Yamada_et_al__-_2014_-_Interfacial_phenomena_between_lithium_ion_conducto_reactions.json,Interfacial phenomena between lithium ion conductors and cathodes,10.1016/j.ssi.2013.10.001,Solid State Ionics,2014,research article,experimental_synthesis,True,99.0,Excellent,3,10,5,8,5,6,XRD|SEM|EIS|Ionic conductivity measurement|N2 sorption,solid electrolyte|nanocomposite|lithium ion conductivity
Yamane_et_al__-_2007_-_Crystal_structure_of_a_superionic_conductor__Li7P3_reactions.json,"Crystal structure of a superionic conductor, Li7P3S11",10.1016/j.ssi.2007.05.020,Solid State Ionics,2007,research article,experimental_synthesis,True,81.82,Good,1,6,2,2,2,10,XRD|Archimedes density measurement,superionic conductor|solid electrolyte|glass ceramics|crystal structure
Yan_-_2023_-_Symmetric_Cells_as_an_Analytical_Tool_for_Battery__reactions.json,"Symmetric Cells as an Analytical Tool for Battery Research: Assembly, Operation, and Data Analysis Strategies",10.1149/1945-7111/acaf42,Journal of The Electrochemical Society,2023,review,review,True,86.21,Good,2,8,7,7,2,0,EIS|Galvanostatic cycling,symmetric cell|battery|EIS|cell assembly
Yan_et_al__-_2020_-_A_review_on_dopingcoating_of_nickel-rich_cathode__reactions.json,A review on doping/coating of nickel-rich cathode materials for lithium-ion batteries,10.1016/j.jallcom.2019.153048,Journal of Alloys and Compounds,2020,review article,review,False,100.0,Excellent,0,0,0,0,1,1,SEM,nickel-rich cathode|doping|coating|lithium-ion batteries
Yan_et_al__-_2023_-_Hard-carbon-stabilized_Li_Si_anodes_for_high-perfo_reactions.json,Hard-carbon-stabilized Li–Si anodes for high-performance all-solid-state Li-ion batteries,10.1038/s41560-023-01279-8,Nature Energy,2023,materials_synthesis,experimental_synthesis,True,99.11,Excellent,3,13,5,6,5,6,XRD|SEM|XPS|BET|Ionic conductivity measurement,solid electrolyte|hard carbon|Li–Si alloy|all-solid-state battery
Yang_et_al__-_2012_-_High-Capacity_Micrometer-Sized_Li_2_S_P_reactions.json,High-Capacity Micrometer-Sized Li2S Particles as Cathode Materials for Advanced Rechargeable Lithium-Ion Batteries,10.1021/ja3052206,Journal of the American Chemical Society,2012,research article,experimental_synthesis,True,98.97,Excellent,3,11,4,7,4,8,SEM|Cyclic voltammetry|EIS|XRD,battery|cathode|Li2S|lithium-ion
Yang_et_al__-_2015_-_Exploring_the_possibilities_of_two-dimensional_tra_reactions.json,Exploring the possibilities of two-dimensional transition metal carbides as anode materials for sodium batteries,10.1039/c4cp05140h,Physical Chemistry Chemical Physics,2015,computational study,computational,False,97.96,Excellent,9,0,0,0,0,0,,DFT|MXene|sodium ion battery|anode
Yang_et_al__-_2016_-_Elastic_Properties__Defect_Thermodynamics__Electro_reactions.json,"Elastic Properties, Defect Thermodynamics, Electrochemical Window, Phase Stability, and Li+ Mobility of Li3PS4: Insights from First-Principles Calculations",10.1021/acsami.6b06754,ACS Applied Materials & Interfaces,2016,computational study,computational,False,97.56,Excellent,2,5,0,0,0,0,,solid electrolyte|Li3PS4|first-principles calculations|ionic conductivity
Yang_et_al__-_2017_-_Predicting_point_defect_equilibria_across_oxide_he_reactions.json,Predicting point defect equilibria  across oxide hetero-interfaces: model system of ZrO2/Cr2O3,,Physical Chemistry Chemical Physics,2016,computational study,computational,False,96.77,Excellent,1,2,0,0,2,4,DFT calculation|Density-Functional Perturbation Theory (DFPT),point defects|oxide interface|continuum model|molecular dynamics|DFT
Yang_et_al__-_2019_-_Aqueous_Li-ion_battery_enabled_by_halogen_conversi_reactions.json,Aqueous Li-ion battery enabled by halogen conversion–intercalation chemistry in graphite,10.1038/s41586-019-1175-6,Nature,2019,materials synthesis and electrochemistry,experimental_synthesis,True,76.98,Good,4,13,6,6,7,9,Cyclic voltammetry|Galvanostatic cycling|GITT|EIS|Raman spectroscopy|XRD|XANES/EXAFS,graphite intercalation compound|aqueous lithium-ion battery|halogen conversion–intercalation|water-in-salt electrolyte
Yang_et_al__-_2020_-_Holey_graphite_A_promising_anode_material_with_ul_reactions.json,Holey graphite: A promising anode material with ultrahigh storage for lithium-ion battery,10.1016/j.electacta.2020.136244,Electrochimica Acta,2020,computational study,computational,False,86.0,Good,4,3,0,0,3,7,DFT calculation|DFT calculation|CI-NEB,lithium-ion battery|graphite anode|holey graphite|first-principles calculation
Yang_et_al__-_2022_-_Unravelling_capacity_fading_mechanisms_in_sodium_v_reactions.json,Unravelling capacity fading mechanisms in sodium vanadyl phosphate for aqueous sodium-ion batteries,10.1016/j.jcis.2022.07.108,Journal of Colloid and Interface Science,2022,materials_synthesis,experimental_synthesis,True,96.8,Excellent,3,12,10,14,4,7,TEM|XRD|Galvanostatic cycling|Galvanostatic cycling,NASICON|aqueous sodium-ion battery|capacity fading|iron doping
Yazdani_et_al__-_2021_-_Heterointerface_Effects_on_Lithium-Induced_Phase_T_reactions.json,Heterointerface Effects on Lithium-Induced Phase Transitions in Intercalated MoS2,10.1021/acsami.0c21495,ACS Applied Materials & Interfaces,2021,materials synthesis and electrochemical study,experimental_synthesis,True,78.05,Good,1,17,8,20,2,5,Raman spectroscopy|Optical microscopy (in situ),MoS2|hBN|heterostructure|lithium intercalation|phase transition
Yi_et_al__-_2015_-_Facile_in_Situ_Preparation_of_Graphitic-C_3_reactions.json,Facile in Situ Preparation of Graphitic-C3N4@carbon Paper As an Efficient Metal-Free Cathode for Nonaqueous Li−O2 Battery,10.1021/acsami.5b01727,ACS Applied Materials & Interfaces,2015,research article,experimental_synthesis,True,97.83,Excellent,2,9,5,5,5,5,XRD|SEM|Raman spectroscopy|XPS|Galvanostatic discharge/charge,Li-O2 battery|cathode synthesis|graphitic carbon nitride|metal-free catalyst
Yu_and_Manthiram_-_2018_-_Electrode_electrolyte_interfaces_in_lithium-based__reactions.json,Electrode–electrolyte interfaces in lithium-based batteries,10.1039/c7ee02555f,Energy & Environmental Science,2018,review,review,True,100.0,Excellent,1,3,1,3,1,1,TEM,lithium batteries|electrode–electrolyte interface|solid-state electrolytes
Yu_and_Manthiram_-_2019_-_Sodium-Sulfur_Batteries_with_a_Polymer-Coated_NASI_reactions.json,Sodium-Sulfur Batteries with a Polymer-Coated NASICON-type Sodium-Ion Solid Electrolyte,10.1016/j.matt.2019.03.008,Matter,2019,materials_synthesis_and_battery_assembly,experimental_synthesis,True,94.29,Excellent,5,17,6,23,5,8,XRD|SEM|FTIR|NMR|EIS,sodium-sulfur battery|solid electrolyte|polymer coating|NASICON|PIN polymer
Yu_and_Siegel_-_2017_-_Grain_Boundary_Contributions_to_Li-Ion_Transport_i_reactions.json,Grain Boundary Contributions to Li-Ion Transport in the Solid Electrolyte Li7La3Zr2O12 (LLZO),10.1021/acs.chemmater.7b02805,Chemistry of Materials,2017,computational study,computational,True,98.41,Excellent,1,5,5,5,2,8,DFT calculation|Monte Carlo simulation,solid electrolyte|LLZO|grain boundaries|molecular dynamics|Monte Carlo
Yu_and_Siegel_-_2022_-_Atomic_Scal_reactions.json,Atomic Scale Simulations of the Solid Electrolyte Li7La3Zr2O12,,,2018,PhD Dissertation,other,True,85.71,Good,1,8,4,4,4,10,DFT calculation|DFT calculation|DFT calculation|DFT calculation,solid electrolyte|LLZO|DFT|molecular dynamics|grain boundary|ionic conductivity|electrochemical window
Yu_and_Siegel_-_Grain_Boundary_Contributions_to_Li-ion_Transport_i_reactions.json,Grain Boundary Contributions to Li-ion Transport in the Solid Electrolyte Li7La3Zr2O12 (LLZO),,,,supporting_information,supporting_info,True,98.39,Excellent,1,5,4,4,3,54,DFT calculation|Element counting in simulation cells|Structural parameters of GB cells,solid electrolyte|LLZO|grain boundary|molecular dynamics|lithium ion transport
Yu_et_al__-_2019_-_Flexible_Stable_Solid-State_Al-Ion_Batteries_reactions.json,Flexible Stable Solid-State Al-Ion Batteries,10.1002/adfm.201806799,Advanced Functional Materials,2019,research article,experimental_synthesis,True,98.96,Excellent,1,8,5,5,9,14,Raman spectroscopy|NMR|FT-IR|SEM|Cyclic voltammetry|Cyclic voltammetry|EIS|Steady-state current measurement|Battery cycling test,aluminum-ion battery|gel polymer electrolyte|solid-state battery|flexible energy storage
Yu_et_al__-_2020_-_Tuning_ionic_conductivity_and_electrode_compatibil_reactions.json,Tuning ionic conductivity and electrode compatibility of Li3YBr6 for high-performance all solid-state Li batteries,10.1016/j.nanoen.2020.105097,Nano Energy,2020,research-article,experimental_synthesis,True,76.25,Good,2,9,2,3,5,8,EIS|EIS|NMR|Neutron diffraction|XANES/EXAFS,solid electrolyte|Li3YBr6|ionic conductivity|all-solid-state battery
Yuan_et_al__-_2020_-_An_ultrastable_lithium_metal_anode_enabled_by_desi_reactions.json,An ultrastable lithium metal anode enabled by designed metal fluoride spansules,10.1126/sciadv.aaz3112,Science Advances,2020,materials_synthesis,experimental_synthesis,True,77.08,Good,2,9,6,13,5,7,XRD|SEM|TEM|ICP|TEM,metal fluoride spansules|lithium metal anode|core-shell microcubes
Yuan_et_al__-_2022_-_The_abrupt_degradation_of_LiFePO4graphite_battery_reactions.json,The abrupt degradation of LiFePO4/graphite battery induced by electrode inhomogeneity,10.1016/j.ssi.2021.115832,Solid State Ionics,2022,research article,experimental_synthesis,True,99.0,Excellent,3,10,5,16,5,9,XPS|Raman spectroscopy|SEM|Galvanostatic cycling|Coin cell capacity testing,lithium-ion batteries|LiFePO4|graphite|electrode homogeneity|abrupt degradation
Zafar_et_al__-_2017_-_Cathode_materials_for_rechargeable_aluminum_batter_reactions.json,Cathode materials for rechargeable aluminum batteries: current status and progress,10.1039/c7ta00282c,Journal of Materials Chemistry A,2017,review article,review,True,97.73,Excellent,1,4,2,2,1,1,TEM,rechargeable aluminum batteries|cathode materials|ionic liquids
Zalewska_-_2003_-_New_poly_acrylamide__based__polymer_in_salt__elect_reactions.json,New poly(acrylamide) based (polymer in salt) electrolytes: preparation and spectroscopic characterization,,Solid State Ionics,2003,research article,experimental_synthesis,True,98.77,Excellent,4,8,2,9,4,6,EIS|DSC|FTIR|MALDI-ToF mass spectrometry,polymer electrolyte|lithium batteries|poly(acrylamide)|polymer-in-salt
Zeng_and_Li_-_2014_-_Innovative_application_of_ionic_liquid_to_separate_reactions.json,Innovative application of ionic liquid to separate Al and cathode materials from spent high-power lithium-ion batteries,10.1016/j.jhazmat.2014.02.001,Journal of Hazardous Materials,2014,materials_recycling,experimental_synthesis,True,94.03,Excellent,2,5,5,6,2,4,ICP|XRD,lithium-ion batteries|ionic liquid|aluminum recovery|cathode recycling
Zeng_and_Zhu_-_2015_-_Surface_morphology__elastic_modulus_and_hardness_o_reactions.json,"Surface morphology, elastic modulus and hardness of thin film cathodes for Li-ion rechargeable batteries",10.1016/j.mechmat.2015.05.005,Mechanics of Materials,2015,materials science,other,True,98.89,Excellent,2,11,4,5,3,8,SEM|AFM|Nanoindentation,thin film|cathode|Li-ion battery
Zhang_-_2019_-_Anode-less_reactions.json,Anode-less,10.1038/s41560-019-0449-4,Nature Energy,2019,news & views commentary,perspective,True,98.53,Excellent,2,7,4,4,1,1,SEM,lithium-ion batteries|anode-free|dual-salt electrolyte
Zhang_et_al__-_2017_-_A_tin-plated_copper_substrate_for_efficient_cyclin_reactions.json,A tin-plated copper substrate for efficient cycling of lithium metal in an anode-free rechargeable lithium battery,10.1016/j.electacta.2017.11.175,Electrochimica Acta,2017,research-article,experimental_synthesis,True,99.01,Excellent,1,14,4,5,4,7,XRD|SEM|EDX/EDS|EIS,lithium battery|electroless tin plating|current collector modification
Zhang_et_al__-_2017_-_Designing_flexible_2D_transition_metal_carbides_wi_reactions.json,Designing flexible 2D transition metal carbides with strain-controllable lithium storage,10.1073/pnas.1717219115,Proceedings of the National Academy of Sciences,2017,research-article,computational,False,81.69,Good,12,1,0,0,2,6,DFT calculation|CI-NEB,MXene|DFT|Li-ion battery|2D materials
Zhang_et_al__-_2017_-_The_Detrimental_Effects_of_Carbon_Additives_in_Li__reactions.json,The Detrimental Effects of Carbon Additives in Li10GeP2S12-Based Solid-State Batteries,10.1021/acsami.7b11530,ACS Applied Materials & Interfaces,2017,research article,experimental_synthesis,True,82.35,Good,1,8,6,6,4,4,Ionic conductivity measurement|EIS|XRD|XPS,solid-state battery|thiophosphate electrolyte|carbon additive
Zhang_et_al__-_2018_-_Degradation_Mechanisms_at_the_Li_10_GeP_reactions.json,Degradation Mechanisms at the Li10GeP2S12/LiCoO2 Cathode Interface in an All-Solid-State Lithium-Ion Battery,10.1021/acsami.8b05132,ACS Applied Materials & Interfaces,2018,research article,experimental_synthesis,True,83.12,Good,2,6,5,5,4,6,Galvanostatic cycling|EIS|XRD|XPS,solid-state battery|interface degradation|Li10GeP2S12|LiCoO2
Zhang_et_al__-_2018_-_Lithiophilic-lithiophobic_gradient_interfacial_lay_reactions.json,Lithiophilic-lithiophobic gradient interfacial layer for a highly stable lithium metal anode,10.1038/s41467-018-06126-z,Nature Communications,2018,materials_synthesis,experimental_synthesis,True,76.71,Good,4,16,11,19,3,11,EIS|EIS|EIS,lithium metal anode|interfacial layer|carbon nanotube|ZnO|gradient coating
Zhang_et_al__-_2018_-_Two-Dimensional_GaN_An_Excellent_Electrode_Materi_reactions.json,Two-Dimensional GaN: An Excellent Electrode Material Providing Fast Ion Diffusion and High Storage Capacity for Li-Ion and Na-Ion Batteries,10.1021/acsami.8b15139,ACS Applied Materials & Interfaces,2018,computational study,computational,False,98.25,Excellent,1,4,0,0,8,13,Formation-energy calculation|Adsorption energy calculation|Bader charge analysis|Density of States (DOS)|NEB diffusion barrier calculation|Voltage profile calculation|Capacity calculation|DFT calculation,2D materials|battery anode|first-principles calculations
Zhang_et_al__-_2019_-_Unsupervised_discovery_of_solid-state_lithium_ion__reactions.json,Unsupervised discovery of solid-state lithium ion conductors,10.1038/s41467-019-13214-1,Nature Communications,2019,research article,computational,False,80.0,Good,4,4,0,0,0,0,,solid-state lithium ion conductors|unsupervised learning|ab initio molecular dynamics
Zhang_et_al__-_2020_-_Fundamentals_and_perspectives_in_developing_zinc-i_reactions.json,Fundamentals and perspectives in developing zinc-ion battery electrolytes: a comprehensive review,10.1039/d0ee02620d,Energy & Environmental Science,2020,review article,review,False,100.0,Excellent,0,0,0,0,3,6,EIS|EIS|EIS,zinc-ion battery|electrolytes
Zhang_et_al__-_2020_-_Pressure-Driven_Interface_Evolution_in_Solid-State_reactions.json,Pressure-Driven Interface Evolution in Solid-State Lithium Metal Batteries,10.1016/j.xcrp.2019.100012,Cell Reports Physical Science,2020,research article,other,False,90.48,Excellent,0,2,0,0,0,0,,solid-state batteries|lithium metal|interface mechanics
Zhang_et_al__-_2020_-_Recent_Advances_in_MXenes_for_Lithium-Ion_Capacito_reactions.json,Recent Advances in MXenes for Lithium-Ion Capacitors,10.1021/acsomega.9b03662,ACS Omega,2020,review article,review,True,82.48,Good,5,14,9,9,4,4,SEM|TEM|SEM|SEM,MXenes|Lithium-ion capacitors|2D materials
Zhang_et_al__-_2021_-_A_Review_of_Emerging_Dual_Ion_Batteries_Fundament_reactions.json,A Review of Emerging Dual-Ion Batteries: Fundamentals and Recent Advances,10.1002/adfm.202010958,Advanced Functional Materials,2021,review,review,True,98.57,Excellent,2,7,3,3,3,4,porosity measurement|Ionic conductivity measurement|electrolyte uptake test,dual-ion battery|SEI|gel polymer electrolyte
Zhang_et_al__-_2021_-_Liquid_metal_batteries_for_future_energy_storage_reactions.json,Liquid metal batteries for future energy storage,10.1039/d1ee00531f,Energy & Environmental Science,2021,review,review,True,98.67,Excellent,3,7,1,1,6,13,Galvanostatic cycling|Discharge voltage measurement|Galvanostatic cycling|Efficiency measurement|Power density test|Galvanostatic cycling,liquid metal battery|energy storage|alloy electrode|molten salt electrolyte
Zhang_et_al__-_2021_-_Nanoscale_modelling_of_polymer_electrolytes_for_re_reactions.json,Nanoscale modelling of polymer electrolytes for rechargeable batteries,10.1016/j.ensm.2020.12.014,Energy Storage Materials,2021,review article,review,False,100.0,Excellent,0,0,0,0,0,0,,polymer electrolytes|solid-state batteries|nanoscale modelling|molecular dynamics|density functional theory
Zhang_et_al__-_2022_-_Compositionally_complex_doping_for_zero-strain_zer_reactions.json,Compositionally complex doping for zero-strain zero-cobalt layered cathodes,10.1038/s41586-022-05115-z,Nature,2022,materials synthesis,experimental_synthesis,True,75.74,Good,6,13,8,10,5,8,XRD|DSC|TGA|Electrochemical (Galvanostatic)|Cyclic voltammetry,lithium-ion batteries|high-entropy cathode|zero-cobalt|layered oxide
Zhang_et_al__-_2022_-_Gallium_based_liquid_metals_for_lithium_ion_batter_reactions.json,Gallium ‐based liquid metals for lithium ‐ion batteries,10.1002/idm2.12042,Interdisciplinary Materials,2022,review_article,review,True,98.08,Excellent,3,3,3,3,1,3,Electrochemical testing,gallium liquid metal|lithium ion battery|self-healing electrodes
Zhang_et_al__-_2022_-_MgAl_Saponite_as_a_Transition-Metal-Free_Anode_Mat_reactions.json,MgAl Saponite as a Transition-Metal-Free Anode Material for Lithium-Ion Batteries,10.1021/acsami.2c17932,ACS Applied Materials & Interfaces,2022,research-article,experimental_synthesis,True,99.32,Excellent,2,16,10,12,7,9,XRD|SEM|TGA|NMR|Electrochemical testing|Electrochemical testing|GITT,layered silicate|lithium-ion battery|anode material
Zhang_et_al__-_2022_-_Rationally_Designed_Sodium_Chromium_Vanadium_Phosp_reactions.json,Rationally Designed Sodium Chromium Vanadium Phosphate Cathodes with Multi-Electron Reaction for Fast-Charging Sodium-Ion Batteries,10.1002/aenm.202201065,Advanced Energy Materials,2022,research article,experimental_synthesis,True,98.51,Excellent,3,4,2,4,6,10,XRD|TGA|Raman spectroscopy|TEM|GITT|DFT calculation,sodium-ion batteries|NASICON|multi-electron cathode
Zhang_et_al__-_2023_-_Long-life_lithium-ion_batteries_realized_by_low-Ni_reactions.json,"Long-life lithium-ion batteries realized by low-Ni, Co-free cathode chemistry",10.1038/s41560-023-01267-y,Nature Energy,2023,materials synthesis and electrochemistry,experimental_synthesis,True,99.03,Excellent,1,12,5,7,6,6,XRD|TEM|EDX/EDS|XANES/EXAFS|XANES/EXAFS|DSC,cobalt-free cathode|lithium-ion batteries|complex concentrated doping|low-Ni
Zhang_et_al__-_2024_-_Exploring_the_Relationship_between_Composition_and_reactions.json,Exploring the Relationship between Composition and Li-Ion Conductivity in the Amorphous Li−La−Zr−O System,10.1021/acsmaterialslett.3c01558,ACS Materials Letters,2024,computational materials study,computational,True,93.83,Excellent,3,4,7,9,4,6,DFT calculation|Radial Distribution Function (RDF)|Ionic conductivity measurement|Literature experimental conductivities,solid electrolytes|garnet|LLZO|interatomic potential|machine learning
Zhao_and_Daemen_-_2012_-_Superionic_Conductivity_in_Lithium-Rich_Anti-Perov_reactions.json,Superionic Conductivity in Lithium-Rich Anti-Perovskites,10.1021/ja305709z,Journal of the American Chemical Society,2012,materials_synthesis,experimental_synthesis,True,95.95,Excellent,3,6,4,6,3,13,XRD|DSC|EIS,solid electrolyte|anti-perovskite|lithium-ion conduction
Zhao_et_al__-_2015_-_Graphene_Oxide_Wrapped_Amorphous_Copper_Vanadium_O_reactions.json,Graphene Oxide Wrapped Amorphous Copper Vanadium Oxide with Enhanced Capacitive Behavior for High-Rate and Long-Life Lithium-Ion Battery Anodes,10.1002/advs.201500154,Advanced Science,2015,materials synthesis and electrochemistry,experimental_synthesis,True,97.22,Excellent,5,8,4,14,9,10,XRD|ICP|BET|TGA|BET|Galvanostatic cycling|Galvanostatic cycling|EIS|Randles–Sevcik analysis,lithium-ion battery|amorphous metal oxide|graphene oxide composite
Zhong_et_al__-_2020_-_A_Highly_Efficient_All_Solid_State_LithiumElectro_reactions.json,A Highly Efficient All-Solid-State Lithium/Electrolyte Interface Induced by an Energetic Reaction,10.1002/anie.202004477,Angewandte Chemie International Edition,2020,materials synthesis and electrochemistry,experimental_synthesis,True,98.77,Excellent,3,7,4,8,4,4,XRD|SEM|TEM|XPS,solid-state battery|Li metal anode|garnet electrolyte|interface engineering
Zhou_et_al__-_2019_-_Na_3_V_2__PO_4____reactions.json,Na3V2(PO4)3 as the Sole Solid Energy Storage Material for Redox Flow Sodium-Ion Battery,10.1002/aenm.201901188,Advanced Energy Materials,2019,materials synthesis and electrochemical device assembly,experimental_synthesis,True,81.18,Good,1,12,2,4,4,1,XRD|XPS|XANES/EXAFS|UV–vis spectroscopy,redox flow battery|sodium-ion|NASICON|redox targeting
Zhou_et_al__-_2019_-_New_Family_of_Argyrodite_Thioantimonate_Lithium_Su_reactions.json,New Family of Argyrodite Thioantimonate Lithium Superionic Conductors,10.1021/jacs.9b08357,Journal of the American Chemical Society,2019,research article,experimental_synthesis,True,84.34,Good,4,7,5,8,2,4,EIS|XRD,solid-state electrolyte|argyrodite|lithium superionic conductor
Zhou_et_al__-_2020_-_Symmetric_Sodium-Ion_Battery_Based_on_Dual-Electro_reactions.json,Symmetric Sodium-Ion Battery Based on Dual-Electron Reactions of NASICON-Structured Na3MnTi(PO4)3 Material,10.1021/acsami.0c05784,ACS Applied Materials & Interfaces,2020,materials synthesis and electrochemistry,experimental_synthesis,True,98.92,Excellent,1,8,5,7,8,10,XRD|TGA|Raman spectroscopy|SEM|TEM|SAED|Cyclic voltammetry|EIS,NASICON|sodium-ion battery|sol-gel synthesis|symmetric cell
Zhou_et_al__-_2020_-_The_Current_Process_for_the_Recycling_of_Spent_Lit_reactions.json,The Current Process for the Recycling of Spent Lithium Ion Batteries,10.3389/fchem.2020.578044,Frontiers in Chemistry,2020,mini review,review,True,97.26,Excellent,4,7,4,4,0,0,,battery recycling|hydrometallurgy|leaching
Zhou_et_al__-_2021_-_Innovative_Approaches_to_Li-Argyrodite_Solid_Elect_reactions.json,Innovative Approaches to Li-Argyrodite Solid Electrolytes for All-Solid-State Lithium Batteries,10.1021/acs.accounts.0c00874,Accounts of Chemical Research,2021,review_article,review,True,97.73,Excellent,7,6,5,5,1,7,EIS,solid electrolyte|argyrodite|lithium battery
Zhou_et_al__-_2022_-_Lithium_Bromide-Induced_Organic-Rich_CathodeElect_reactions.json,Lithium Bromide-Induced Organic-Rich Cathode/Electrolyte Interphase for High-Voltage and Flame-Retardant All-Solid-State Lithium Batteries,10.1021/acsami.2c05016,ACS Applied Materials & Interfaces,2022,research article,experimental_synthesis,True,98.48,Excellent,2,5,4,5,3,7,EIS|DSC|Cone calorimeter,solid polymer electrolyte|flame retardant|all-solid-state battery|high voltage
Zhou_et_al__-_2022_-_Modification_of_Cu_current_collectors_for_lithium__reactions.json,Modification of Cu current collectors for lithium metal batteries – A review,10.1016/j.pmatsci.2022.100996,Progress in Materials Science,2022,review,review,False,100.0,Excellent,0,0,0,0,0,0,,Lithium metal battery|Copper current collector|Modification|Anode-free
Zhou_et_al__-_2024_-_Healable_and_conductive_sulfur_iodide_for_solid-st_reactions.json,Healable and conductive sulfur iodide for solid-state Li–S batteries,10.1038/s41586-024-07101-z,Nature,2024,materials synthesis and electrochemistry,experimental_synthesis,True,79.17,Good,2,10,5,6,5,7,DSC|XRD|Ionic conductivity measurement|SEM|Electrochemical testing,solid-state battery|sulfur iodide|conductive sulfur|healable interface
zhu-et-al-2015-origin-of-outstanding-stability-in-the-lithium-solid-electrolyte-materials-insights-from-thermodynamicsup_reactions.json,Origin of Outstanding Stability in the Lithium Solid Electrolyte Materials: Insights from Thermodynamic Analyses Based on First Principles Calculations,,,,computational study,computational,False,100.0,Excellent,13,0,0,0,1,1,DFT calculation,solid electrolytes|first-principles calculations|thermodynamic stability
Zhu_et_al__-_2014_-_Carbon-Coated_Na_3_V_2__PO__reactions.json,Carbon-Coated Na3V2(PO4)3 Embedded in Porous Carbon Matrix: An Ultrafast Na-Storage Cathode with the Potential of Outperforming Li Cathodes,10.1021/nl500548a,Nano Letters,2014,journal article,experimental_synthesis,True,89.06,Good,1,5,3,3,5,13,XRD|BET|Raman spectroscopy|TEM|Elemental analysis,sodium-ion batteries|cathode|nanocomposite|carbon coating|NASICON
Zhu_et_al__-_2015_-_Origin_of_Outstanding_Stability_in_the_Lithium_Sol_reactions.json,Origin of Outstanding Stability in the Lithium Solid Electrolyte Materials: Insights from Thermodynamic Analyses Based on First Principles Calculations,,,,computational study,computational,False,100.0,Excellent,18,0,0,0,1,10,DFT calculation,solid electrolyte|first-principles calculations|thermodynamic stability
Zhu_et_al__-_2020_-_Single-atom-layer_traps_in_a_solid_electrolyte_for_reactions.json,Single-atom-layer traps in a solid electrolyte for lithium batteries,10.1038/s41467-020-15544-x,Nature Communications,2020,research-article,experimental_synthesis,True,78.89,Good,1,5,8,8,7,7,XRD|ICP|DC conductivity|EIS|TEM|EDX/EDS|EELS,solid electrolyte|LLTO|ionic conductivity|electron microscopy|defects
Zhu_et_al__-_2021_-_An_unconventional_full_dual-cation_battery_reactions.json,An unconventional full dual-cation battery,10.1016/j.nanoen.2020.105539,Nano Energy,2021,research article,experimental_synthesis,True,74.12,Acceptable,2,5,5,5,8,8,XRD|SEM|TEM|TEM|FT-IR|XPS|NMR|Cyclic voltammetry,dual-ion battery|Prussian Blue|MXene|aqueous electrolyte
Zhu_et_al__-_2021_-_Concentrated_dual-cation_electrolyte_strategy_for__reactions.json,Concentrated dual-cation electrolyte strategy for aqueous zinc-ion batteries,10.1039/d1ee01472b,Energy & Environmental Science,2021,research_article,experimental_synthesis,True,97.18,Excellent,2,6,2,2,6,7,Viscosity measurement|Ionic conductivity measurement|Coulombic efficiency test (Ti/Zn cell)|Galvanostatic charge–discharge|Cycling stability test|Self-discharge test,aqueous zinc-ion battery|dual-cation electrolyte|sodium vanadate cathode|water-in-salt
Zimmer_et_al__-_2000_-_Charge_carrier_interactions_in_ionic_conductors_A_reactions.json,Charge carrier interactions in ionic conductors: A classical molecular-dynamics and Monte Carlo study on AgI,10.1063/1.481205,Journal of Chemical Physics,2000,computational study,computational,False,93.33,Excellent,1,1,0,0,3,7,DFT calculation|DFT calculation|Monte Carlo simulation (phonon-only constraint),ionic conductors|molecular dynamics|Monte Carlo|defect chemistry|AgI
Zuo_et_al__-_2023_-_Layered_Oxide_Cathodes_for_Sodium-Ion_Batteries_S_reactions.json,"Layered Oxide Cathodes for Sodium-Ion Batteries: Storage Mechanism, Electrochemistry, and Techno-economics",10.1021/acs.accounts.2c00690,Accounts of Chemical Research,2023,review_article,review,True,98.28,Excellent,4,4,1,1,3,5,Ionic conductivity measurement|Electrochemical stability window|Galvanostatic cycling,sodium-ion batteries|layered oxides|electrolyte|techno-economics
