file,paper,group,section,path,item_id,item_name,is_supported,confidence,contradiction,reasoning_excerpt,suggested_fix
Verified_2019_-_Recycle_spent_batteries_reactions.json,2019_-_Recycle_spent_batteries,high,targets,targets[0],target_1,Cobalt,False,0.7,,"The provided text (an editorial on battery recycling) mentions cobalt in narrative form (e.g., “cobalt and lithium recovery rates…”, “cobalt and lithium price fluctuations”) and refers to compounds li",Not specified
Verified_2019_-_Recycle_spent_batteries_reactions.json,2019_-_Recycle_spent_batteries,high,targets,targets[1],target_2,Lithium,False,0.78,,"The provided text is an editorial about recycling lithium-ion batteries. It mentions “lithium” in various compound names (e.g., lithium-ion batteries, lithium cobalt oxides) and discusses lithium reco",Not specified
Verified_2019_-_Recycle_spent_batteries_reactions.json,2019_-_Recycle_spent_batteries,high,chemicals,chemicals[0],chem_1,deep eutectic solvent,True,0.84,false_positive_suspect,The text explicitly mentions the chemical identity as “deep eutectic solvents” (“method of using deep eutectic solvents to dissolve and extract valuable metals…”). Nowhere in the provided document is ,
Verified_2019_-_Recycle_spent_batteries_reactions.json,2019_-_Recycle_spent_batteries,high,chemicals,chemicals[1],chem_2,lithium cobalt oxide,False,0.85,,"The text mentions “lithium cobalt oxides” (plural) as a class of cathode materials, but it does not explicitly state the specific chemical identity “lithium cobalt oxide” (singular, typically implying",Chemical identity: lithium cobalt oxides (cathode materials). Amount: Not specified in text.
Verified_2019_-_Recycle_spent_batteries_reactions.json,2019_-_Recycle_spent_batteries,high,chemicals,chemicals[2],chem_3,lithium nickel manganese oxide,True,0.93,,"The text explicitly mentions the chemical identity as “lithium nickel manganese oxides” (cathode materials). No amount/concentration/mass is provided anywhere in the provided document, so “Amount: Not",
Verified_2019_-_Recycle_spent_batteries_reactions.json,2019_-_Recycle_spent_batteries,high,chemicals,chemicals[3],chem_4,Cobalt,True,0.96,,"The document mentions cobalt (e.g., lithium cobalt oxides; cobalt and lithium price fluctuations; cobalt recovery rates), but nowhere provides a specific amount (mass, concentration, molar ratio, etc.",
Verified_2019_-_Recycle_spent_batteries_reactions.json,2019_-_Recycle_spent_batteries,high,chemicals,chemicals[4],chem_5,Lithium,True,0.95,false_positive_suspect,"The text discusses lithium extensively (e.g., “lithium-ion batteries”, “lithium nickel cobalt aluminium oxides”, “lithium recovery rates...”), confirming the chemical identity as lithium. Nowhere in t",
Verified_2019_-_Recycle_spent_batteries_reactions.json,2019_-_Recycle_spent_batteries,high,synthesis,synthesis.steps[0].operations[0],dissolve,,True,0.88,,The source text explicitly uses the term “dissolve” to describe the operation: “method of using deep eutectic solvents to dissolve and extract valuable metals from cathode materials…”. This supports t,
Verified_2019_-_Recycle_spent_batteries_reactions.json,2019_-_Recycle_spent_batteries,high,synthesis,synthesis.steps[0].operations[1],extract,,False,0.88,,"The provided text is an editorial about lithium-ion battery recycling and mentions “extractive metallurgical processes” and “dissolve and extract valuable metals,” but it does not describe any experim",Not specified
Verified_2019_-_Recycle_spent_batteries_reactions.json,2019_-_Recycle_spent_batteries,high,workflow,workflow.timeline[0],unknown,Use biodegradable deep eutectic solvent to dissolve and extract metals from spent cathode materials.,True,0.87,,The source text explicitly states that Ajayan and team report “a method of using deep eutectic solvents to dissolve and extract valuable metals from cathode materials…” and adds that “The solvents use,
Verified_2019_-_Recycle_spent_batteries_reactions.json,2019_-_Recycle_spent_batteries,high,workflow,workflow.ambiguities[0],"No synthesis parameters provided (temperature, time, solvent composition).",,True,0.92,,The provided source text is a one-page editorial summarizing battery recycling challenges and briefly mentioning Ajayan’s team using deep eutectic solvents with up to 90% Co/Li recovery. It does not i,
Verified_2019_-_Recycle_spent_batteries_reactions.json,2019_-_Recycle_spent_batteries,high,analysis,analysis.methods[0],unknown,,False,0.94,,"The provided full text (Nature Energy editorial on recycling spent batteries, page 253) does not mention any specific 'Analysis Method' used in a study. It discusses recycling techniques in general (p",Not specified
Verified_2019_-_Recycle_spent_batteries_reactions.json,2019_-_Recycle_spent_batteries,high,final_outcomes,final_outcomes,unknown,,False,0.9,,"The provided text is an editorial and does not report a ""Final Yield"". The only similar quantitative figure is that the referenced method achieves ""cobalt and lithium recovery rates of up to 90%"". Tha","If the intended field is recovery rate, use: ""cobalt and lithium recovery rates of up to 90%"". Otherwise, for ""Final Yield"" specifically: Not specified in the text."
Verified__BatteriesSupercaps__Designing_Lithium_Argyrodite_Solid_State_Electrolytes_for_High_Performance_reactions.json,_BatteriesSupercaps__Designing_Lithium_Argyrodite_Solid_State_Electrolytes_for_High_Performance,high,targets,targets[0],target_1,Li6PS5Cl,True,0.98,,"The paper explicitly discusses lithium argyrodite compositions including Li6PS5X (X=Cl, Br, I) and repeatedly names the specific compound Li6PS5Cl (e.g., Page 3 bio: ""Li6PS5Cl electrolyte""; Page 9–14 ",
Verified__BatteriesSupercaps__Designing_Lithium_Argyrodite_Solid_State_Electrolytes_for_High_Performance_reactions.json,_BatteriesSupercaps__Designing_Lithium_Argyrodite_Solid_State_Electrolytes_for_High_Performance,high,chemicals,chemicals[0],chem_1,Li2S,True,0.86,,"The paper explicitly mentions Li2S multiple times (e.g., in Figure 6 caption referring to an “electrode Li2S-Li6PS5Cl mixture” and in reaction equations/products), confirming the chemical identity. Ho",
Verified__BatteriesSupercaps__Designing_Lithium_Argyrodite_Solid_State_Electrolytes_for_High_Performance_reactions.json,_BatteriesSupercaps__Designing_Lithium_Argyrodite_Solid_State_Electrolytes_for_High_Performance,high,chemicals,chemicals[1],chem_2,P2S5,False,0.9,,"The paper does mention P2S5 as a raw material/precursor in several synthesis descriptions (e.g., “raw materials including LiCl, Li2S, and P2S5…”, and multiple places stating “Li2S, P2S5, and LiX…”). H","P2S5 | Amount: specified stoichiometrically in Eq. (5) as 1 equivalent (e.g., “5 Li2S + 1 P2S5 + 2 LiBr …”); no absolute mass/volume given."
Verified__BatteriesSupercaps__Designing_Lithium_Argyrodite_Solid_State_Electrolytes_for_High_Performance_reactions.json,_BatteriesSupercaps__Designing_Lithium_Argyrodite_Solid_State_Electrolytes_for_High_Performance,high,chemicals,chemicals[2],chem_3,LiCl,True,0.74,,"The document explicitly mentions LiCl multiple times (e.g., Page 9: raw materials including LiCl, Li2S, and P2S5; Page 12: decomposition into LiCl; Page 13: LiX precursors include LiCl). However, no s",
Verified__BatteriesSupercaps__Designing_Lithium_Argyrodite_Solid_State_Electrolytes_for_High_Performance_reactions.json,_BatteriesSupercaps__Designing_Lithium_Argyrodite_Solid_State_Electrolytes_for_High_Performance,high,synthesis,synthesis.steps[0].operations[0],ball_mill,,True,0.9,,The source text explicitly describes the solid-state synthesis method for lithium argyrodite as consisting of “two steps: ball milling and followed by the sintering process” and repeatedly discusses “,
Verified__BatteriesSupercaps__Designing_Lithium_Argyrodite_Solid_State_Electrolytes_for_High_Performance_reactions.json,_BatteriesSupercaps__Designing_Lithium_Argyrodite_Solid_State_Electrolytes_for_High_Performance,high,synthesis,synthesis.steps[1].operations[0],anneal,,True,0.78,,The paper explicitly describes “annealing” as a step in the solid-state synthesis procedure for lithium argyrodite: “The conventional procedures of the solid-state method… include two steps: ball mill,
Verified__BatteriesSupercaps__Designing_Lithium_Argyrodite_Solid_State_Electrolytes_for_High_Performance_reactions.json,_BatteriesSupercaps__Designing_Lithium_Argyrodite_Solid_State_Electrolytes_for_High_Performance,high,workflow,workflow.timeline[0],unknown,Low-speed milling at 110 rpm for 1 h,True,0.93,,The source text explicitly states: “the raw materials were ground initially at low rating speeding (such as 110 rpm) for 1 h” in the Solid-Phase Synthesis Method section (Page 14). This matches the ex,
Verified__BatteriesSupercaps__Designing_Lithium_Argyrodite_Solid_State_Electrolytes_for_High_Performance_reactions.json,_BatteriesSupercaps__Designing_Lithium_Argyrodite_Solid_State_Electrolytes_for_High_Performance,high,workflow,workflow.timeline[1],unknown,Annealing at 823 K for 10 h to crystallize Li6PS5Cl,False,0.92,,"The provided full text discusses synthesis of Li6PS5Cl via ball milling followed by annealing/sintering, but it does not explicitly state a workflow step of “Annealing at 823 K for 10 h to crystallize","Annealing/sintering at 550°C (823 K) for 10 h is reported as a synthesis condition for obtaining/purifying Li6PS5Cl (e.g., ‘anneals the mixed precursors at 550°C for 10 h’ / ‘Pure Li6PS5Cl crystals we"
Verified__BatteriesSupercaps__Designing_Lithium_Argyrodite_Solid_State_Electrolytes_for_High_Performance_reactions.json,_BatteriesSupercaps__Designing_Lithium_Argyrodite_Solid_State_Electrolytes_for_High_Performance,high,workflow,workflow.ambiguities[0],Atmosphere during milling and annealing not specified,,True,0.93,,"Across the provided full text, specific synthesis steps for ball milling and annealing/sintering are described (e.g., “anneals the mixed precursors at 550°C for 10 h”), but the atmosphere for these pa",
Verified__BatteriesSupercaps__Designing_Lithium_Argyrodite_Solid_State_Electrolytes_for_High_Performance_reactions.json,_BatteriesSupercaps__Designing_Lithium_Argyrodite_Solid_State_Electrolytes_for_High_Performance,high,characterization,characterization[0],Ionic conductivity measurement,Ionic conductivity measurement,True,0.98,false_positive_suspect,"The document explicitly reports an ionic conductivity of “4.96×10−3 S cm−1” for Li6PS5Cl at 26.2°C in the solid-phase synthesis discussion (Page 14 in the provided text, under the optimized synthesis ",
Verified_An_et_al__-_2016_-_The_state_of_understanding_of_the_lithium-ion-batt_reactions.json,An_et_al__-_2016_-_The_state_of_understanding_of_the_lithium-ion-batt,high,chemicals,chemicals[0],chem_1,lithium hexafluorophosphate,False,0.78,,"The paper mentions LiPF6 in several electrolyte compositions, including explicitly “1 M LiPF6 in EC:DMC” (page 6) and “1–1.2 M LiPF6 in EC/DEC” as a common electrolyte (page 10). However, the document",LiPF6 | Amount: 1 M (in EC:DMC electrolyte)
Verified_An_et_al__-_2016_-_The_state_of_understanding_of_the_lithium-ion-batt_reactions.json,An_et_al__-_2016_-_The_state_of_understanding_of_the_lithium-ion-batt,high,chemicals,chemicals[1],chem_2,ethylene carbonate,True,0.93,,"The paper explicitly mentions ethylene carbonate (EC) multiple times as an electrolyte solvent component (e.g., in the abbreviations list and in discussions of EC-based electrolytes). However, the doc",
Verified_An_et_al__-_2016_-_The_state_of_understanding_of_the_lithium-ion-batt_reactions.json,An_et_al__-_2016_-_The_state_of_understanding_of_the_lithium-ion-batt,high,chemicals,chemicals[2],chem_3,dimethyl carbonate,True,0.93,,"The paper explicitly identifies DMC as dimethyl carbonate (e.g., in the abbreviations list: “DMC dimethyl carbonate” and in electrolyte descriptions such as “EC:DMC”). Nowhere in the document is an ex",
Verified_An_et_al__-_2016_-_The_state_of_understanding_of_the_lithium-ion-batt_reactions.json,An_et_al__-_2016_-_The_state_of_understanding_of_the_lithium-ion-batt,high,chemicals,chemicals[3],chem_4,diethyl carbonate,True,0.8,,"The document explicitly identifies DEC as “diethyl carbonate” in the List of abbreviations (“DEC diethyl carbonate”). However, no specific amount/concentration/volume fraction for diethyl carbonate it",
Verified_An_et_al__-_2016_-_The_state_of_understanding_of_the_lithium-ion-batt_reactions.json,An_et_al__-_2016_-_The_state_of_understanding_of_the_lithium-ion-batt,high,chemicals,chemicals[4],chem_5,ethyl methyl carbonate,True,0.86,false_positive_suspect,"The paper explicitly identifies EMC as “ethyl methyl carbonate” in the List of abbreviations (Page 2/3 area, journal page 53). Nowhere in the provided full text is a specific quantity/amount of ethyl ",
Verified_An_et_al__-_2016_-_The_state_of_understanding_of_the_lithium-ion-batt_reactions.json,An_et_al__-_2016_-_The_state_of_understanding_of_the_lithium-ion-batt,high,chemicals,chemicals[5],chem_6,propylene carbonate,True,0.86,,"The paper repeatedly mentions propylene carbonate (PC) as an electrolyte solvent (e.g., abbreviation list defines “PC propylene carbonate”; sections discuss PC-based electrolytes and PC reduction). Ho",
Verified_An_et_al__-_2016_-_The_state_of_understanding_of_the_lithium-ion-batt_reactions.json,An_et_al__-_2016_-_The_state_of_understanding_of_the_lithium-ion-batt,high,chemicals,chemicals[6],chem_7,vinylene carbonate,True,0.95,,The document explicitly states in Section 8 (“Effects of electrolyte composition on SEI formation”) that vinylene carbonate (VC) is a commonly used additive and that “About 3 wt% of VC is usually inco,
Verified_An_et_al__-_2016_-_The_state_of_understanding_of_the_lithium-ion-batt_reactions.json,An_et_al__-_2016_-_The_state_of_understanding_of_the_lithium-ion-batt,high,chemicals,chemicals[7],chem_8,lithium bis(oxalato)borate,True,0.94,,The paper explicitly identifies the chemical as lithium bis(oxalato)borate via the abbreviation list (“LiBOB Lithium bis(oxalato)borate”) and also discusses LiBOB in the electrolyte composition sectio,
Verified_An_et_al__-_2016_-_The_state_of_understanding_of_the_lithium-ion-batt_reactions.json,An_et_al__-_2016_-_The_state_of_understanding_of_the_lithium-ion-batt,high,chemicals,chemicals[8],chem_9,lithium perchlorate,False,0.62,contradiction_clear,"The paper does mention lithium perchlorate (LiClO4) in Section 8 (“LiClO4 has high ionic conductivity…”) on the page labeled 61 in the text. However, no specific amount/concentration of LiClO4 used in","Chemical: lithium perchlorate (LiClO4); Amount: Not specified (only qualitative discussion and conductivity values are provided, no concentration/amount used)."
Verified_An_et_al__-_2016_-_The_state_of_understanding_of_the_lithium-ion-batt_reactions.json,An_et_al__-_2016_-_The_state_of_understanding_of_the_lithium-ion-batt,high,chemicals,chemicals[9],chem_10,lithium bis(trifluoromethanesulfonyl)imide,True,0.86,,The paper explicitly identifies the chemical as LiTFSI: it appears in the List of abbreviations as “LiTFSI Lithium bis(trifluoromethane sulfonyl) imide” (Page 2 of the provided text; journal page 53).,
Verified_An_et_al__-_2016_-_The_state_of_understanding_of_the_lithium-ion-batt_reactions.json,An_et_al__-_2016_-_The_state_of_understanding_of_the_lithium-ion-batt,high,characterization,characterization[0],SEM,SEM,False,0.9,contradiction_clear,"The document explicitly discusses SEM as a characterization method (Section 6) and includes SEM micrographs in Fig. 2 (caption: “Fig. 2 shows SEM micrographs...”), indicating SEM characterization is p","Populate the SEM field as present, e.g., [""SEM (Scanning Electron Microscopy)""] or include the specific instance: ""SEM micrographs of SEI morphology at various formation potentials (Fig. 2, from Lu et"
Verified_An_et_al__-_2016_-_The_state_of_understanding_of_the_lithium-ion-batt_reactions.json,An_et_al__-_2016_-_The_state_of_understanding_of_the_lithium-ion-batt,high,characterization,characterization[1],TEM,TEM,True,0.86,,"The extracted value is an empty list ([]), implying no TEM characterization was reported. However, scanning the provided full text shows explicit TEM usage: e.g., Fig. 3 is labeled “TEM images of fres","If the field is meant to capture whether TEM was used: [""TEM""] (supported by Fig. 3 caption and Section 6). If the field is meant to capture TEM conditions/parameters: keep [] because the paper provid"
Verified_An_et_al__-_2016_-_The_state_of_understanding_of_the_lithium-ion-batt_reactions.json,An_et_al__-_2016_-_The_state_of_understanding_of_the_lithium-ion-batt,high,characterization,characterization[2],EIS,EIS,False,0.62,contradiction_clear,"The document explicitly discusses electrochemical impedance spectroscopy (EIS) as a characterization/analysis method for the SEI (Section 6, starting on page 60). Therefore, the empty list '[]' for 'C","Include EIS as a characterization technique (e.g., [""Electrochemical Impedance Spectroscopy (EIS)""])."
Verified_An_et_al__-_2016_-_The_state_of_understanding_of_the_lithium-ion-batt_reactions.json,An_et_al__-_2016_-_The_state_of_understanding_of_the_lithium-ion-batt,high,characterization,characterization[3],XPS,XPS,False,0.78,contradiction_clear,"The paper explicitly discusses XPS as a characterization method for SEI analysis (Section 6) and includes XPS in the abbreviations list, but it does not provide a discrete list of XPS characterization","Indicate that XPS was used/mentioned for SEI characterization. For example: [""X-ray Photoelectron Spectroscopy (XPS)""] or a boolean/yes flag for XPS characterization."
Verified_Angew_Chem_Int_Ed_-_2019_-_Wang_-_Lithium_Chlorides_and_Bromides_as_Promising_Solid_State_Chemistries_for_Fast_Ion-suppl_reactions.json,Angew_Chem_Int_Ed_-_2019_-_Wang_-_Lithium_Chlorides_and_Bromides_as_Promising_Solid_State_Chemistries_for_Fast_Ion-suppl,high,targets,targets[0],target_1,Li3YCl6,True,0.98,,"The formula Li3YCl6 is explicitly present in the document. It appears multiple times, including in the “Site ordering” section (Page 2: “Li3YCl6 and Li3YBr6…”) and in Table S3 (Page 11) where a row li",
Verified_Angew_Chem_Int_Ed_-_2019_-_Wang_-_Lithium_Chlorides_and_Bromides_as_Promising_Solid_State_Chemistries_for_Fast_Ion-suppl_reactions.json,Angew_Chem_Int_Ed_-_2019_-_Wang_-_Lithium_Chlorides_and_Bromides_as_Promising_Solid_State_Chemistries_for_Fast_Ion-suppl,high,targets,targets[1],target_2,Li3YBr6,True,0.97,,"The document explicitly contains the formula “Li3YBr6”. It appears multiple times, including in the “Site ordering” section (Page 2: “Li3YCl6 and Li3YBr6…”) and as a compound entry in Table S3 (Page 1",
Verified_Angew_Chem_Int_Ed_-_2019_-_Wang_-_Lithium_Chlorides_and_Bromides_as_Promising_Solid_State_Chemistries_for_Fast_Ion-suppl_reactions.json,Angew_Chem_Int_Ed_-_2019_-_Wang_-_Lithium_Chlorides_and_Bromides_as_Promising_Solid_State_Chemistries_for_Fast_Ion-suppl,high,chemicals,chemicals[0],chem_1,Li3YCl6,True,0.92,false_positive_suspect,"The document explicitly mentions the chemical identity Li3YCl6 multiple times (e.g., in the “Site ordering” section on Page 2 and in Tables S3/S4). Nowhere in the provided text is an experimental/reci",
Verified_Angew_Chem_Int_Ed_-_2019_-_Wang_-_Lithium_Chlorides_and_Bromides_as_Promising_Solid_State_Chemistries_for_Fast_Ion-suppl_reactions.json,Angew_Chem_Int_Ed_-_2019_-_Wang_-_Lithium_Chlorides_and_Bromides_as_Promising_Solid_State_Chemistries_for_Fast_Ion-suppl,high,chemicals,chemicals[1],chem_2,Li3YBr6,True,0.96,,"The document explicitly mentions the chemical identity Li3YBr6 multiple times (e.g., under “Site ordering” on Page 2 and in Tables S3/S4 on Page 11–12). No chemical amount (mass, molarity, wt%, etc.) ",
Verified_Angew_Chem_Int_Ed_-_2019_-_Wang_-_Lithium_Chlorides_and_Bromides_as_Promising_Solid_State_Chemistries_for_Fast_Ion-suppl_reactions.json,Angew_Chem_Int_Ed_-_2019_-_Wang_-_Lithium_Chlorides_and_Bromides_as_Promising_Solid_State_Chemistries_for_Fast_Ion-suppl,high,characterization,characterization[0],AIMD,AIMD,True,0.98,,All extracted AIMD-related values are explicitly stated in the provided SI text. Page 8 (“Correlation in ion migration”) reports at 500 K: charge-center conductivity 190 mS/cm (LYC) and 111 mS/cm (LYB,
Verified_Angew_Chem_Int_Ed_-_2019_-_Wang_-_Lithium_Chlorides_and_Bromides_as_Promising_Solid_State_Chemistries_for_Fast_Ion-suppl_reactions.json,Angew_Chem_Int_Ed_-_2019_-_Wang_-_Lithium_Chlorides_and_Bromides_as_Promising_Solid_State_Chemistries_for_Fast_Ion-suppl,high,characterization,characterization[1],DFT,DFT,True,0.99,,"All extracted DFT metrics match the entries in Table S3. For Li3YCl6 (target_1): energy above hull = 11 meV/atom, reduction onset = 0.62 V vs Li/Li+, oxidation onset = 4.21 V vs Li/Li+. For Li3YBr6 (t",
Verified_Angew_Chem_Int_Ed_-_2019_-_Wang_-_Lithium_Chlorides_and_Bromides_as_Promising_Solid_State_Chemistries_for_Fast_Ion-suppl_reactions.json,Angew_Chem_Int_Ed_-_2019_-_Wang_-_Lithium_Chlorides_and_Bromides_as_Promising_Solid_State_Chemistries_for_Fast_Ion-suppl,high,analysis,analysis.methods[0],unknown,,False,0.58,,"The document explicitly describes multiple computational/analysis methods (DFT using VASP with PAW, GGA-PBE and HSE; AIMD simulations with NVT Nose–Hoover thermostat; migration barriers; phase diagram","Density functional theory (DFT) calculations (VASP, PAW; GGA-PBE; HSE for band gap/DOS) and ab initio molecular dynamics (AIMD) simulations (NVT Nose–Hoover thermostat), plus phase stability analysis "
Verified_Angew_Chem_Int_Ed_-_2019_-_Wang_-_Lithium_Chlorides_and_Bromides_as_Promising_Solid_State_Chemistries_for_Fast_Ion_reactions.json,Angew_Chem_Int_Ed_-_2019_-_Wang_-_Lithium_Chlorides_and_Bromides_as_Promising_Solid_State_Chemistries_for_Fast_Ion,high,targets,targets[0],target_1,Li3YCl6,True,0.98,,The paper explicitly discusses the solid electrolyte “Li3YCl6 (LYC)” multiple times (Abstract/Page 1) and lists “Li3YCl6” as a composition in Table 1 (Page 3). Therefore the target formula Li3YCl6 is ,
Verified_Angew_Chem_Int_Ed_-_2019_-_Wang_-_Lithium_Chlorides_and_Bromides_as_Promising_Solid_State_Chemistries_for_Fast_Ion_reactions.json,Angew_Chem_Int_Ed_-_2019_-_Wang_-_Lithium_Chlorides_and_Bromides_as_Promising_Solid_State_Chemistries_for_Fast_Ion,high,targets,targets[1],target_2,Li3YBr6,True,0.97,,"The paper explicitly mentions Li3YBr6 multiple times: in the Abstract (“Li3YCl6 and Li3YBr6”), throughout the text referring to LYB as Li3YBr6, and in Table 1 where the composition row lists “Li3YBr6”",
Verified_Angew_Chem_Int_Ed_-_2019_-_Wang_-_Lithium_Chlorides_and_Bromides_as_Promising_Solid_State_Chemistries_for_Fast_Ion_reactions.json,Angew_Chem_Int_Ed_-_2019_-_Wang_-_Lithium_Chlorides_and_Bromides_as_Promising_Solid_State_Chemistries_for_Fast_Ion,high,targets,targets[2],target_3,Li3ScCl6,True,0.98,,"The formula Li3ScCl6 is explicitly present in Table 1 (listed as a composition with calculated conductivity/activation energy). Therefore the extracted Target Formula is supported, even though the all",
Verified_Angew_Chem_Int_Ed_-_2019_-_Wang_-_Lithium_Chlorides_and_Bromides_as_Promising_Solid_State_Chemistries_for_Fast_Ion_reactions.json,Angew_Chem_Int_Ed_-_2019_-_Wang_-_Lithium_Chlorides_and_Bromides_as_Promising_Solid_State_Chemistries_for_Fast_Ion,high,targets,targets[3],target_4,Li3HoCl6,True,0.93,,The formula Li3HoCl6 is explicitly listed in Table 1 (page 3) as one of the studied compositions (“Li3HoCl6” with calculated conductivity and activation energy). Although the alleged provenance says ',
Verified_Angew_Chem_Int_Ed_-_2019_-_Wang_-_Lithium_Chlorides_and_Bromides_as_Promising_Solid_State_Chemistries_for_Fast_Ion_reactions.json,Angew_Chem_Int_Ed_-_2019_-_Wang_-_Lithium_Chlorides_and_Bromides_as_Promising_Solid_State_Chemistries_for_Fast_Ion,high,targets,targets[4],target_5,Li3ScBr6,True,0.99,,The formula Li3ScBr6 is explicitly listed in Table 1 (Page 3) among the compositions evaluated (“Li3ScBr6” with conductivity and activation energy values). Although the alleged provenance says Table 1,
Verified_Angew_Chem_Int_Ed_-_2019_-_Wang_-_Lithium_Chlorides_and_Bromides_as_Promising_Solid_State_Chemistries_for_Fast_Ion_reactions.json,Angew_Chem_Int_Ed_-_2019_-_Wang_-_Lithium_Chlorides_and_Bromides_as_Promising_Solid_State_Chemistries_for_Fast_Ion,high,targets,targets[5],target_6,Li3HoBr6,True,0.98,,"The formula Li3HoBr6 is explicitly listed in Table 1 (page 3) as one of the studied compositions (“Li3HoBr6”). This directly supports the extracted Target Formula, although the alleged provenance “Tab",
Verified_Angew_Chem_Int_Ed_-_2019_-_Wang_-_Lithium_Chlorides_and_Bromides_as_Promising_Solid_State_Chemistries_for_Fast_Ion_reactions.json,Angew_Chem_Int_Ed_-_2019_-_Wang_-_Lithium_Chlorides_and_Bromides_as_Promising_Solid_State_Chemistries_for_Fast_Ion,high,chemicals,chemicals[0],chem_1,Li3YCl6,True,0.93,,"The paper explicitly discusses the chemical identity Li3YCl6 (also abbreviated as LYC) multiple times (e.g., Abstract/Page 1 and Table 1/Page 3). The document is a computational study and does not spe",
Verified_Angew_Chem_Int_Ed_-_2019_-_Wang_-_Lithium_Chlorides_and_Bromides_as_Promising_Solid_State_Chemistries_for_Fast_Ion_reactions.json,Angew_Chem_Int_Ed_-_2019_-_Wang_-_Lithium_Chlorides_and_Bromides_as_Promising_Solid_State_Chemistries_for_Fast_Ion,high,chemicals,chemicals[1],chem_2,Li3YBr6,True,0.95,false_positive_suspect,"The paper explicitly discusses the chemical identity Li3YBr6 (abbreviated as LYB) multiple times (e.g., Abstract/Page 1 and Table 1/Page 3). Nowhere in the provided full text is an explicit 'amount' (",
Verified_Angew_Chem_Int_Ed_-_2019_-_Wang_-_Lithium_Chlorides_and_Bromides_as_Promising_Solid_State_Chemistries_for_Fast_Ion_reactions.json,Angew_Chem_Int_Ed_-_2019_-_Wang_-_Lithium_Chlorides_and_Bromides_as_Promising_Solid_State_Chemistries_for_Fast_Ion,high,chemicals,chemicals[2],chem_3,Li3ScCl6,True,0.98,,The document explicitly lists the chemical identity “Li3ScCl6” in Table 1 (Page 3). The paper provides calculated conductivity and activation energy for Li3ScCl6 but does not state any chemical amount,
Verified_Angew_Chem_Int_Ed_-_2019_-_Wang_-_Lithium_Chlorides_and_Bromides_as_Promising_Solid_State_Chemistries_for_Fast_Ion_reactions.json,Angew_Chem_Int_Ed_-_2019_-_Wang_-_Lithium_Chlorides_and_Bromides_as_Promising_Solid_State_Chemistries_for_Fast_Ion,high,chemicals,chemicals[3],chem_4,Li3HoCl6,True,0.93,,"The paper explicitly includes the chemical identity “Li3HoCl6” in Table 1 (listed among compositions with computed conductivities/activation energies). The main text does not state a synthesis amount,",
Verified_Angew_Chem_Int_Ed_-_2019_-_Wang_-_Lithium_Chlorides_and_Bromides_as_Promising_Solid_State_Chemistries_for_Fast_Ion_reactions.json,Angew_Chem_Int_Ed_-_2019_-_Wang_-_Lithium_Chlorides_and_Bromides_as_Promising_Solid_State_Chemistries_for_Fast_Ion,high,chemicals,chemicals[4],chem_5,Li3ScBr6,True,0.93,,"The paper explicitly mentions the compound Li3ScBr6 in Table 1 (listed among calculated Li+ conductivities/activation energies). The main text/table do not provide a chemical amount (e.g., mass, molar",
Verified_Angew_Chem_Int_Ed_-_2019_-_Wang_-_Lithium_Chlorides_and_Bromides_as_Promising_Solid_State_Chemistries_for_Fast_Ion_reactions.json,Angew_Chem_Int_Ed_-_2019_-_Wang_-_Lithium_Chlorides_and_Bromides_as_Promising_Solid_State_Chemistries_for_Fast_Ion,high,chemicals,chemicals[5],chem_6,Li3HoBr6,True,0.9,false_positive_suspect,The paper explicitly mentions the composition Li3HoBr6 in Table 1 (listed with calculated conductivity 3.8 mS/cm and activation energy 0.26 ± 0.04 eV). Nowhere in the provided full text is any materia,
Verified_Angew_Chem_Int_Ed_-_2019_-_Wang_-_Lithium_Chlorides_and_Bromides_as_Promising_Solid_State_Chemistries_for_Fast_Ion_reactions.json,Angew_Chem_Int_Ed_-_2019_-_Wang_-_Lithium_Chlorides_and_Bromides_as_Promising_Solid_State_Chemistries_for_Fast_Ion,high,workflow,workflow.timeline[0],unknown,No experimental synthesis steps described; study is computational.,True,0.95,,"The paper repeatedly states it is a first-principles computational study (DFT with VASP, AIMD simulations, modeling electrochemical windows using Materials Project), and it discusses/compares to prior",
Verified_Angew_Chem_Int_Ed_-_2019_-_Wang_-_Lithium_Chlorides_and_Bromides_as_Promising_Solid_State_Chemistries_for_Fast_Ion_reactions.json,Angew_Chem_Int_Ed_-_2019_-_Wang_-_Lithium_Chlorides_and_Bromides_as_Promising_Solid_State_Chemistries_for_Fast_Ion,high,characterization,characterization[0],Ab initio molecular dynamics (AIMD),Ab initio molecular dynamics (AIMD),True,0.98,,"All listed AIMD-derived Li+ conductivities at 300 K and activation energies for Li3YCl6, Li3YBr6, Li3ScCl6, Li3HoCl6, Li3ScBr6, and Li3HoBr6 are explicitly reported in Table 1 of the provided text (pa",
Verified_Angew_Chem_Int_Ed_-_2019_-_Wang_-_Lithium_Chlorides_and_Bromides_as_Promising_Solid_State_Chemistries_for_Fast_Ion_reactions.json,Angew_Chem_Int_Ed_-_2019_-_Wang_-_Lithium_Chlorides_and_Bromides_as_Promising_Solid_State_Chemistries_for_Fast_Ion,high,characterization,characterization[1],Hybrid DFT (HSE),Hybrid DFT (HSE),True,0.98,,"The paper explicitly states: “Our calculations based on Heyd–Scuseria–Ernzerhof functional found that LYC and LYB have large band gaps of 6.02 eV and 5.05 eV (Figure 2c,d), respectively.” This directl",
Verified_Angew_Chem_Int_Ed_-_2019_-_Wang_-_Lithium_Chlorides_and_Bromides_as_Promising_Solid_State_Chemistries_for_Fast_Ion_reactions.json,Angew_Chem_Int_Ed_-_2019_-_Wang_-_Lithium_Chlorides_and_Bromides_as_Promising_Solid_State_Chemistries_for_Fast_Ion,high,analysis,analysis.methods[0],unknown,,False,0.86,,"The extracted value for “Analysis Method” is blank, but the paper explicitly states multiple analysis/computational methods used (e.g., first principles/DFT calculations with VASP using PAW-PBE(GGA), ","First-principles computations: DFT (VASP, PAW, PBE-GGA) and ab initio molecular dynamics (AIMD); additional HSE DOS calculations and Materials Project-based electrochemical window calculations."
Verified_Baktash_et_al__-_2020_-_Diffusion_of_lithium_ions_in_Lithium-argyrodite_so_reactions.json,Baktash_et_al__-_2020_-_Diffusion_of_lithium_ions_in_Lithium-argyrodite_so,high,targets,targets[0],target_1,Li5PS4Cl2,True,0.99,,"The paper explicitly mentions the compound formula Li5PS4Cl2 multiple times, including in the abstract sentence quoted in the alleged provenance (“…diffusion coefficients of Li ions in Li6PS5Cl and Li",
Verified_Baktash_et_al__-_2020_-_Diffusion_of_lithium_ions_in_Lithium-argyrodite_so_reactions.json,Baktash_et_al__-_2020_-_Diffusion_of_lithium_ions_in_Lithium-argyrodite_so,high,targets,targets[1],target_2,Li6PS5Cl,True,0.98,,"The paper explicitly studies and discusses the lithium argyrodite electrolyte with formula Li6PS5Cl multiple times (e.g., Page 1 abstract: “diffusion coefficients of Li ions in Li6PS5Cl…”, Page 2: “Li",
Verified_Baktash_et_al__-_2020_-_Diffusion_of_lithium_ions_in_Lithium-argyrodite_so_reactions.json,Baktash_et_al__-_2020_-_Diffusion_of_lithium_ions_in_Lithium-argyrodite_so,high,targets,targets[2],target_3,Li5.75PS4.75Cl1.25,True,0.98,,The paper explicitly states: “remove two Li ions… replace two S2 ions with two Cl ions… giving a new structure of Li5.75PS4.75Cl1.25” (Page 6). This directly supports the extracted target formula.,
Verified_Baktash_et_al__-_2020_-_Diffusion_of_lithium_ions_in_Lithium-argyrodite_so_reactions.json,Baktash_et_al__-_2020_-_Diffusion_of_lithium_ions_in_Lithium-argyrodite_so,high,workflow,workflow.timeline[0],unknown,"Construction of supercell models (pure, disordered, vacancy-containing) followed by ab initio equilibrium and nonequilibrium molecular dynamics simulations at multiple temperatures (300–1000 K) to evaluate Li-ion diffusion.",True,0.84,,"The paper explicitly describes (i) construction of supercell models and defective/disordered/vacancy-containing variants based on Li6PS5Cl (2× unit-cell supercell, 104 atoms) and Li5PS4Cl2 derived by ",
Verified_Baktash_et_al__-_2020_-_Diffusion_of_lithium_ions_in_Lithium-argyrodite_so_reactions.json,Baktash_et_al__-_2020_-_Diffusion_of_lithium_ions_in_Lithium-argyrodite_so,high,workflow,workflow.ambiguities[0],Charge balance ambiguity for vacancy-containing model,,True,0.98,,"Supported. The paper explicitly discusses charge-balance ambiguity for the empirical formula Li5.6PS4.8Cl1.2 (“We note that the charges are not balanced…”), and then describes constructing a vacancy/e",
Verified_Baktash_et_al__-_2020_-_Diffusion_of_lithium_ions_in_Lithium-argyrodite_so_reactions.json,Baktash_et_al__-_2020_-_Diffusion_of_lithium_ions_in_Lithium-argyrodite_so,high,characterization,characterization[0],Ab initio Equilibrium Molecular Dynamics (EMD),Ab initio Equilibrium Molecular Dynamics (EMD),True,0.98,,"Table 1 in the provided text explicitly reports Li5PS4Cl2 (target_1) EMD results at 300, 600, 800, and 1000 K for both self-diffusion coefficient Ds (cm2 s−1) and ionic conductivity σ (S cm−1): 300 K ",
Verified_Baktash_et_al__-_2020_-_Diffusion_of_lithium_ions_in_Lithium-argyrodite_so_reactions.json,Baktash_et_al__-_2020_-_Diffusion_of_lithium_ions_in_Lithium-argyrodite_so,high,characterization,characterization[1],Ab initio Nonequilibrium Molecular Dynamics (NEMD),Ab initio Nonequilibrium Molecular Dynamics (NEMD),True,0.98,,"Supported by Table 1 (page 3). Under NEMD at 300 K for Li5PS4Cl2 (the system used in the EMD/NEMD comparison), the paper reports Ds = 3.3(4) × 10−6 cm2 s−1 and ionic conductivity σ = 0.40(5) S cm−1. T",
Verified_Baktash_et_al__-_2020_-_Diffusion_of_lithium_ions_in_Lithium-argyrodite_so_reactions.json,Baktash_et_al__-_2020_-_Diffusion_of_lithium_ions_in_Lithium-argyrodite_so,high,characterization,characterization[2],NEMD with Arrhenius extrapolation,NEMD with Arrhenius extrapolation,True,0.92,,"All three extracted items are explicitly supported by the paper text and Table 2/Fig. 7 discussion. For pure Li6PS5Cl at 300 K, the text states the conductivity is predicted to be 10−5–10−4 S cm−1 (Fi",
Verified_Baktash_et_al__-_2020_-_Diffusion_of_lithium_ions_in_Lithium-argyrodite_so_reactions.json,Baktash_et_al__-_2020_-_Diffusion_of_lithium_ions_in_Lithium-argyrodite_so,high,analysis,analysis.methods[0],unknown,,False,0.25,,The paper explicitly describes the analysis/simulation methods used (ab initio Born–Oppenheimer molecular dynamics using CP2K/Quickstep; equilibrium MD (EMD) and nonequilibrium MD (NEMD) with the colo,"Ab initio Born–Oppenheimer molecular dynamics (CP2K/Quickstep) using equilibrium MD (EMD) and nonequilibrium MD (NEMD, color diffusion algorithm); diffusion from MSD/Einstein relation; conductivity vi"
Verified_Barbosa_et_al__-_2021_-_Metal_organic_frameworks_and_zeolite_materials_as__reactions.json,Barbosa_et_al__-_2021_-_Metal_organic_frameworks_and_zeolite_materials_as_,high,targets,targets[0],target_1,PEO/HKUST-1/LiTFSI composite SPE,False,0.98,,"The extracted value for “Target Formula” is blank. In the paper’s Table 1 (page 3799) and surrounding text, HKUST-1 is mentioned (e.g., “HKUST-1”, “HKUST-1(Cu)”), but no explicit chemical/target formu",Not specified (the paper does not give an explicit chemical formula for HKUST-1; it only names it as HKUST-1 / HKUST-1(Cu)).
Verified_Barbosa_et_al__-_2021_-_Metal_organic_frameworks_and_zeolite_materials_as__reactions.json,Barbosa_et_al__-_2021_-_Metal_organic_frameworks_and_zeolite_materials_as_,high,chemicals,chemicals[0],chem_1,HKUST-1,True,0.9,,"The document explicitly mentions the MOF HKUST-1 in multiple places, including Fig. 9 caption (“Typical structure of representative MOFs… HKUST-1”) and Table 1 (row “HKUST-1” and also “HKUST-1(Cu)”). ",
Verified_Barbosa_et_al__-_2021_-_Metal_organic_frameworks_and_zeolite_materials_as__reactions.json,Barbosa_et_al__-_2021_-_Metal_organic_frameworks_and_zeolite_materials_as_,high,chemicals,chemicals[1],chem_2,Poly(ethylene oxide),True,0.93,,"The paper mentions poly(ethylene oxide) (PEO) as a polymer host (e.g., page 3: “alkali metal salts, dissolved in poly(ethylene oxide) (PEO)…”; page 7: “The most studied polymer… is PEO…”). However, it",
Verified_Barbosa_et_al__-_2021_-_Metal_organic_frameworks_and_zeolite_materials_as__reactions.json,Barbosa_et_al__-_2021_-_Metal_organic_frameworks_and_zeolite_materials_as_,high,chemicals,chemicals[2],chem_3,Lithium bis(trifluoromethanesulfonyl)imide,True,0.82,,"The paper mentions the lithium salt lithium bis(trifluoromethylsulfonyl)imide (LiTFSI), which is the same compound as lithium bis(trifluoromethanesulfonyl)imide (LiTFSI), explicitly in the text listin",
Verified_Barbosa_et_al__-_2021_-_Metal_organic_frameworks_and_zeolite_materials_as__reactions.json,Barbosa_et_al__-_2021_-_Metal_organic_frameworks_and_zeolite_materials_as_,high,synthesis,synthesis.steps[0].operations[0],solvent_casting,,False,0.93,contradiction_clear,The paper is a review discussing processing techniques for composite solid electrolytes and explicitly mentions that “the most extensively used techniques… are solvent casting and hot pressing.” Howev,Not specified (review article; no single synthesis operation for ‘this work’ is given).
Verified_Barbosa_et_al__-_2021_-_Metal_organic_frameworks_and_zeolite_materials_as__reactions.json,Barbosa_et_al__-_2021_-_Metal_organic_frameworks_and_zeolite_materials_as_,high,workflow,workflow.timeline[0],unknown,Composite SPE fabricated via solvent casting.,False,0.88,,"The paper is a review and does not describe a specific experimental workflow timeline for fabricating a composite SPE in this work. It mentions, in general, that common techniques for producing compos",If the field is meant to capture general fabrication methods mentioned in the review: “Composite solid electrolytes are commonly produced by solvent casting or hot pressing.” If it is meant to capture
Verified_Barbosa_et_al__-_2021_-_Metal_organic_frameworks_and_zeolite_materials_as__reactions.json,Barbosa_et_al__-_2021_-_Metal_organic_frameworks_and_zeolite_materials_as_,high,workflow,workflow.ambiguities[0],"Missing quantitative synthesis details (amounts, temperatures, solvents).",,False,0.86,contradiction_clear,"The paper is a review and does not provide a single unified experimental procedure for “solvent casting” (amounts, temperatures, solvents) because it summarizes many different studies. Table 1 indeed ","Revise to: “Detailed solvent-casting experimental parameters (specific solvents, concentrations, times, temperatures) are not provided in this review/Table 1; Table 1 mainly reports technique type alo"
Verified_Barbosa_et_al__-_2021_-_Metal_organic_frameworks_and_zeolite_materials_as__reactions.json,Barbosa_et_al__-_2021_-_Metal_organic_frameworks_and_zeolite_materials_as_,high,analysis,analysis.methods[0],unknown,,False,0.74,,"The field 'Analysis Method' is blank in the extracted value. The paper does explicitly mention multiple analysis/characterization methods and modeling approaches (e.g., SEM/scanning electron microscop","Specify the analysis methods actually mentioned in the paper, e.g., 'Scanning electron microscopy (SEM)', 'impedance measurements (electrochemical impedance spectroscopy, EIS/impedance)', and/or 'Arrh"
Verified_Barbosa_et_al__-_2021_-_Metal_organic_frameworks_and_zeolite_materials_as__reactions.json,Barbosa_et_al__-_2021_-_Metal_organic_frameworks_and_zeolite_materials_as_,high,analysis,analysis.methods[1],unknown,,False,0.66,contradiction_clear,"The field “Analysis Method” has an empty extracted value. The paper text explicitly mentions several characterization/analysis methods (e.g., scanning electron microscopy (SEM) images of SEI layer and","Populate “Analysis Method” with methods explicitly mentioned, e.g., “Scanning electron microscopy (SEM)” and (where relevant) “Impedance measurements (electrochemical impedance spectroscopy, EIS)”."
Verified_Barbosa_et_al__-_2021_-_Metal_organic_frameworks_and_zeolite_materials_as__reactions.json,Barbosa_et_al__-_2021_-_Metal_organic_frameworks_and_zeolite_materials_as_,high,final_outcomes,final_outcomes,unknown,,False,0.74,,"The paper is a review and does not report a single “Final Capacity” value of 160 mAh g−1 as a final result. The value 160 mA h g−1 does appear in Table 1, but only as a specific battery capacity for a","If the intent is to capture a reported capacity from the review’s Table 1, specify the context, e.g., “Battery capacity (LFP cathode, 0.1C) = 160 mAh g−1 (HKUST-1/PEO/LiTFSI composite SPE; Table 1, re"
Verified_Cheenicode_Kabeer_et_al__-_2017_-_First-Principles_Study_of_Alkoxides_Adsorbed_on_Au_reactions.json,Cheenicode_Kabeer_et_al__-_2017_-_First-Principles_Study_of_Alkoxides_Adsorbed_on_Au,high,targets,targets[0],target_1,methoxy,False,0.55,,"The field 'Target Formula' has an empty extracted value. In the provided paper text (including Tables 1, 4, and 5), there is no explicit single 'target formula' stated for the overall study; instead, ","If 'Target Formula' is intended to capture the substrate: Au (surfaces Au(111) and Au(110)). If it is intended to capture the adsorbate formulas, list the studied species (e.g., methoxy, ethoxy, 1-pro"
Verified_Cheenicode_Kabeer_et_al__-_2017_-_First-Principles_Study_of_Alkoxides_Adsorbed_on_Au_reactions.json,Cheenicode_Kabeer_et_al__-_2017_-_First-Principles_Study_of_Alkoxides_Adsorbed_on_Au,high,targets,targets[1],target_2,ethoxy,False,0.99,,"The extracted value for “Target Formula” is blank, but the paper clearly specifies the chemical species studied (methoxy, ethoxy, 1-propoxy, 2-propoxy, allyloxy, methallyloxy, acetate, and trifluoroet","Provide the target chemical formula(s) for the adsorbates listed in Tables 4–5 (e.g., methoxy CH3O, ethoxy C2H5O, 1-propoxy C3H7O, 2-propoxy C3H7O, allyloxy C3H5O, methallyloxy C4H7O, acetate CH3COO, "
Verified_Cheenicode_Kabeer_et_al__-_2017_-_First-Principles_Study_of_Alkoxides_Adsorbed_on_Au_reactions.json,Cheenicode_Kabeer_et_al__-_2017_-_First-Principles_Study_of_Alkoxides_Adsorbed_on_Au,high,targets,targets[2],target_3,1-propoxy,False,0.93,,"The field 'Target Formula' has an empty extracted value, and Tables 4 and 5 do not provide any single 'target formula'. Tables 4 and 5 list multiple adsorbates (methoxy, ethoxy, 1-propoxy, 2-propoxy, ","If the intent is the set of target adsorbates studied, list them explicitly (e.g., methoxy, ethoxy, 1-propoxy, 2-propoxy, allyloxy, methallyloxy, acetate, trifluoroethoxy). If the intent is a molecula"
Verified_Cheenicode_Kabeer_et_al__-_2017_-_First-Principles_Study_of_Alkoxides_Adsorbed_on_Au_reactions.json,Cheenicode_Kabeer_et_al__-_2017_-_First-Principles_Study_of_Alkoxides_Adsorbed_on_Au,high,targets,targets[3],target_4,2-propoxy,False,0.74,contradiction_clear,"The field “Target Formula” is left blank in the extracted value. The paper (including Tables 3–5) clearly specifies the chemical identities of the adsorbates (methoxy, ethoxy, 1-propoxy, 2-propoxy, al","If the intent is the set of studied adsorbates, list them explicitly (e.g., methoxy, ethoxy, 1-propoxy, 2-propoxy, allyloxy, methallyloxy, acetate, trifluoroethoxy) or provide their molecular formulas"
Verified_Cheenicode_Kabeer_et_al__-_2017_-_First-Principles_Study_of_Alkoxides_Adsorbed_on_Au_reactions.json,Cheenicode_Kabeer_et_al__-_2017_-_First-Principles_Study_of_Alkoxides_Adsorbed_on_Au,high,targets,targets[4],target_5,allyloxy,False,0.62,contradiction_clear,"The extracted value for ""Target Formula"" is blank, but the paper clearly specifies the chemical identities/formulas of the studied adsorbates throughout (e.g., methoxy, ethoxy, 1-propoxy, 2-propoxy, a","Specify the target species/formula(s) explicitly. For example, the adsorbates studied are: methoxy, ethoxy, 1-propoxy, 2-propoxy, allyloxy, methallyloxy, acetate, and trifluoroethoxy (CF3CH2O–). If th"
Verified_Cheenicode_Kabeer_et_al__-_2017_-_First-Principles_Study_of_Alkoxides_Adsorbed_on_Au_reactions.json,Cheenicode_Kabeer_et_al__-_2017_-_First-Principles_Study_of_Alkoxides_Adsorbed_on_Au,high,targets,targets[5],target_6,methallyloxy,False,0.93,,"The paper discusses multiple adsorbates (methoxy, ethoxy, 1-propoxy, 2-propoxy, allyloxy, methallyloxy, acetate, trifluoroethoxy) on Au(111) and Au(110). Tables 4 and 5 list these names and structural","If the intended field is the set of target adsorbates (by name): methoxy, ethoxy, 1-propoxy, 2-propoxy, allyloxy, methallyloxy, acetate, trifluoroethoxy. If the field must be a chemical formula, it is"
Verified_Cheenicode_Kabeer_et_al__-_2017_-_First-Principles_Study_of_Alkoxides_Adsorbed_on_Au_reactions.json,Cheenicode_Kabeer_et_al__-_2017_-_First-Principles_Study_of_Alkoxides_Adsorbed_on_Au,high,targets,targets[6],target_7,acetate,False,0.78,,"The field 'Target Formula' has an empty extracted value. In the paper, the studied adsorbates are explicitly named (methoxy, ethoxy, 1-propoxy, 2-propoxy, allyloxy, methallyloxy, acetate, trifluoroeth","If this field is meant to list the target species/formulas, use: methoxy, ethoxy, 1-propoxy, 2-propoxy, allyloxy, methallyloxy, acetate, trifluoroethoxy (adsorbed on Au(111)/Au(110)). If an actual mol"
Verified_Cheenicode_Kabeer_et_al__-_2017_-_First-Principles_Study_of_Alkoxides_Adsorbed_on_Au_reactions.json,Cheenicode_Kabeer_et_al__-_2017_-_First-Principles_Study_of_Alkoxides_Adsorbed_on_Au,high,targets,targets[7],target_8,trifluoroethoxy,False,0.92,,"The extracted value for “Target Formula” is blank, but the paper explicitly identifies the adsorbates studied (methoxy, ethoxy, 1-propoxy, 2-propoxy, allyloxy, methallyloxy, acetate, and trifluoroetho","Specify the target formula(s)/species studied, e.g., adsorbates: methoxy (CH3O−), ethoxy (C2H5O−), 1-propoxy (C3H7O−), 2-propoxy (C3H7O−, isopropoxy), allyloxy (C3H5O−), methallyloxy (C4H7O−), acetate"
Verified_Cheenicode_Kabeer_et_al__-_2017_-_First-Principles_Study_of_Alkoxides_Adsorbed_on_Au_reactions.json,Cheenicode_Kabeer_et_al__-_2017_-_First-Principles_Study_of_Alkoxides_Adsorbed_on_Au,high,chemicals,chemicals[0],chem_1,Au(111) surface,True,0.97,,"The paper repeatedly identifies the studied substrate as the Au(111) surface (title: “...Adsorbed on Au(111) and Au(110) Surfaces”, and throughout Methods/Calculation Details: “Au(111) surface...”). N",
Verified_Cheenicode_Kabeer_et_al__-_2017_-_First-Principles_Study_of_Alkoxides_Adsorbed_on_Au_reactions.json,Cheenicode_Kabeer_et_al__-_2017_-_First-Principles_Study_of_Alkoxides_Adsorbed_on_Au,high,chemicals,chemicals[1],chem_2,Au(110) surface,True,0.9,,"The paper explicitly studies Au(110) surfaces (e.g., title: “Au(111) and Au(110)”; Methods: “Calculation Details for Au(110) Surface… The missing-row reconstructed Au(110)-(1×2) surface…”). Nowhere do",
Verified_Cheenicode_Kabeer_et_al__-_2017_-_First-Principles_Study_of_Alkoxides_Adsorbed_on_Au_reactions.json,Cheenicode_Kabeer_et_al__-_2017_-_First-Principles_Study_of_Alkoxides_Adsorbed_on_Au,high,characterization,characterization[0],DFT (PBE),DFT (PBE),True,0.98,,"Table 1 explicitly lists PBE adsorption energies for methoxy on Au(111) computed with both codes: FHI-aims = −0.133 eV and VASP = −0.136 eV. These match the extracted values and units, and the provena",
Verified_Cheenicode_Kabeer_et_al__-_2017_-_First-Principles_Study_of_Alkoxides_Adsorbed_on_Au_reactions.json,Cheenicode_Kabeer_et_al__-_2017_-_First-Principles_Study_of_Alkoxides_Adsorbed_on_Au,high,characterization,characterization[1],DFT (PBE+vdWsurf),DFT (PBE+vdWsurf),True,0.99,,"Supported by Table 1, which lists PBE+vdWsurf adsorption energies for methoxy on Au(111) computed with both codes: FHI-aims = −0.277 eV and VASP = −0.283 eV. These match the extracted values and units",
Verified_Cheenicode_Kabeer_et_al__-_2017_-_First-Principles_Study_of_Alkoxides_Adsorbed_on_Au_reactions.json,Cheenicode_Kabeer_et_al__-_2017_-_First-Principles_Study_of_Alkoxides_Adsorbed_on_Au,high,analysis,analysis.methods[0],unknown,,False,0.88,,"The extracted value for “Analysis Method” is blank, but the paper explicitly states the methods used. In the II. METHOD section it describes density-functional theory (DFT) calculations including scre",Density-functional theory (DFT) calculations with screened van der Waals interactions (DFT+vdWsurf) using the PBE functional; computations performed with FHI-aims and VASP (PAW in VASP).
Verified_Cheenicode_Kabeer_et_al__-_2017_-_First-Principles_Study_of_Alkoxides_Adsorbed_on_Au_reactions.json,Cheenicode_Kabeer_et_al__-_2017_-_First-Principles_Study_of_Alkoxides_Adsorbed_on_Au,high,analysis,analysis.methods[1],unknown,,False,0.77,contradiction_clear,"The extracted value for “Analysis Method” is blank, but the paper explicitly states the analysis/computational method in the METHOD section: density-functional theory (DFT) calculations using PBE exch","Density-functional theory (DFT) using PBE with and without screened vdW interactions (DFT+vdWsurf / Tkatchenko–Scheffler vdWsurf), computed with FHI-aims (Au(111)) and VASP (Au(110))."
Verified_de_Klerk_and_Wagemaker_-_2018_-_Space-Charge_Layers_in_All-Solid-State_Batteries___reactions.json,de_Klerk_and_Wagemaker_-_2018_-_Space-Charge_Layers_in_All-Solid-State_Batteries__,high,chemicals,chemicals[0],chem_1,LiCoO2,True,0.93,,"The paper explicitly identifies the chemical as LCO (LiCoO2), e.g., in the abstract (“The model is applied to LCO (LiCoO2) …”) and in the Results section (“…a high voltage LiCoO2 electrode (LCO)…”). H",
Verified_de_Klerk_and_Wagemaker_-_2018_-_Space-Charge_Layers_in_All-Solid-State_Batteries___reactions.json,de_Klerk_and_Wagemaker_-_2018_-_Space-Charge_Layers_in_All-Solid-State_Batteries__,high,chemicals,chemicals[1],chem_2,Graphite,True,0.83,,"The paper explicitly includes graphite as one of the modeled electrodes (“…LCO (LiCoO2) and graphite electrodes…”). Table 1 lists material properties for graphite, but the paper does not state any exp",
Verified_de_Klerk_and_Wagemaker_-_2018_-_Space-Charge_Layers_in_All-Solid-State_Batteries___reactions.json,de_Klerk_and_Wagemaker_-_2018_-_Space-Charge_Layers_in_All-Solid-State_Batteries__,high,chemicals,chemicals[2],chem_3,Li7La3Zr2O12,True,0.93,,"The paper explicitly identifies the solid electrolyte LLZO as Li7La3Zr2O12 (e.g., Abstract/Page 1: “LLZO (Li7La3Zr2O12)” and Results/Page 4: “Li7La3Zr2O12 (LLZO)”). However, the document does not spec",
Verified_de_Klerk_and_Wagemaker_-_2018_-_Space-Charge_Layers_in_All-Solid-State_Batteries___reactions.json,de_Klerk_and_Wagemaker_-_2018_-_Space-Charge_Layers_in_All-Solid-State_Batteries__,high,chemicals,chemicals[3],chem_4,Li1.2Al0.2Ti1.8(PO4)3,True,0.92,,The chemical identity LATP is explicitly given as Li1.2Al0.2Ti1.8(PO4)3 in the abstract (Page 1) and again in the Results section (Page 4). The paper does not state an experimental or compositional “a,
Verified_de_Klerk_and_Wagemaker_-_2018_-_Space-Charge_Layers_in_All-Solid-State_Batteries___reactions.json,de_Klerk_and_Wagemaker_-_2018_-_Space-Charge_Layers_in_All-Solid-State_Batteries__,high,workflow,workflow.ambiguities[0],Negative resistance values reported,,True,0.97,,"Table 2 in the provided full text explicitly reports negative space-charge layer resistance values for LLZO at LCO voltages 4.0 V and 3.9 V: −2 × 10−4 and −3 × 10−5 Ω·cm2, respectively (Table 2 row en",
Verified_de_Klerk_and_Wagemaker_-_2018_-_Space-Charge_Layers_in_All-Solid-State_Batteries___reactions.json,de_Klerk_and_Wagemaker_-_2018_-_Space-Charge_Layers_in_All-Solid-State_Batteries__,high,analysis,analysis.methods[0],unknown,,False,0.2,,"The extracted value for “Analysis Method” is blank, and the paper does not present a field explicitly named “Analysis Method” (including in Table 2). Table 2 reports calculated space-charge layer capa",Space-charge layer modeling (1D thermodynamic/Poisson-based space-charge model including Coulomb interactions; resistance via Nernst–Einstein relation and concentration-dependent diffusivity).
Verified_de_Klerk_and_Wagemaker_-_2018_-_Space-Charge_Layers_in_All-Solid-State_Batteries___reactions.json,de_Klerk_and_Wagemaker_-_2018_-_Space-Charge_Layers_in_All-Solid-State_Batteries__,high,analysis,analysis.methods[1],unknown,,False,0.25,contradiction_clear,"The extracted value for “Analysis Method” is blank, but the paper clearly describes a computational/theoretical approach: a 1D space-charge layer model solving the Poisson equation and related thermod",Analysis Method: Computational/theoretical modeling (1D space-charge layer model; numerical solution of Poisson equation with thermodynamic defect model; Matlab code provided as Supporting Information
Verified_Ganesh_et_al__-_2014_-_Binding_and_Diffusion_of_Lithium_in_Graphite_Quan_reactions.json,Ganesh_et_al__-_2014_-_Binding_and_Diffusion_of_Lithium_in_Graphite_Quan,high,targets,targets[0],target_1,AA-stacked graphite,False,0.9,,"The paper studies lithium in AA-stacked graphite (a Li–C system) and discusses compositions such as LixC6 and LiC6, but it does not state the target material/formula as simply elemental carbon (“C”). ","Graphite (C), or if a formula is required from the text: LiC6 (fully lithiated) / LixC6 with x = 0.06 (dilute case), depending on what ‘Target Formula’ is intended to represent."
Verified_Ganesh_et_al__-_2014_-_Binding_and_Diffusion_of_Lithium_in_Graphite_Quan_reactions.json,Ganesh_et_al__-_2014_-_Binding_and_Diffusion_of_Lithium_in_Graphite_Quan,high,targets,targets[1],target_2,Li in AA-stacked graphite (Li0.06C6),False,0.88,,The paper specifies the Li concentration as x = 0.06 in the composition written as LixC6 (“a Li concentration of x = 0.06 in LixC6”) but it does not explicitly state the target formula as “Li0.06C6”. ,"LixC6 with x = 0.06 (i.e., Li concentration x=0.06 in LixC6)"
Verified_Ganesh_et_al__-_2014_-_Binding_and_Diffusion_of_Lithium_in_Graphite_Quan_reactions.json,Ganesh_et_al__-_2014_-_Binding_and_Diffusion_of_Lithium_in_Graphite_Quan,high,chemicals,chemicals[0],chem_1,Lithium,True,0.9,,"The paper clearly studies lithium (Li) in graphite throughout (e.g., title/abstract and multiple mentions of “one Li atom”, “dilute Li in graphite”, “Li concentration x = 0.06 in LixC6”). However, it ",
Verified_Ganesh_et_al__-_2014_-_Binding_and_Diffusion_of_Lithium_in_Graphite_Quan_reactions.json,Ganesh_et_al__-_2014_-_Binding_and_Diffusion_of_Lithium_in_Graphite_Quan,high,chemicals,chemicals[1],chem_2,Graphite (AA-stacked),True,0.92,false_positive_suspect,"The paper explicitly identifies the material studied as “AA-stacked graphite” (e.g., Abstract: “atomic lithium in AA-stacked graphite”; Methods: “study AA stacked graphite”). Nowhere in the provided f",
Verified_Ganesh_et_al__-_2014_-_Binding_and_Diffusion_of_Lithium_in_Graphite_Quan_reactions.json,Ganesh_et_al__-_2014_-_Binding_and_Diffusion_of_Lithium_in_Graphite_Quan,high,characterization,characterization[0],Diffusion Quantum Monte Carlo (DMC),Diffusion Quantum Monte Carlo (DMC),True,0.97,,All four reported DMC/QMC metrics are explicitly stated in the paper text/figure captions: (1) AA graphite DMC minimum interplanar separation (lattice constant) 3.63(2) Å and (2) AA graphite binding e,
Verified_Huang_et_al__-_2021_-_Deep_potential_generation_scheme_and_simulation_pr_reactions.json,Huang_et_al__-_2021_-_Deep_potential_generation_scheme_and_simulation_pr,high,targets,targets[0],target_1,Li10GeP2S12,True,0.98,,"The paper explicitly discusses Li10GeP2S12 throughout, including in the Abstract where it lists the studied “Li10GeP2S12-type solid-state electrolyte materials (Li10GeP2S12, Li10SiP2S12, and Li10SnP2S",
Verified_Huang_et_al__-_2021_-_Deep_potential_generation_scheme_and_simulation_pr_reactions.json,Huang_et_al__-_2021_-_Deep_potential_generation_scheme_and_simulation_pr,high,targets,targets[1],target_2,Li10SiP2S12,True,0.99,,"The abstract explicitly lists the Li10GeP2S12-type solid-state electrolyte materials studied as “Li10GeP2S12, Li10SiP2S12, and Li10SnP2S12,” which directly supports Li10SiP2S12 as a target formula. Th",
Verified_Huang_et_al__-_2021_-_Deep_potential_generation_scheme_and_simulation_pr_reactions.json,Huang_et_al__-_2021_-_Deep_potential_generation_scheme_and_simulation_pr,high,targets,targets[2],target_3,Li10SnP2S12,True,0.98,,"The abstract explicitly lists the Li10GeP2S12-type materials studied as “Li10GeP2S12, Li10SiP2S12, and Li10SnP2S12,” which directly supports the target formula Li10SnP2S12 (appears in the ABSTRACT on ",
Verified_Huang_et_al__-_2021_-_Deep_potential_generation_scheme_and_simulation_pr_reactions.json,Huang_et_al__-_2021_-_Deep_potential_generation_scheme_and_simulation_pr,high,characterization,characterization[0],"Molecular dynamics simulation (Deep Potential, DP-GEN)","Molecular dynamics simulation (Deep Potential, DP-GEN)",False,0.93,contradiction_clear,"The paper explicitly discusses and uses molecular dynamics simulations driven by Deep Potential models generated via DP-GEN (e.g., Sections II.A and II.D; Tables I and III), including details of DP-GE","Indicate that Molecular dynamics simulation using Deep Potential (DP) models generated by DP-GEN was performed; include key settings such as LAMMPS MD, NVT/NpT ensembles, timestep 2 fs, ~900-atom cell"
Verified_Huang_et_al__-_2021_-_Deep_potential_generation_scheme_and_simulation_pr_reactions.json,Huang_et_al__-_2021_-_Deep_potential_generation_scheme_and_simulation_pr,high,analysis,analysis.methods[0],unknown,,False,0.42,contradiction_clear,"The field “Analysis Method” has no extracted value provided. While the paper clearly describes multiple methods used (e.g., DP-GEN/deep potential generation, molecular dynamics with LAMMPS, DFT with V","Populate the field with the analysis/simulation methods explicitly stated, e.g., “Deep Potential Generator (DP-GEN) with Deep Potential models; DFT (PAW in VASP); Molecular Dynamics (LAMMPS); locality"
Verified_Hunter_and_Beyerlein_-_2014_-_Stacking_fault_emission_from_grain_boundaries_Mat_reactions.json,Hunter_and_Beyerlein_-_2014_-_Stacking_fault_emission_from_grain_boundaries_Mat,high,chemicals,chemicals[0],chem_1,Aluminum,True,0.95,,"The paper explicitly includes Aluminum as one of the studied fcc metals (e.g., Table 1 lists “Aluminum” and Table 2 lists “Aluminum”). However, the text/tables provide elastic constants, lattice const",
Verified_Hunter_and_Beyerlein_-_2014_-_Stacking_fault_emission_from_grain_boundaries_Mat_reactions.json,Hunter_and_Beyerlein_-_2014_-_Stacking_fault_emission_from_grain_boundaries_Mat,high,chemicals,chemicals[1],chem_2,Copper,True,0.86,,"The paper explicitly includes Copper as one of the fcc metals studied (e.g., Table 1 lists material properties for Copper; Table 2 lists GSFE parameters for Copper). However, nowhere in the full text ",
Verified_Hunter_and_Beyerlein_-_2014_-_Stacking_fault_emission_from_grain_boundaries_Mat_reactions.json,Hunter_and_Beyerlein_-_2014_-_Stacking_fault_emission_from_grain_boundaries_Mat,high,chemicals,chemicals[2],chem_3,Gold,True,0.92,,"The paper explicitly includes Gold as one of the fcc metals studied (e.g., “Al, Cu, Ni, Au, Pd, and Ag”) and lists Gold in Table 1 and Table 2 with properties/stacking fault energies. However, nowhere",
Verified_Hunter_and_Beyerlein_-_2014_-_Stacking_fault_emission_from_grain_boundaries_Mat_reactions.json,Hunter_and_Beyerlein_-_2014_-_Stacking_fault_emission_from_grain_boundaries_Mat,high,chemicals,chemicals[3],chem_4,Nickel,True,0.93,,"The paper explicitly includes Nickel as one of the fcc metals studied (e.g., lists “Al, Cu, Ni, Au, Pd, and Ag” and provides Ni parameters in Tables 1 and 2), but nowhere provides a chemical amount (n",
Verified_Hunter_and_Beyerlein_-_2014_-_Stacking_fault_emission_from_grain_boundaries_Mat_reactions.json,Hunter_and_Beyerlein_-_2014_-_Stacking_fault_emission_from_grain_boundaries_Mat,high,chemicals,chemicals[4],chem_5,Palladium,True,0.92,,"The paper explicitly includes Palladium (Pd) as one of the fcc metals studied (e.g., Page 4: “Al, Cu, Ni, Au, Pd, and Ag”), and it lists Palladium in Table 1 and Table 2 with elastic constants and sta",
Verified_Hunter_and_Beyerlein_-_2014_-_Stacking_fault_emission_from_grain_boundaries_Mat_reactions.json,Hunter_and_Beyerlein_-_2014_-_Stacking_fault_emission_from_grain_boundaries_Mat,high,chemicals,chemicals[5],chem_6,Silver,True,0.93,,"The paper explicitly includes Silver (Ag) among the fcc metals studied (e.g., Tables 1 and 2 list material properties for Silver). However, nowhere in the text is there a chemical amount/concentration",
Verified_Hunter_and_Beyerlein_-_2014_-_Stacking_fault_emission_from_grain_boundaries_Mat_reactions.json,Hunter_and_Beyerlein_-_2014_-_Stacking_fault_emission_from_grain_boundaries_Mat,high,workflow,workflow.ambiguities[0],"Elastic constants BG, E units and definitions not explicitly clarified (bulk modulus vs shear modulus).",,False,0.74,,"Table 1 explicitly defines the elastic constants and their units: it lists C11, C12, C44, B, G, E, and ν, and the caption states ""other elastic constants (units of GPa)"". Thus, units are clarified and","No workflow ambiguity here: Table 1 caption states elastic constants are in GPa; B is bulk modulus, G is shear modulus, E is Young’s modulus, ν is Poisson’s ratio."
Verified_Hunter_and_Beyerlein_-_2014_-_Stacking_fault_emission_from_grain_boundaries_Mat_reactions.json,Hunter_and_Beyerlein_-_2014_-_Stacking_fault_emission_from_grain_boundaries_Mat,high,characterization,characterization[0],Density Functional Theory (DFT),Density Functional Theory (DFT),False,0.95,,"The values come from Table 1, which lists DFT-calculated lattice constant a0 and elastic constants for Al, Cu, Au, Ni, Pd, Ag. However, the extracted list mislabels the bulk and shear moduli: Table 1 ","Use Table 1 with correct metrics: For each material report a0, C11, C12, C44, B, G, E, ν. Example: Al a0=4.04 Å; C11=109.9 GPa; C12=62.2 GPa; C44=31.4 GPa; B=78.1 GPa; G=28.4 GPa; E=76.0 GPa; ν=0.338."
Verified_Hunter_and_Beyerlein_-_2014_-_Stacking_fault_emission_from_grain_boundaries_Mat_reactions.json,Hunter_and_Beyerlein_-_2014_-_Stacking_fault_emission_from_grain_boundaries_Mat,high,characterization,characterization[1],Density Functional Theory (DFT),Density Functional Theory (DFT),True,0.99,,"Supported by Table 2 (page 4). Table 2 lists intrinsic and unstable stacking fault energies (γisf, γusf) for the fcc metals. The values match exactly: Al γisf=140.2, γusf=177.0; Cu 38.5, 163.7; Au 27.",
Verified_Hunter_and_Beyerlein_-_2014_-_Stacking_fault_emission_from_grain_boundaries_Mat_reactions.json,Hunter_and_Beyerlein_-_2014_-_Stacking_fault_emission_from_grain_boundaries_Mat,high,characterization,characterization[2],Phase Field Dislocation Dynamics (PFDD),Phase Field Dislocation Dynamics (PFDD),True,0.98,,"Supported by Table 3 (page 8) and accompanying text (pages 7–8). Table 3 explicitly lists equilibrium stacking fault width w0 values: Al 0.57 nm, Cu 2.31 nm, Au 2.66 nm, Ni 2.00 nm, Pd 1.40 nm. Table ",
Verified_Hunter_and_Beyerlein_-_2014_-_Stacking_fault_emission_from_grain_boundaries_Mat_reactions.json,Hunter_and_Beyerlein_-_2014_-_Stacking_fault_emission_from_grain_boundaries_Mat,high,analysis,analysis.methods[0],unknown,,False,0.52,contradiction_clear,"The paper explicitly discusses multiple analysis/modeling methods (DFT, PFDD, DFT-PFDD, and references to MD) throughout the text (e.g., abstract and Sections 2–3), so an empty extracted value is not ","Density functional theory (DFT) integrated with phase-field dislocation dynamics (PFDD) (i.e., a DFT-PFDD model); DFT uses PAW potentials, PBE exchange-correlation, Monkhorst–Pack k-point sampling, an"
Verified_Jalem_et_al__-_2018_-_Bayesian-Driven_First-Principles_Calculations_for__reactions.json,Jalem_et_al__-_2018_-_Bayesian-Driven_First-Principles_Calculations_for_,high,targets,targets[0],target_1,LiScSbO4I,True,0.98,,Page 3 explicitly states: “The optimal compounds (x*) in the Li and Na datasets are LiScSbO4I … and NaErAsO4Cl …”. This directly supports the extracted Target Formula value LiScSbO4I.,
Verified_Jalem_et_al__-_2018_-_Bayesian-Driven_First-Principles_Calculations_for__reactions.json,Jalem_et_al__-_2018_-_Bayesian-Driven_First-Principles_Calculations_for_,high,targets,targets[1],target_2,NaErAsO4Cl,True,0.98,,"The paper explicitly lists the optimal compound in the Na dataset as “NaErAsO4Cl (Eb = 0.116 eV)” on Page 3 under “DFT-Eb dataset,” which directly supports the target formula NaErAsO4Cl. The alleged p",
Verified_Jalem_et_al__-_2018_-_Bayesian-Driven_First-Principles_Calculations_for__reactions.json,Jalem_et_al__-_2018_-_Bayesian-Driven_First-Principles_Calculations_for_,high,targets,targets[2],target_3,LiMgSO4F,False,0.78,contradiction_clear,"The paper explicitly mentions the compound formula LiMgSO4F (Page 7), not LiMgSO4F. The extracted value includes an extra “4” (LiMgSO4F) which is not supported anywhere in the provided text.",LiMgSO4F
Verified_Jalem_et_al__-_2018_-_Bayesian-Driven_First-Principles_Calculations_for__reactions.json,Jalem_et_al__-_2018_-_Bayesian-Driven_First-Principles_Calculations_for_,high,targets,targets[3],target_4,LiMgSeO4Cl,True,0.97,,"The paper explicitly lists “LiMgSeO4Cl” in the post-processing section as one of the three Li-tavorite compounds that meet both Ed and Eb criteria: “LiMgSeO4Cl (Eb = 0.282 eV, Ed = 0.098 eV/atom)” on ",
Verified_Jalem_et_al__-_2018_-_Bayesian-Driven_First-Principles_Calculations_for__reactions.json,Jalem_et_al__-_2018_-_Bayesian-Driven_First-Principles_Calculations_for_,high,targets,targets[4],target_5,LiZrGeO4F,True,0.99,,"Page 7 explicitly lists LiZrGeO4F as one of the three Li-tavorite compounds that remained after applying both Ed and Eb criteria: “...and LiZrGeO4F (Eb = 0.246 eV, Ed = 0.091 eV/atom).” This directly ",
Verified_Jalem_et_al__-_2018_-_Bayesian-Driven_First-Principles_Calculations_for__reactions.json,Jalem_et_al__-_2018_-_Bayesian-Driven_First-Principles_Calculations_for_,high,targets,targets[5],target_6,NaHfSiO4F,True,0.95,,Page 7 explicitly mentions the compound “NaHfSiO4F” as a hypothetical compound that met both Ed and Eb cutoffs (“NaHfSiO4F met both Ed and Eb cutoffs ...”). Therefore the target formula NaHfSiO4F is d,
Verified_Jalem_et_al__-_2018_-_Bayesian-Driven_First-Principles_Calculations_for__reactions.json,Jalem_et_al__-_2018_-_Bayesian-Driven_First-Principles_Calculations_for_,high,chemicals,chemicals[0],chem_1,LiScSbO4I,True,0.93,,The paper explicitly mentions the compound LiScSbO4I in the Results section (Page 3): “The optimal compounds ... in the Li and Na datasets are LiScSbO4I (Eb = 0.104 eV) and NaErAsO4Cl (Eb = 0.116 eV)”,
Verified_Jalem_et_al__-_2018_-_Bayesian-Driven_First-Principles_Calculations_for__reactions.json,Jalem_et_al__-_2018_-_Bayesian-Driven_First-Principles_Calculations_for_,high,chemicals,chemicals[1],chem_2,NaErAsO4Cl,True,0.9,,"The paper explicitly mentions the compound identity “NaErAsO4Cl” on Page 3 in the sentence: “The optimal compounds ... are LiScSbO4I ... and NaErAsO4Cl ...”. However, the text does not specify any che",
Verified_Jalem_et_al__-_2018_-_Bayesian-Driven_First-Principles_Calculations_for__reactions.json,Jalem_et_al__-_2018_-_Bayesian-Driven_First-Principles_Calculations_for_,high,chemicals,chemicals[2],chem_3,LiMgSO4F,True,0.9,,"The paper explicitly mentions the compound identity “LiMgSO4F” on Page 7 (“Two of these are recorded in ICSD, LiMgSO4F …”). However, the paper does not state a chemical amount for LiMgSO4F (no mass, m",
Verified_Jalem_et_al__-_2018_-_Bayesian-Driven_First-Principles_Calculations_for__reactions.json,Jalem_et_al__-_2018_-_Bayesian-Driven_First-Principles_Calculations_for_,high,chemicals,chemicals[3],chem_4,LiMgSeO4Cl,True,0.97,,"The paper explicitly mentions the compound “LiMgSeO4Cl” on Page 7 in the post-processing section: “...three compounds remained, namely: ... LiMgSeO4Cl ...”. The text reports properties (Eb and Ed) but",
Verified_Jalem_et_al__-_2018_-_Bayesian-Driven_First-Principles_Calculations_for__reactions.json,Jalem_et_al__-_2018_-_Bayesian-Driven_First-Principles_Calculations_for_,high,chemicals,chemicals[4],chem_5,LiZrGeO4F,True,0.97,,"Page 7 explicitly lists LiZrGeO4F among the three Li-tavorite compounds that meet both Ed and Eb criteria: “LiZrGeO4F (Eb = 0.246 eV, Ed = 0.091 eV/atom).” The paper does not specify any “amount” (no ",
Verified_Jalem_et_al__-_2018_-_Bayesian-Driven_First-Principles_Calculations_for__reactions.json,Jalem_et_al__-_2018_-_Bayesian-Driven_First-Principles_Calculations_for_,high,chemicals,chemicals[5],chem_6,NaHfSiO4F,True,0.98,false_positive_suspect,"The paper explicitly mentions the compound NaHfSiO4F in the post-processing section: “the hypothetical compound NaHfSiO4F met both Ed and Eb cutoffs (Eb = 0.254 eV, Ed = 0.085 eV/atom)” on page 7. Now",
Verified_Jalem_et_al__-_2018_-_Bayesian-Driven_First-Principles_Calculations_for__reactions.json,Jalem_et_al__-_2018_-_Bayesian-Driven_First-Principles_Calculations_for_,high,workflow,workflow.timeline[0],unknown,DFT geometry optimization of tavorite-type AMXO4Z compounds.,True,0.78,,"The paper explicitly describes a BO-driven DFT workflow for screening tavorite-type AMXO4Z compounds and states that candidate descriptors were extracted from “DFT-optimized crystal structures,” and t",
Verified_Jalem_et_al__-_2018_-_Bayesian-Driven_First-Principles_Calculations_for__reactions.json,Jalem_et_al__-_2018_-_Bayesian-Driven_First-Principles_Calculations_for_,high,workflow,workflow.timeline[1],unknown,Nudged elastic band (NEB) calculations to obtain ion migration energy Eb.,True,0.93,,The paper explicitly states that Eb sampling was performed using the NEB method and that “The nudged elastic band (NEB) technique was employed to calculate Eb.” It also describes constructing images a,
Verified_Jalem_et_al__-_2018_-_Bayesian-Driven_First-Principles_Calculations_for__reactions.json,Jalem_et_al__-_2018_-_Bayesian-Driven_First-Principles_Calculations_for_,high,workflow,workflow.timeline[2],unknown,Bayesian optimization-driven iterative selection of new compositions for DFT evaluation.,True,0.93,,"The paper explicitly describes an iterative Bayesian-optimization workflow where a GP model is trained on initial DFT-Eb evaluations, an acquisition function is maximized to choose the next compound (",
Verified_Jalem_et_al__-_2018_-_Bayesian-Driven_First-Principles_Calculations_for__reactions.json,Jalem_et_al__-_2018_-_Bayesian-Driven_First-Principles_Calculations_for_,high,workflow,workflow.timeline[3],unknown,Convex hull phase stability calculations to obtain thermodynamic stability energy Ed.,True,0.93,,"The paper explicitly describes post-processing after Eb screening: “we carried out DFT phase stability calculations based on the convex hull approach… Briefly, the thermodynamic stability energy (Ed) ",
Verified_Jalem_et_al__-_2018_-_Bayesian-Driven_First-Principles_Calculations_for__reactions.json,Jalem_et_al__-_2018_-_Bayesian-Driven_First-Principles_Calculations_for_,high,workflow,workflow.timeline[4],unknown,Density of states calculations for electronic band gap estimation.,False,0.92,,"The paper does include density of states (DOS) calculations and uses them to determine DFT-PBE electronic band gap energies (e.g., “Figure 8b,c show the total density of states… with DFT-PBE electroni","If the field is meant to capture a post-processing step: “Post-processing included total density of states calculations to estimate DFT-PBE band gaps (e.g., 4.177 eV for LiZrGeO4F and 4.876 eV for NaH"
Verified_Jalem_et_al__-_2018_-_Bayesian-Driven_First-Principles_Calculations_for__reactions.json,Jalem_et_al__-_2018_-_Bayesian-Driven_First-Principles_Calculations_for_,high,characterization,characterization[0],DFT-NEB,DFT-NEB,False,0.78,,"The paper explicitly reports some of the listed ion migration energies Eb (NEB/DFT): LiScSbO4I (Eb = 0.104 eV) and NaErAsO4Cl (Eb = 0.116 eV) in the DFT-Eb dataset section, and in the post-processing ","Provide compound-resolved entries instead of chem_1–chem_6, e.g.: LiScSbO4I: 0.104 eV; NaErAsO4Cl: 0.116 eV; LiMgSO4F: 0.200 eV; LiMgSeO4Cl: 0.282 eV; LiZrGeO4F: 0.246 eV; NaHfSiO4F: 0.254 eV. (Option"
Verified_Jalem_et_al__-_2018_-_Bayesian-Driven_First-Principles_Calculations_for__reactions.json,Jalem_et_al__-_2018_-_Bayesian-Driven_First-Principles_Calculations_for_,high,characterization,characterization[1],DFT-Convex hull,DFT-Convex hull,False,0.92,,"Page 7 explicitly lists Ed values (eV/atom) for four compounds that pass Ed and/or Eb criteria: LiMgSO4F (Ed = 0.035 eV/atom in the combined Eb/Ed list; earlier also stated as 0.034 eV/atom), LiMgSeO4","Use the explicitly stated compound-associated Ed values: LiMgSO4F: Ed = 0.034 eV/atom (not 0.035) (note: later the paper also reports Ed = 0.035 eV/atom for LiMgSO4F in the combined Eb/Ed list, but 0."
Verified_Jalem_et_al__-_2018_-_Bayesian-Driven_First-Principles_Calculations_for__reactions.json,Jalem_et_al__-_2018_-_Bayesian-Driven_First-Principles_Calculations_for_,high,characterization,characterization[2],DFT-DOS,DFT-DOS,True,0.97,,"The source text (page 7) explicitly states: “Figure 8b,c show the total density of states of LiZrGeO4F and NaHfSiO4F, with DFT-PBE electronic band gap energies determined to be 4.177 and 4.876 eV, res",
Verified_Jalem_et_al__-_2018_-_Bayesian-Driven_First-Principles_Calculations_for__reactions.json,Jalem_et_al__-_2018_-_Bayesian-Driven_First-Principles_Calculations_for_,high,analysis,analysis.methods[0],unknown,,False,0.62,,"The paper explicitly describes several computational/analysis methods used (e.g., Bayesian optimization with Gaussian process models, DFT calculations using VASP with PAW/PBEsol, NEB for migration bar","Analysis Method: Bayesian-optimization-driven DFT screening (Gaussian Process BO; additive/ordinary BO); DFT (VASP, PAW, PBEsol); NEB for ion migration barrier Eb; Bader charge analysis; Born effectiv"
Verified_Kalantar-Zadeh_et_al__-_2021_-_Low_Melting_Temperature_Liquid_Metals_and_Their_Im_reactions.json,Kalantar-Zadeh_et_al__-_2021_-_Low_Melting_Temperature_Liquid_Metals_and_Their_Im,high,targets,targets[0],target_1,Field's metal,False,0.9,,"The extracted value for “Target Formula” is blank, and the paper does contain explicit chemical formulas/compositions (e.g., EGaIn as a eutectic Ga–In alloy on p. 578; Field’s metal composition 32.5% ","Specify the intended target material formula from the text, e.g., “EGaIn (eutectic gallium–indium alloy)” (p. 578) or Field’s metal composition “Bi–In–Sn (32.5 wt% Bi, 51 wt% In, 16.5 wt% Sn)” (p. 579"
Verified_Kalantar-Zadeh_et_al__-_2021_-_Low_Melting_Temperature_Liquid_Metals_and_Their_Im_reactions.json,Kalantar-Zadeh_et_al__-_2021_-_Low_Melting_Temperature_Liquid_Metals_and_Their_Im,high,targets,targets[1],target_2,EGaIn,False,0.9,,"The paper’s Figure 1 caption mentions “EGaIn (eutectic alloy of gallium and indium)” but does not provide an explicit chemical formula for the target (e.g., Ga-In ratio or composition). Elsewhere it g","If the intended target is the Figure 1 liquid metal, record it as “EGaIn (eutectic alloy of gallium and indium)” (name only). If a true formula is required, the paper does not specify it; use “Not spe"
Verified_Kalantar-Zadeh_et_al__-_2021_-_Low_Melting_Temperature_Liquid_Metals_and_Their_Im_reactions.json,Kalantar-Zadeh_et_al__-_2021_-_Low_Melting_Temperature_Liquid_Metals_and_Their_Im,high,chemicals,chemicals[0],chem_1,Bismuth,True,0.98,,"The text explicitly states: “Field’s metal ... made of 32.5% Bi, 51% In, and 16.5% Sn (weight ratios)” (Page 579 in the provided text). This directly supports Bismuth (Bi) amount = 32.5 wt%. The alleg",
Verified_Kalantar-Zadeh_et_al__-_2021_-_Low_Melting_Temperature_Liquid_Metals_and_Their_Im_reactions.json,Kalantar-Zadeh_et_al__-_2021_-_Low_Melting_Temperature_Liquid_Metals_and_Their_Im,high,chemicals,chemicals[1],chem_2,Indium,True,0.95,,"The text explicitly states the composition of Field’s metal as “32.5% Bi, 51% In, and 16.5% Sn (weight ratios)”, which directly supports Indium at 51 wt%. This appears on Page 3 of the provided text (",
Verified_Kalantar-Zadeh_et_al__-_2021_-_Low_Melting_Temperature_Liquid_Metals_and_Their_Im_reactions.json,Kalantar-Zadeh_et_al__-_2021_-_Low_Melting_Temperature_Liquid_Metals_and_Their_Im,high,chemicals,chemicals[2],chem_3,Tin,True,0.95,,"The source text explicitly states the composition of Field’s metal as “32.5% Bi, 51% In, and 16.5% Sn (weight ratios)”. This directly supports the extracted chemical identity (tin, Sn) and amount (16.",
Verified_Kalantar-Zadeh_et_al__-_2021_-_Low_Melting_Temperature_Liquid_Metals_and_Their_Im_reactions.json,Kalantar-Zadeh_et_al__-_2021_-_Low_Melting_Temperature_Liquid_Metals_and_Their_Im,high,chemicals,chemicals[3],chem_4,Gallium,True,0.93,false_positive_suspect,"The paper explicitly discusses gallium (Ga) as a low-melting-temperature liquid metal element (e.g., “Hg… and Ga… suitable for practical liquid-based applications” and mentions “Ga (29.8 °C) and its a",
Verified_Kalantar-Zadeh_et_al__-_2021_-_Low_Melting_Temperature_Liquid_Metals_and_Their_Im_reactions.json,Kalantar-Zadeh_et_al__-_2021_-_Low_Melting_Temperature_Liquid_Metals_and_Their_Im,high,chemicals,chemicals[4],chem_5,Indium,True,0.95,false_positive_suspect,The paper mentions indium (In) as part of the expanded family of low-melting-temperature liquid metals (Page 1) and in Figure 1 caption describes droplets made of EGaIn (eutectic gallium–indium alloy),
Verified_Kim_et_al__-_2024_-_Fluorine-Substituted_Lithium_Chloride_Solid_Electr_reactions.json,Kim_et_al__-_2024_-_Fluorine-Substituted_Lithium_Chloride_Solid_Electr,high,targets,targets[0],target_1,Li3YCl6,True,0.9,false_positive_suspect,"The paper explicitly discusses the compound Li3YCl6 multiple times (e.g., Page 1: “F substitution in Li3YCl6 …”; Page 6–7: “Li3YCl6−xFx” with x=0.0 corresponding to Li3YCl6). Thus the target formula L",
Verified_Kim_et_al__-_2024_-_Fluorine-Substituted_Lithium_Chloride_Solid_Electr_reactions.json,Kim_et_al__-_2024_-_Fluorine-Substituted_Lithium_Chloride_Solid_Electr,high,targets,targets[1],target_2,Li3YCl5.5F0.5,False,0.95,contradiction_mixed,"The exact target formula “Li3YCl5.5F0.5” is explicitly present in the paper (e.g., Page 6, Fig. 4 caption: “F0.5 correspond to … Li3YCl5.5F0.5”, and Page 7 lists ionic conductivity for “Li3YCl5.5F0.5”",
Verified_Kim_et_al__-_2024_-_Fluorine-Substituted_Lithium_Chloride_Solid_Electr_reactions.json,Kim_et_al__-_2024_-_Fluorine-Substituted_Lithium_Chloride_Solid_Electr,high,targets,targets[2],target_3,Li3YCl5F,True,0.98,false_positive_suspect,"The target formula Li3YCl5F is explicitly stated multiple times in the paper (e.g., Page 1 abstract: “The proposed material design strategy is validated through the synthesis of Li3YCl5F”; Page 2: “va",
Verified_Kim_et_al__-_2024_-_Fluorine-Substituted_Lithium_Chloride_Solid_Electr_reactions.json,Kim_et_al__-_2024_-_Fluorine-Substituted_Lithium_Chloride_Solid_Electr,high,targets,targets[3],target_4,Li3YCl4.5F1.5,False,0.9,contradiction_mixed,"The formula “Li3YCl4.5F1.5” is explicitly mentioned in the paper (Page 6: “The XRD patterns of Li3YCl4.5F1.5 (x = 1.5)…”). However, the requested field is “Target Formula”, and throughout the paper th",Li3YCl5F
Verified_Kim_et_al__-_2024_-_Fluorine-Substituted_Lithium_Chloride_Solid_Electr_reactions.json,Kim_et_al__-_2024_-_Fluorine-Substituted_Lithium_Chloride_Solid_Electr,high,targets,targets[4],target_5,Li2ZrCl6,True,0.96,false_positive_suspect,"The paper explicitly mentions the compound Li2ZrCl6 as a lithium ternary chloride solid electrolyte (Page 1: “...Li3MCl6 ... and Li2ZrCl6, demonstrate high ionic conductivity...”; Page 7: “Li2ZrCl6 an",
Verified_Kim_et_al__-_2024_-_Fluorine-Substituted_Lithium_Chloride_Solid_Electr_reactions.json,Kim_et_al__-_2024_-_Fluorine-Substituted_Lithium_Chloride_Solid_Electr,high,targets,targets[5],target_6,Li2ZrCl5F,False,0.97,contradiction_mixed,"The paper discusses fluorine-substituted zirconium chloride electrolytes as Li2ZrCl6−xFx and explicitly mentions/synthesizes Li2ZrCl5F (e.g., Page 7: “Li2ZrCl6 and Li2ZrCl5F…”). Nowhere in the provide",Li2ZrCl5F
Verified_Kim_et_al__-_2024_-_Fluorine-Substituted_Lithium_Chloride_Solid_Electr_reactions.json,Kim_et_al__-_2024_-_Fluorine-Substituted_Lithium_Chloride_Solid_Electr,high,chemicals,chemicals[0],chem_1,Li3YCl6,True,0.9,false_positive_suspect,"The document explicitly mentions the chemical identity Li3YCl6 multiple times (e.g., discussion of Li3YCl6−xFx and Table 1 listing Li3MCl6 for M=Y, and Figure 4 caption noting F0.0 corresponds to Li3Y",
Verified_Kim_et_al__-_2024_-_Fluorine-Substituted_Lithium_Chloride_Solid_Electr_reactions.json,Kim_et_al__-_2024_-_Fluorine-Substituted_Lithium_Chloride_Solid_Electr,high,chemicals,chemicals[1],chem_2,Li3YCl5.5F0.5,False,0.9,contradiction_mixed,"The document explicitly mentions Li3YCl5.5F0.5 as a composition (e.g., Page 6/Figure 4 caption and Page 7 conductivity section). However, the extracted chemical identity is written as “Li3YCl5.5F0.5”,","Chemical Identity: Li3YCl5.5F0.5; Amount (mass/moles used): Not specified in the text. (Relevant mentions occur on provided Page 6–7, e.g., Figure 4 caption and conductivity section.)"
Verified_Kim_et_al__-_2024_-_Fluorine-Substituted_Lithium_Chloride_Solid_Electr_reactions.json,Kim_et_al__-_2024_-_Fluorine-Substituted_Lithium_Chloride_Solid_Electr,high,chemicals,chemicals[2],chem_3,Li3YCl5F,True,0.9,false_positive_suspect,"The paper explicitly mentions the synthesis/validation of the composition Li3YCl5F multiple times (e.g., Abstract on Page 1 and in the main text on Page 2). The provided source text does not specify a",
Verified_Kim_et_al__-_2024_-_Fluorine-Substituted_Lithium_Chloride_Solid_Electr_reactions.json,Kim_et_al__-_2024_-_Fluorine-Substituted_Lithium_Chloride_Solid_Electr,high,chemicals,chemicals[3],chem_4,Li3YCl4.5F1.5,False,0.76,contradiction_clear,"The paper mentions the composition Li3YCl4.5F1.5 (Page 6, XRD discussion). However, the extracted chemical identity is ""Li3YCl4.5F1.5"" only partially: it is correct that this composition appears, but ",Chemical identity: Li3YCl4.5F1.5 (x = 1.5). Amount (mass/volume): not specified in the provided main text (likely in Supporting Information).
Verified_Kim_et_al__-_2024_-_Fluorine-Substituted_Lithium_Chloride_Solid_Electr_reactions.json,Kim_et_al__-_2024_-_Fluorine-Substituted_Lithium_Chloride_Solid_Electr,high,chemicals,chemicals[4],chem_5,Li2ZrCl6,True,0.93,false_positive_suspect,"The paper explicitly mentions the chemical identity Li2ZrCl6 (e.g., Page 1: “Li2ZrCl6, demonstrate high ionic conductivity…”; Page 7: “Li2ZrCl6 and F-substituted Li2ZrCl6…”). However, the document tex",
Verified_Kim_et_al__-_2024_-_Fluorine-Substituted_Lithium_Chloride_Solid_Electr_reactions.json,Kim_et_al__-_2024_-_Fluorine-Substituted_Lithium_Chloride_Solid_Electr,high,chemicals,chemicals[5],chem_6,Li2ZrCl5F,False,0.97,,"The paper mentions Li2ZrCl5F (fluorine-substituted Li2ZrCl6) and discusses its properties and synthesis (e.g., Pages 2 and 7–8), but it does not mention the compound Li2ZrCl5F anywhere in the provided",Chemical identity should be: Li2ZrCl5F (not Li2ZrCl5F). Amount: Not specified in text.
Verified_Kim_et_al__-_2024_-_Fluorine-Substituted_Lithium_Chloride_Solid_Electr_reactions.json,Kim_et_al__-_2024_-_Fluorine-Substituted_Lithium_Chloride_Solid_Electr,high,synthesis,synthesis.steps[0].operations[0],mechanochemical_milling,,True,0.9,,The paper explicitly describes using solid-state mechanochemical reactions to synthesize Li3YCl6−xFx: “we produced four different levels of F-substitution … through solid-state mechanochemical reactio,
Verified_Kim_et_al__-_2024_-_Fluorine-Substituted_Lithium_Chloride_Solid_Electr_reactions.json,Kim_et_al__-_2024_-_Fluorine-Substituted_Lithium_Chloride_Solid_Electr,high,synthesis,synthesis.steps[1].operations[0],mechanochemical_milling,,True,0.97,,The paper explicitly describes producing Li3YCl6−xFx compositions “through solid-state mechanochemical reactions” (Page 6: “we produced four different levels of F-substitution … through solid-state me,
Verified_Kim_et_al__-_2024_-_Fluorine-Substituted_Lithium_Chloride_Solid_Electr_reactions.json,Kim_et_al__-_2024_-_Fluorine-Substituted_Lithium_Chloride_Solid_Electr,high,workflow,workflow.timeline[0],unknown,Synthesis of fluorine-substituted Li3YCl6 solid electrolytes.,False,0.55,contradiction_clear,"The paper explicitly discusses and reports the synthesis/validation of fluorine-substituted Li3YCl6 (notably Li3YCl5F) via mechanochemical reactions. However, the extracted value states “Synthesis of ",If the field must be “Workflow Timeline”: Not specified (the paper does not provide a chronological timeline). If the intended field is “Workflow/Process”: Synthesis of F-substituted Li3YCl6−xFx (x = 
Verified_Kim_et_al__-_2024_-_Fluorine-Substituted_Lithium_Chloride_Solid_Electr_reactions.json,Kim_et_al__-_2024_-_Fluorine-Substituted_Lithium_Chloride_Solid_Electr,high,workflow,workflow.timeline[1],unknown,Synthesis of fluorine-substituted Li2ZrCl6 solid electrolytes.,False,0.86,,The paper discusses fluorine-substituted lithium chloride solid electrolytes primarily in the Li3MCl6−xFx family and includes an additional section on Zr4+-based Li2ZrCl6 and its F-substituted form (L,"Synthesis of Li3YCl5F (and separately, synthesis of Li2ZrCl6 and Li2ZrCl5F as experimental validation of Zr4+-based design guidelines)."
Verified_Kim_et_al__-_2024_-_Fluorine-Substituted_Lithium_Chloride_Solid_Electr_reactions.json,Kim_et_al__-_2024_-_Fluorine-Substituted_Lithium_Chloride_Solid_Electr,high,workflow,workflow.ambiguities[0],"Missing synthesis details (precursor identities, milling time, atmosphere).",,True,0.78,,"The main text states they synthesized Li3YCl6−xFx via “solid-state mechanochemical reactions” and gives only the substitution levels (x = 0.0, 0.5, 1.0, 1.5) (Page 6). The paper explicitly defers “Det",
Verified_Kim_et_al__-_2024_-_Fluorine-Substituted_Lithium_Chloride_Solid_Electr_reactions.json,Kim_et_al__-_2024_-_Fluorine-Substituted_Lithium_Chloride_Solid_Electr,high,characterization,characterization[0],XRD,XRD,True,0.98,,"Page 6 explicitly states: (1) “The XRD patterns of Li3YCl6−xFx (x = 0.0, 0.5, 1.0, and 1.5) in Figure 4a indicate that the main peaks correspond to the hexagonal close-packed (hcp) trigonal structure ",
Verified_Kim_et_al__-_2024_-_Fluorine-Substituted_Lithium_Chloride_Solid_Electr_reactions.json,Kim_et_al__-_2024_-_Fluorine-Substituted_Lithium_Chloride_Solid_Electr,high,characterization,characterization[1],XPS,XPS,True,0.97,,The XPS binding energies are explicitly stated in the text describing Figure 4b (Page 7). It reports Y 3d peaks at ~160.7 eV (Y 3d3/2) and 158.7 eV (Y 3d5/2); Cl 2p3/2 at ~198.9 eV (with Cl 2p1/2 at ~,
Verified_Kim_et_al__-_2024_-_Fluorine-Substituted_Lithium_Chloride_Solid_Electr_reactions.json,Kim_et_al__-_2024_-_Fluorine-Substituted_Lithium_Chloride_Solid_Electr,high,characterization,characterization[2],EIS,EIS,True,0.98,,"The paper explicitly reports EIS-derived ionic conductivities at 25 °C for Li3YCl6−xFx in the text describing Figure 4c: 0.65, 0.38, and 0.22 mS/cm for Li3YCl6, Li3YCl5.5F0.5, and Li3YCl5F, respective",
Verified_Kim_et_al__-_2024_-_Fluorine-Substituted_Lithium_Chloride_Solid_Electr_reactions.json,Kim_et_al__-_2024_-_Fluorine-Substituted_Lithium_Chloride_Solid_Electr,high,characterization,characterization[3],CV,CV,True,0.98,,Supported by the text describing Figure 4d (CV). It states the oxidation reaction for Li3YCl6−xFx occurs at ~3.87 V vs Li/Li+ and reports integrated current values decreasing with F content: “Li3YCl6:,
Verified_Kim_et_al__-_2024_-_Fluorine-Substituted_Lithium_Chloride_Solid_Electr_reactions.json,Kim_et_al__-_2024_-_Fluorine-Substituted_Lithium_Chloride_Solid_Electr,high,characterization,characterization[4],Battery testing,Battery testing,False,0.82,contradiction_clear,"Most values are explicitly stated in the text describing Figures 4e–4g: at 0.1 C and 4.5 V, Li3YCl6 = 198 mAh/g and Li3YCl5.5F0.5 ≈ 210 mAh/g; at 0.1 C and 4.7 V, Li3YCl6 = 197.4 mAh/g and Li3YCl5F = ","Revise the 4.5 V, 0.1C value for Li3YCl5.5F0.5 to reflect the paper’s wording, e.g., '≈210 mAh g-1 (Li3YCl5.5F0.5 and Li3YCl5F, 0.1C, 2.9–4.5 V)' or extract the exact per-composition values directly f"
Verified_Kim_et_al__-_2024_-_Fluorine-Substituted_Lithium_Chloride_Solid_Electr_reactions.json,Kim_et_al__-_2024_-_Fluorine-Substituted_Lithium_Chloride_Solid_Electr,high,final_outcomes,final_outcomes,unknown,,False,0.9,,"The paper reports long-term cycling data at 0.5 C and explicitly states: “after 100 cycles at a rate of 0.5 C, Li3YCl5F exhibited a capacity retention of 69.2% (Q1/Q100)”. However, it does not state a",If the intended field is ‘number of cycles tested/shown’: 100 cycles (at 0.5 C) is supported. If the intended field is ‘cycle life’: Not explicitly specified (only retention after 100 cycles is given)
Verified_Kuganathan_et_al__-_2021_-_Self-diffusion_in_garnet-type_Li7La3Zr2O12_solid_e_reactions.json,Kuganathan_et_al__-_2021_-_Self-diffusion_in_garnet-type_Li7La3Zr2O12_solid_e,high,targets,targets[0],target_1,Li7La3Zr2O12,True,0.99,,The paper explicitly identifies the material as garnet-type Li7La3Zr2O12 multiple times on Page 1 (title and abstract/intro text). Therefore the extracted Target Formula (Li7La3Zr2O12) is directly sup,
Verified_Kuganathan_et_al__-_2021_-_Self-diffusion_in_garnet-type_Li7La3Zr2O12_solid_e_reactions.json,Kuganathan_et_al__-_2021_-_Self-diffusion_in_garnet-type_Li7La3Zr2O12_solid_e,high,chemicals,chemicals[0],chem_1,Li7La3Zr2O12,True,0.93,,"The document explicitly identifies the material as garnet-type Li7La3Zr2O12 (e.g., title and multiple occurrences on Page 1 and throughout). However, the paper is a computational study and does not sp",
Verified_Kuganathan_et_al__-_2021_-_Self-diffusion_in_garnet-type_Li7La3Zr2O12_solid_e_reactions.json,Kuganathan_et_al__-_2021_-_Self-diffusion_in_garnet-type_Li7La3Zr2O12_solid_e,high,chemicals,chemicals[1],chem_2,Li2O,True,0.92,,"The paper explicitly mentions Li2O multiple times only as a chemical species involved in defect reactions/volatilisation (e.g., “loss of Li via formation of volatile Li compounds (e.g. Li2O)” on Page ",
Verified_Kuganathan_et_al__-_2021_-_Self-diffusion_in_garnet-type_Li7La3Zr2O12_solid_e_reactions.json,Kuganathan_et_al__-_2021_-_Self-diffusion_in_garnet-type_Li7La3Zr2O12_solid_e,high,characterization,characterization[0],Classical pair potential simulation (GULP),Classical pair potential simulation (GULP),True,0.97,false_positive_suspect,"All extracted metrics are explicitly stated in the paper text/tables. Table 1 (shown on Page 2, not Page 5) reports the classical pair-potential (GULP) lattice parameters a=b=12.907 Å and c=12.624 Å f",
Verified_Kuganathan_et_al__-_2021_-_Self-diffusion_in_garnet-type_Li7La3Zr2O12_solid_e_reactions.json,Kuganathan_et_al__-_2021_-_Self-diffusion_in_garnet-type_Li7La3Zr2O12_solid_e,high,characterization,characterization[1],"Density Functional Theory (VASP, PBE)","Density Functional Theory (VASP, PBE)",True,0.98,,Table 1 explicitly reports the DFT lattice parameters for tetragonal Li7La3Zr2O12 as a=b=13.113 Å and c=12.556 Å. The text in the “Densities of states” section explicitly states a DFT-predicted band g,
Verified_Kuganathan_et_al__-_2021_-_Self-diffusion_in_garnet-type_Li7La3Zr2O12_solid_e_reactions.json,Kuganathan_et_al__-_2021_-_Self-diffusion_in_garnet-type_Li7La3Zr2O12_solid_e,high,analysis,analysis.methods[0],unknown,,False,0.78,,"The paper explicitly states the analysis methods used (atomistic simulations): (1) static atomistic simulation based on classical pair potentials (GULP/Buckingham potential, Mott–Littleton framework) ","Atomistic simulation methods: classical pair-potential calculations (GULP; Buckingham potentials; Mott–Littleton; BFGS) for defect energetics and Li/O migration barriers, and DFT calculations (VASP; P"
Verified_Kuganathan_et_al__-_2021_-_Self-diffusion_in_garnet-type_Li7La3Zr2O12_solid_e_reactions.json,Kuganathan_et_al__-_2021_-_Self-diffusion_in_garnet-type_Li7La3Zr2O12_solid_e,high,analysis,analysis.methods[1],unknown,,False,0.3,,The paper explicitly describes multiple analysis/simulation methods (classical atomistic simulations with pair potentials using GULP; Mott–Littleton method for defects/migration; DFT electronic struct,Atomistic simulation methods: (1) classical pair-potential static atomistic simulations using GULP (Born model) with Mott–Littleton method to calculate defect energies and migration barriers; (2) DFT 
Verified_Kuganathan_et_al__-_2021_-_Self-diffusion_in_garnet-type_Li7La3Zr2O12_solid_e_reactions.json,Kuganathan_et_al__-_2021_-_Self-diffusion_in_garnet-type_Li7La3Zr2O12_solid_e,high,analysis,analysis.methods[2],unknown,,False,0.3,,The field 'Analysis Method' has an empty extracted value. The paper explicitly describes the analysis/simulation methods used: (1) static atomistic simulations based on classical pair potentials using,Atomistic simulation methods: classical pair-potential calculations (GULP; Mott–Littleton method/BFGS) and DFT electronic-structure calculations (VASP; PAW; PBE-GGA)
Verified_Lee_et_al__-_2020_-_Fe_2_CS_2_MXene_a_promising_reactions.json,Lee_et_al__-_2020_-_Fe_2_CS_2_MXene_a_promising,high,targets,targets[0],target_1,Fe2CS2,True,0.99,,"The paper explicitly identifies the MXene target as “Fe2CS2” in the title (“Fe2CS2 MXene: a promising electrode for Al-ion batteries”) and repeatedly throughout the text (e.g., Abstract/intro on page ",
Verified_Lee_et_al__-_2020_-_Fe_2_CS_2_MXene_a_promising_reactions.json,Lee_et_al__-_2020_-_Fe_2_CS_2_MXene_a_promising,high,chemicals,chemicals[0],chem_1,Fe2CS2,True,0.91,,"The paper explicitly discusses the MXene composition Fe2CS2 multiple times (e.g., title “Fe2CS2 MXene…”, Fig. 1 caption “Structures of Ti2CO2 and Fe2CS2 MXenes”, and throughout Results). However, no e",
Verified_Lee_et_al__-_2020_-_Fe_2_CS_2_MXene_a_promising_reactions.json,Lee_et_al__-_2020_-_Fe_2_CS_2_MXene_a_promising,high,chemicals,chemicals[1],chem_2,Ti2CO2,True,0.9,,"The paper explicitly discusses the MXene ""Ti2CO2"" (e.g., page 5324: ""The atomic structure of a typical Ti2CO2 MXene is shown in Fig. 1a."" and compares capacity/diffusivity values for Ti2CO2 throughout",
Verified_Lee_et_al__-_2020_-_Fe_2_CS_2_MXene_a_promising_reactions.json,Lee_et_al__-_2020_-_Fe_2_CS_2_MXene_a_promising,high,chemicals,chemicals[2],chem_3,Ti2CS2,False,0.85,contradiction_clear,"The paper discusses Ti2CO2, Ti2CS2, Fe2CO2, and Fe2CS2 MXenes throughout. While Ti2CS2 (a titanium-based sulfide-terminated MXene) appears, the specific chemical identity ""Ti2CS2"" is not the same as t",Ti2CS2 | Amount: Not specified in text
Verified_Lee_et_al__-_2020_-_Fe_2_CS_2_MXene_a_promising_reactions.json,Lee_et_al__-_2020_-_Fe_2_CS_2_MXene_a_promising,high,chemicals,chemicals[3],chem_4,Fe2CO2,False,0.97,,"The paper repeatedly discusses the MXenes Fe2CS2, Ti2CO2, Ti2CS2, and Fe2CO2. It does not mention any material with the identity “Fe2CO2” as the target for the stated context on page 5326; page 5326 (",Fe2CS2 | Amount: Not specified in text
Verified_Lee_et_al__-_2020_-_Fe_2_CS_2_MXene_a_promising_reactions.json,Lee_et_al__-_2020_-_Fe_2_CS_2_MXene_a_promising,high,chemicals,chemicals[4],chem_5,Al,True,0.83,,"The paper discusses aluminum (Al) extensively as the charge carrier/metal in Al-ion batteries and in Al intercalation compositions (e.g., AlxM2CT2, Al1.5Fe2CS2) including on page 5327. However, the do",
Verified_Lee_et_al__-_2020_-_Fe_2_CS_2_MXene_a_promising_reactions.json,Lee_et_al__-_2020_-_Fe_2_CS_2_MXene_a_promising,high,analysis,analysis.methods[0],unknown,,False,0.95,,"The extracted value for “Analysis Method” is blank, but the paper explicitly states the analysis/computational methods used: spin-polarized DFT calculations using VASP with vdW-DF (optB86b), CINEB for",Spin-polarized density functional theory (DFT) calculations (VASP; vdW-DF with optB86b); climbing-image nudged elastic band (CINEB) for diffusion barriers; ab initio molecular dynamics (AIMD) simulati
Verified_Lee_et_al__-_2020_-_Fe_2_CS_2_MXene_a_promising_reactions.json,Lee_et_al__-_2020_-_Fe_2_CS_2_MXene_a_promising,high,analysis,analysis.methods[1],unknown,,False,0.92,,"The paper explicitly states the analysis/computational methods used (e.g., spin-polarized DFT using VASP with vdW-DF/optB86b; CINEB for diffusion barriers; AIMD simulations; Bader charge analysis). Ho","Spin-polarized DFT (VASP; vdW-DF with optB86b), CINEB (climbing-image nudged elastic band) for diffusion barriers, AIMD (ab initio molecular dynamics) for stability, and Bader charge analysis."
Verified_Lee_et_al__-_2020_-_Fe_2_CS_2_MXene_a_promising_reactions.json,Lee_et_al__-_2020_-_Fe_2_CS_2_MXene_a_promising,high,analysis,analysis.methods[2],unknown,,False,0.78,,"The paper explicitly describes the analysis/computational methods used: spin-polarized DFT calculations using VASP with vdW-DF (optB86b), CINEB for diffusion barriers, and AIMD simulations (plus Bader","Spin-polarized DFT (VASP, vdW-DF/optB86b); CINEB (climbing-image nudged elastic band) for diffusion barriers; AIMD (ab initio molecular dynamics) for stability; Bader charge analysis."
Verified_Lee_et_al__-_2020_-_Fe_2_CS_2_MXene_a_promising_reactions.json,Lee_et_al__-_2020_-_Fe_2_CS_2_MXene_a_promising,high,final_outcomes,final_outcomes,unknown,,True,0.97,,The paper explicitly states that Fe2CS2 can deliver a capacity of 642 mA h g−1. This appears on Page 1 (abstract/summary: “...from 288 mA h g−1 (Ti2CO2) to 642 mA h g−1 (Fe2CS2)”) and again on Page 4 ,
Verified_Ma_and_Tietz_-_2020_-_Solid_State_Electrolyte_Materials_for_Sodium_Batte_reactions.json,Ma_and_Tietz_-_2020_-_Solid_State_Electrolyte_Materials_for_Sodium_Batte,high,chemicals,chemicals[0],chem_1,Na3Zr2Si2PO12,True,0.9,false_positive_suspect,"The document explicitly mentions the chemical identity Na3Zr2Si2PO12 multiple times (e.g., in the NaSICON discussion: “Na3Zr2Si2PO12” and in Figure 1 abbreviations where “NZSiP0=Na3Zr2Si2PO12” is defi",
Verified_Ma_and_Tietz_-_2020_-_Solid_State_Electrolyte_Materials_for_Sodium_Batte_reactions.json,Ma_and_Tietz_-_2020_-_Solid_State_Electrolyte_Materials_for_Sodium_Batte,high,chemicals,chemicals[1],chem_2,Na2.88Sb0.88W0.12S4,True,0.94,,The compound Na2.88Sb0.88W0.12S4 is explicitly stated in the text on page 2699 (Page 8 of the provided excerpt): “a superior conductivity of 3.2×10−2 S cm−1 at RT for Na2.88Sb0.88W0.12S4”. The documen,
Verified_Ma_and_Tietz_-_2020_-_Solid_State_Electrolyte_Materials_for_Sodium_Batte_reactions.json,Ma_and_Tietz_-_2020_-_Solid_State_Electrolyte_Materials_for_Sodium_Batte,high,chemicals,chemicals[2],chem_3,Na2(CB9H10)(CB11H12),True,0.92,,"The paper explicitly mentions the borane composition “Na2(CB9H10)(CB11H12)” in Section 2.1.5 (Boranes) on page 2700 (shown in the provided text). However, the review discusses this material only in te",
Verified_Ma_and_Tietz_-_2020_-_Solid_State_Electrolyte_Materials_for_Sodium_Batte_reactions.json,Ma_and_Tietz_-_2020_-_Solid_State_Electrolyte_Materials_for_Sodium_Batte,high,chemicals,chemicals[3],chem_4,Na3PS4,True,0.9,false_positive_suspect,"The paper explicitly mentions the chemical identity Na3PS4 (e.g., in Section 2.1.4 “Sulfides and Chalcogenides”: “Recent attention to sulfide… started from Na3PS4…” and further discussion of its phase",
Verified_Ma_and_Tietz_-_2020_-_Solid_State_Electrolyte_Materials_for_Sodium_Batte_reactions.json,Ma_and_Tietz_-_2020_-_Solid_State_Electrolyte_Materials_for_Sodium_Batte,high,chemicals,chemicals[4],chem_5,NaCB9H10,True,0.93,,"The paper explicitly mentions the chemical identity NaCB9H10 in the boranes section (Page 8, journal page 2700): “NaCB9H10 was reported…”. The document is a review and does not provide a specific amou",
Verified_Ma_and_Tietz_-_2020_-_Solid_State_Electrolyte_Materials_for_Sodium_Batte_reactions.json,Ma_and_Tietz_-_2020_-_Solid_State_Electrolyte_Materials_for_Sodium_Batte,high,chemicals,chemicals[5],chem_6,NaCB11H12,True,0.98,,"The paper explicitly mentions the chemical identity “NaCB11H12” in Section 2.1.5 (Boranes): “As a first example, NaCB11H12 was found to show…” (shown on page 2700 in the provided text). No amount (e.g",
Verified_Ma_and_Tietz_-_2020_-_Solid_State_Electrolyte_Materials_for_Sodium_Batte_reactions.json,Ma_and_Tietz_-_2020_-_Solid_State_Electrolyte_Materials_for_Sodium_Batte,high,workflow,workflow.ambiguities[0],No explicit synthesis procedures provided in text chunk; review article context.,,True,0.88,,"The document is explicitly a review article discussing key parameters (conductivity, stability, interfaces, cell performance) of various solid-state electrolytes for sodium batteries and does not pres",
Verified_Ma_and_Tietz_-_2020_-_Solid_State_Electrolyte_Materials_for_Sodium_Batte_reactions.json,Ma_and_Tietz_-_2020_-_Solid_State_Electrolyte_Materials_for_Sodium_Batte,high,characterization,characterization[0],Impedance spectroscopy,Impedance spectroscopy,True,0.93,,All three extracted ionic conductivity values are explicitly stated in the provided text on the cited pages/figures (though the paper uses °C/K rather than the extractor’s exact temperatures in the no,
Verified_Maier_-_1995_-_Ionic_conduction_in_space_charge_regions_reactions.json,Maier_-_1995_-_Ionic_conduction_in_space_charge_regions,high,targets,targets[0],target_1,LiI–Al2O3 composite electrolyte,False,0.9,,"The provided paper text (including the cited pages 172–173) discusses ionic conduction in space-charge regions and gives example material systems (e.g., LiI–Al2O3, AgBr–AgI, AgCl–AgI), but it does not","If the intended target is the model ionic conductor used throughout, the text uses the generic matrix formula “M+X−” (often written as MX) (e.g., Chapter 2.1: “matrix ‘M+X−’”). Otherwise, if a specifi"
Verified_Maier_-_1995_-_Ionic_conduction_in_space_charge_regions_reactions.json,Maier_-_1995_-_Ionic_conduction_in_space_charge_regions,high,targets,targets[1],target_2,AgCl–Al2O3 composite electrolyte,False,0.68,,"The field ""Target Formula"" has an empty extracted value. Scanning the provided full text (including Figure 15 and surrounding pages 189–190), Figure 15 is an impedance spectroscopy plot and does not s","If the intent was the sample/system in Fig. 15, it is ""Ag/AgCl:Al2O3/Ag"" (AgCl:Al2O3 composite, with Ag electrodes), but the paper does not present this as a single 'target formula'."
Verified_Maier_-_1995_-_Ionic_conduction_in_space_charge_regions_reactions.json,Maier_-_1995_-_Ionic_conduction_in_space_charge_regions,high,chemicals,chemicals[0],chem_1,LiI,True,0.95,,"The paper repeatedly mentions the compound LiI (lithium iodide), e.g., in the introduction discussing Liang’s experiments on the two-phase system “LiI–Al2O3” and in Fig. 1 referencing conductivity of ",
Verified_Maier_-_1995_-_Ionic_conduction_in_space_charge_regions_reactions.json,Maier_-_1995_-_Ionic_conduction_in_space_charge_regions,high,chemicals,chemicals[1],chem_2,Al2O3,True,0.87,,"The paper repeatedly mentions Al2O3 as part of composite systems (e.g., LiI–Al2O3, AgCl:Al2O3, AgBr:Al2O3, TlCl:Al2O3) and discusses alumina effects, but it does not provide a specific numeric amount/",
Verified_Maier_-_1995_-_Ionic_conduction_in_space_charge_regions_reactions.json,Maier_-_1995_-_Ionic_conduction_in_space_charge_regions,high,chemicals,chemicals[2],chem_3,AgCl,True,0.9,,"The paper repeatedly discusses the AgCl–AgI system (e.g., “A more detailed study of the system AgCl-AgI is described…” in the early pages) and many other AgCl examples throughout. However, no explicit",
Verified_Maier_-_1995_-_Ionic_conduction_in_space_charge_regions_reactions.json,Maier_-_1995_-_Ionic_conduction_in_space_charge_regions,high,chemicals,chemicals[3],chem_4,AgBr,True,0.93,false_positive_suspect,"The paper explicitly discusses the AgBr–AgI system and AgBr-based composites (e.g., Fig. 3 “Specific conductivities in the system AgBr-AgI…” and multiple mentions of “AgBr:Al2O3”), so the chemical ide",
Verified_Maier_-_1995_-_Ionic_conduction_in_space_charge_regions_reactions.json,Maier_-_1995_-_Ionic_conduction_in_space_charge_regions,high,chemicals,chemicals[4],chem_5,CH3Li,True,0.92,,The paper explicitly mentions CH3Li (methyl lithium) in the reaction used to pretreat Al2O3 surfaces: “-OH + CH3Li → -CH4 -OLi (R6)” and states “the use of Al2O3 whose surface protons have been exchan,
Verified_Maier_-_1995_-_Ionic_conduction_in_space_charge_regions_reactions.json,Maier_-_1995_-_Ionic_conduction_in_space_charge_regions,high,chemicals,chemicals[5],chem_6,(CH3)3SiCl,True,0.92,,"The paper explicitly mentions chemical pretreatment of alumina surfaces by reaction with (CH3)3SiCl (trimethylsilyl chloride) in Section 2.3.7, including the reaction scheme “-OH + (CH3)3SiCl → -OSiCH",
Verified_Maier_-_1995_-_Ionic_conduction_in_space_charge_regions_reactions.json,Maier_-_1995_-_Ionic_conduction_in_space_charge_regions,high,chemicals,chemicals[6],chem_7,NH3,True,0.98,,"The document explicitly discusses NH3 (ammonia) as a gas/nucleophilic species affecting conductivity (e.g., sections on the “ammonia effect”, reaction Eq. (64), and gas-interface discussion with NH3 p",
Verified_Maier_-_1995_-_Ionic_conduction_in_space_charge_regions_reactions.json,Maier_-_1995_-_Ionic_conduction_in_space_charge_regions,high,chemicals,chemicals[7],chem_8,(CN)2,True,0.92,,"Figure 68 explicitly discusses a “conductivity effect of the (CN)2 contact phase at room temperature” and the text states “the same effect is also observed with (CN)2 (INC - CNI) (Fig. 68).” However, ",
Verified_Maier_-_1995_-_Ionic_conduction_in_space_charge_regions_reactions.json,Maier_-_1995_-_Ionic_conduction_in_space_charge_regions,high,characterization,characterization[0],SEM,SEM,True,0.78,,"Figure 14 explicitly discusses SEM (and optical micrograph) observations of AgCl:Al2O3 composites and contrasts “nonblocking” vs “blocking” regions/arrangements (left vs right in the SEM), i.e., diffe",
Verified_Maier_-_1995_-_Ionic_conduction_in_space_charge_regions_reactions.json,Maier_-_1995_-_Ionic_conduction_in_space_charge_regions,high,characterization,characterization[1],Contact angle measurement,Contact angle measurement,True,0.98,,Supported. The paper explicitly reports wetting (contact) angles for solidified AgCl melt on specific crystallographic planes of α-Al2O3. In the text near Figs. 30 and 31 it states: basal plane contac,
Verified_Maier_-_1995_-_Ionic_conduction_in_space_charge_regions_reactions.json,Maier_-_1995_-_Ionic_conduction_in_space_charge_regions,high,characterization,characterization[2],Impedance spectroscopy,Impedance spectroscopy,True,0.98,,Figure 15 (impedance spectroscopy of Ag/AgCl:Al2O3/Ag at 25°C) is described in the text as showing a high-frequency branch and low-frequency blocking effects. The text explicitly states that in the qu,
Verified_Maier_-_1995_-_Ionic_conduction_in_space_charge_regions_reactions.json,Maier_-_1995_-_Ionic_conduction_in_space_charge_regions,high,analysis,analysis.methods[0],unknown,,False,0.38,,"The extracted value for “Analysis Method” is blank, but the paper explicitly describes multiple analysis/measurement methods (e.g., impedance spectroscopy, Wagner–Hebb polarization, wetting angle meas","Populate “Analysis Method” with methods explicitly mentioned in the paper, e.g.: “Impedance spectroscopy” (frequently used throughout, e.g., Sec. 2.3.2, 2.6, 4), and depending on the intended context "
Verified_Marcolongo_et_al__-_2020_-_Simulating_Diffusion_Properties_of_Solid_State_Ele_reactions.json,Marcolongo_et_al__-_2020_-_Simulating_Diffusion_Properties_of_Solid_State_Ele,high,targets,targets[0],target_1,Li10GeP2S12,True,0.99,,"Page 1 explicitly lists the test case solid-state electrolytes as “Li10GeP2S12, Li7La3Zr2O12 and Na3Zr2Si2PO12.” This directly supports the extracted Target Formula value Li10GeP2S12.",
Verified_Marcolongo_et_al__-_2020_-_Simulating_Diffusion_Properties_of_Solid_State_Ele_reactions.json,Marcolongo_et_al__-_2020_-_Simulating_Diffusion_Properties_of_Solid_State_Ele,high,targets,targets[1],target_2,Li7La3Zr2O12,True,0.99,,"Page 1 explicitly lists the test cases and includes the formula “Li7La3Zr2O12” in the sentence: “We consider as test cases the well known Li10GeP2S12, Li7La3Zr2O12 and Na3Zr2Si2PO12.” This directly su",
Verified_Marcolongo_et_al__-_2020_-_Simulating_Diffusion_Properties_of_Solid_State_Ele_reactions.json,Marcolongo_et_al__-_2020_-_Simulating_Diffusion_Properties_of_Solid_State_Ele,high,targets,targets[2],target_3,Na3Zr2Si2PO12,True,0.99,,"Page 1 explicitly lists the test cases as “Li10GeP2S12, Li7La3Zr2O12 and Na3Zr2Si2PO12.” This directly supports the extracted Target Formula Na3Zr2Si2PO12.",
Verified_Marcolongo_et_al__-_2020_-_Simulating_Diffusion_Properties_of_Solid_State_Ele_reactions.json,Marcolongo_et_al__-_2020_-_Simulating_Diffusion_Properties_of_Solid_State_Ele,high,chemicals,chemicals[0],chem_1,Li10GeP2S12,True,0.93,false_positive_suspect,"Page 1 explicitly lists Li10GeP2S12 as one of the solid-state electrolyte test cases (“We consider as test cases the well known Li10GeP2S12, Li7La3Zr2O12 and Na3Zr2Si2PO12.”). Nowhere in the provided ",
Verified_Marcolongo_et_al__-_2020_-_Simulating_Diffusion_Properties_of_Solid_State_Ele_reactions.json,Marcolongo_et_al__-_2020_-_Simulating_Diffusion_Properties_of_Solid_State_Ele,high,chemicals,chemicals[1],chem_2,Li7La3Zr2O12,True,0.95,false_positive_suspect,"Page 1 explicitly lists Li7La3Zr2O12 as one of the test-case solid-state electrolytes (“Li10GeP2S12, Li7La3Zr2O12 and Na3Zr2Si2PO12”). Nowhere in the provided full text is an explicit chemical amount ",
Verified_Marcolongo_et_al__-_2020_-_Simulating_Diffusion_Properties_of_Solid_State_Ele_reactions.json,Marcolongo_et_al__-_2020_-_Simulating_Diffusion_Properties_of_Solid_State_Ele,high,chemicals,chemicals[2],chem_3,Na3Zr2Si2PO12,True,0.97,false_positive_suspect,"Page 1 explicitly lists Na3Zr2Si2PO12 among the test-case solid-state electrolytes (“Li10GeP2S12, Li7La3Zr2O12 and Na3Zr2Si2PO12.”). Nowhere in the provided full text is an explicit chemical amount (m",
Verified_Marcolongo_et_al__-_2020_-_Simulating_Diffusion_Properties_of_Solid_State_Ele_reactions.json,Marcolongo_et_al__-_2020_-_Simulating_Diffusion_Properties_of_Solid_State_Ele,high,characterization,characterization[0],Molecular Dynamics (NVE) with DeepMD potential,Molecular Dynamics (NVE) with DeepMD potential,True,0.95,,"The source text explicitly states: “From linear fits of the Arrhenius plots, we estimate an activation energy of 0.16 eV” in the LGPS results section (Page 6) and refers to the Arrhenius data shown in",
Verified_Marcolongo_et_al__-_2020_-_Simulating_Diffusion_Properties_of_Solid_State_Ele_reactions.json,Marcolongo_et_al__-_2020_-_Simulating_Diffusion_Properties_of_Solid_State_Ele,high,characterization,characterization[1],Molecular Dynamics (NVE) with DeepMD potential,Molecular Dynamics (NVE) with DeepMD potential,True,0.92,,The paper explicitly states for LLZO: “The activation energies are very stable with values ranging from 0.2 to 0.22 eV.” This appears in Section 3.2 (page 6 of the provided text) and corresponds to th,
Verified_Marcolongo_et_al__-_2020_-_Simulating_Diffusion_Properties_of_Solid_State_Ele_reactions.json,Marcolongo_et_al__-_2020_-_Simulating_Diffusion_Properties_of_Solid_State_Ele,high,characterization,characterization[2],Molecular Dynamics (NVE) with DeepMD potential,Molecular Dynamics (NVE) with DeepMD potential,False,0.78,,"The paper discusses activation energies from DeepMD-based NVE diffusion simulations, but Figure 6 pertains to Na diffusion in NASICON and the text states the activation energy from the left plot in Fi",If the intent is NASICON (Figure 6): activation energy ≈0.2 eV (reported as 'around 0.2 eV'). If the intent is LLZO: activation energies range 0.2–0.22 eV. If the intent is LGPS: activation energy 0.1
Verified_Marcolongo_et_al__-_2020_-_Simulating_Diffusion_Properties_of_Solid_State_Ele_reactions.json,Marcolongo_et_al__-_2020_-_Simulating_Diffusion_Properties_of_Solid_State_Ele,high,analysis,analysis.methods[0],unknown,,False,0.22,,"The extracted value for “Analysis Method” is empty. The paper explicitly states analysis/evaluation methods used to compute diffusion coefficients (e.g., NVE molecular dynamics with DeePMD in LAMMPS a",Analysis method: diffusion coefficients evaluated from mean squared displacement (MSD) obtained from NVE MD simulations using the LAMMPS implementation of the DeePMD (DeepMD) model; Arrhenius plots wi
Verified_Mulliner_et_al__-_2015_-_Diffusion_in_Li_2_O_studied_by_non-equi_reactions.json,Mulliner_et_al__-_2015_-_Diffusion_in_Li_2_O_studied_by_non-equi,high,targets,targets[0],target_1,Li2O,True,0.99,,"The paper explicitly identifies the material as lithium oxide, Li2O. The title states “Diffusion in Li2O…” and the introduction begins “Lithium oxide, Li2O…”. Therefore the extracted Target Formula = ",
Verified_Mulliner_et_al__-_2015_-_Diffusion_in_Li_2_O_studied_by_non-equi_reactions.json,Mulliner_et_al__-_2015_-_Diffusion_in_Li_2_O_studied_by_non-equi,high,chemicals,chemicals[0],chem_1,Li2O,True,0.92,,"The paper explicitly studies lithium oxide, Li2O, repeatedly stating the chemical identity (e.g., title: “Diffusion in Li2O…” and Introduction: “Lithium oxide, Li2O…”). However, the text contains no e",
Verified_Mulliner_et_al__-_2015_-_Diffusion_in_Li_2_O_studied_by_non-equi_reactions.json,Mulliner_et_al__-_2015_-_Diffusion_in_Li_2_O_studied_by_non-equi,high,characterization,characterization[0],FF-NEMD simulation,FF-NEMD simulation,True,0.99,,"Table 1 explicitly lists the FF-NEMD lithium self-diffusion coefficient at 1273 K as “log DLi/cm2 s−1 = −6.18 ± 0.03” (simulation time 500 ps). This matches the extracted metric (log D_Li), value (−6.",
Verified_Mulliner_et_al__-_2015_-_Diffusion_in_Li_2_O_studied_by_non-equi_reactions.json,Mulliner_et_al__-_2015_-_Diffusion_in_Li_2_O_studied_by_non-equi,high,characterization,characterization[1],FF-MD simulation,FF-MD simulation,True,0.98,,"Table 1 explicitly reports the FF-MD lithium self-diffusion coefficient at 1273 K as “log DLi/cm2 s−1 = −5.96 ± 0.05” (simulation time 500 ps). This matches the extracted metric (log D_Li), value (-5.",
Verified_Mulliner_et_al__-_2015_-_Diffusion_in_Li_2_O_studied_by_non-equi_reactions.json,Mulliner_et_al__-_2015_-_Diffusion_in_Li_2_O_studied_by_non-equi,high,characterization,characterization[2],DFT-NEMD simulation,DFT-NEMD simulation,True,0.99,,"Table 1 (on page 3 of the provided text) explicitly lists the DFT-NEMD lithium self-diffusion coefficient at 1273 K as log D_Li = −6.02 ± 0.08 with units cm^2 s^−1, matching the extracted metric/value",
Verified_Mulliner_et_al__-_2015_-_Diffusion_in_Li_2_O_studied_by_non-equi_reactions.json,Mulliner_et_al__-_2015_-_Diffusion_in_Li_2_O_studied_by_non-equi,high,characterization,characterization[3],Experimental measurement (Oishi et al.),Experimental measurement (Oishi et al.),True,0.98,,Table 1 explicitly lists the experimental value from Oishi et al. as “Oishi et al. −6.23” under the header “log DLi/cm2 s−1”. This directly supports the extracted metric log D_Li = −6.23 with unit cm^,
Verified_Mulliner_et_al__-_2015_-_Diffusion_in_Li_2_O_studied_by_non-equi_reactions.json,Mulliner_et_al__-_2015_-_Diffusion_in_Li_2_O_studied_by_non-equi,high,analysis,analysis.methods[0],unknown,,False,0.78,,"The extracted value for “Analysis Method” is blank, but the paper explicitly states the analysis methods used to obtain diffusion coefficients: NEMD coefficients were extracted using the method of Aeb",Non-equilibrium molecular dynamics (NEMD) with diffusion coefficients computed via linear response theory (colour-field method; Aeberhard et al.21); equilibrium MD diffusion via the Einstein–Sutherlan
Verified_Pan_et_al__-_Supporting_Information_Design_of_nano-structured_h_reactions.json,Pan_et_al__-_Supporting_Information_Design_of_nano-structured_h,high,chemicals,chemicals[0],chem_1,Li2CO3,True,0.93,false_positive_suspect,"The supporting information repeatedly discusses Li2CO3 (e.g., section titles and figure captions on S-2 and S-3). However, nowhere in the provided text is an amount (mass, molarity, volume, wt%, etc.)",
Verified_Pan_et_al__-_Supporting_Information_Design_of_nano-structured_h_reactions.json,Pan_et_al__-_Supporting_Information_Design_of_nano-structured_h,high,chemicals,chemicals[1],chem_2,LiF,True,0.87,,"The supporting information text mentions LiF only in the context of a Li2CO3/LiF interface (e.g., “Li2CO3/LiF interface” and “LiF/Li2CO3 interface” on S-3 to S-4) but provides no quantitative amount, ",
Verified_Pan_et_al__-_Supporting_Information_Design_of_nano-structured_h_reactions.json,Pan_et_al__-_Supporting_Information_Design_of_nano-structured_h,high,chemicals,chemicals[2],chem_3,Li⁺ interstitial (Li_i),True,0.86,,"The Supporting Information explicitly discusses lithium ion interstitial defects in Li2CO3, denoted as Li_i (written as Li•i / Li ion interstitial) in multiple places (e.g., Fig. S1 label “Lii”, and t",
Verified_Pan_et_al__-_Supporting_Information_Design_of_nano-structured_h_reactions.json,Pan_et_al__-_Supporting_Information_Design_of_nano-structured_h,high,chemicals,chemicals[3],chem_4,electron (e′),True,0.84,false_positive_suspect,"The Supporting Information (S-2) explicitly mentions the defect species electron as e′ (e.g., Fig. S1(b) label “e′” and Eq. (S1) terms including c∞_{e′}), but nowhere in the provided text is an absolu",
Verified_Pan_et_al__-_Supporting_Information_Design_of_nano-structured_h_reactions.json,Pan_et_al__-_Supporting_Information_Design_of_nano-structured_h,high,analysis,analysis.methods[0],unknown,,False,0.81,,"The extracted value for “Analysis Method” is blank, but the Supporting Information text explicitly describes the analytical/theoretical methods used: Poisson–Boltzmann (Gouy–Chapman) profile and Poiss",Analysis method: theoretical modeling/analytical derivations using Poisson–Boltzmann (Gouy–Chapman) space-charge model and Poisson’s equation; Nernst–Einstein relationship for ionic conductivity (with
Verified_Radjendirane_et_al__-_2024_-_Overview_of_Inorganic_Electrolytes_for_All-Solid-S_reactions.json,Radjendirane_et_al__-_2024_-_Overview_of_Inorganic_Electrolytes_for_All-Solid-S,high,targets,targets[0],target_1,cubic Na3PS4,True,0.9,,"The document explicitly mentions the compound Na3PS4 multiple times as a sulfide-based sodium-ion conductor (e.g., “A class of lithium analogue sulfides such as Na3PS4…” and later “Hyashi et al. first",
Verified_Radjendirane_et_al__-_2024_-_Overview_of_Inorganic_Electrolytes_for_All-Solid-S_reactions.json,Radjendirane_et_al__-_2024_-_Overview_of_Inorganic_Electrolytes_for_All-Solid-S,high,targets,targets[1],target_2,tetragonal Na3PS4,True,0.95,false_positive_suspect,"The document explicitly mentions the sulfide electrolyte formula “Na3PS4” (e.g., Page 5: “A class of lithium analogue sulfides such as Na3PS4…”; also Page 8: “Na3PS4-based glass−ceramic electrolyte…” ",
Verified_Radjendirane_et_al__-_2024_-_Overview_of_Inorganic_Electrolytes_for_All-Solid-S_reactions.json,Radjendirane_et_al__-_2024_-_Overview_of_Inorganic_Electrolytes_for_All-Solid-S,high,chemicals,chemicals[0],chem_1,Na2S,True,0.87,,"The full text mentions Na2S (e.g., “75Na2S-25P2S5 glass” and related discussion of Na3PS4 glass-ceramic synthesis), but it does not provide an explicit standalone “amount of Na2S” in a specific experi",
Verified_Radjendirane_et_al__-_2024_-_Overview_of_Inorganic_Electrolytes_for_All-Solid-S_reactions.json,Radjendirane_et_al__-_2024_-_Overview_of_Inorganic_Electrolytes_for_All-Solid-S,high,chemicals,chemicals[1],chem_2,P2S5,False,0.94,contradiction_mixed,"The provided full text (Langmuir 2024, 40, 16690–16712) does not mention P2S5 anywhere. It does mention P2S5 only indirectly as part of a glass composition written as “75Na2S-25P2S5 glass”, but that i","Chemical identity should be changed to either (a) “P2S5: not mentioned” if you are extracting reagents, or (b) if extracting compositions, use “75Na2S-25P2S5 glass (25 mol% P2S5 component)” with no ad"
Verified_Radjendirane_et_al__-_2024_-_Overview_of_Inorganic_Electrolytes_for_All-Solid-S_reactions.json,Radjendirane_et_al__-_2024_-_Overview_of_Inorganic_Electrolytes_for_All-Solid-S,high,synthesis,synthesis.steps[0].operations[0],heat,,False,0.78,,"The full text is a review of inorganic electrolytes and discusses concepts such as sintering temperatures, heating–cooling processes, and molten infusion, but it does not explicitly state a general “S",Not specified
Verified_Radjendirane_et_al__-_2024_-_Overview_of_Inorganic_Electrolytes_for_All-Solid-S_reactions.json,Radjendirane_et_al__-_2024_-_Overview_of_Inorganic_Electrolytes_for_All-Solid-S,high,synthesis,synthesis.steps[0].operations[1],heat,,False,0.83,,"The paper is a review and does not describe a specific synthesis procedure with an operation explicitly labeled as “heat.” While it contains many mentions of elevated temperatures, sintering temperatu",Not specified (no single explicit synthesis operation given in the review text).
Verified_Radjendirane_et_al__-_2024_-_Overview_of_Inorganic_Electrolytes_for_All-Solid-S_reactions.json,Radjendirane_et_al__-_2024_-_Overview_of_Inorganic_Electrolytes_for_All-Solid-S,high,workflow,workflow.timeline[0],unknown,Thermal conversion of Na2S/P2S5 glass precursor to Na3PS4 polymorphs,False,0.87,contradiction_clear,The provided review text does discuss Na3PS4 polymorphs (cubic vs tetragonal) and mentions that Hayashi et al. obtained cubic/tetragonal Na3PS4 glass-ceramics from a 75Na2S–25P2S5 glass at different t,"If the intent is to capture the described process, use the wording supported by the text: “Hayashi et al. reported Na3PS4-based glass–ceramic electrolyte; cubic and tetragonal phases were obtained fro"
Verified_Radjendirane_et_al__-_2024_-_Overview_of_Inorganic_Electrolytes_for_All-Solid-S_reactions.json,Radjendirane_et_al__-_2024_-_Overview_of_Inorganic_Electrolytes_for_All-Solid-S,high,workflow,workflow.ambiguities[0],Missing time/atmosphere details for heat treatment,,False,0.74,,"The source text does mention “cubic … and tetragonal phases of 75Na2S-25P2S5 glass at 270 and 400 °C” (Page 8). However, the extracted workflow-ambiguity claim (“Missing time/atmosphere details for he",Revise to: “Statement gives only temperatures (270 and 400 °C) for formation of cubic/tetragonal phases of 75Na2S-25P2S5 glass; no duration or atmosphere is provided in the review text.”
Verified_Radjendirane_et_al__-_2024_-_Overview_of_Inorganic_Electrolytes_for_All-Solid-S_reactions.json,Radjendirane_et_al__-_2024_-_Overview_of_Inorganic_Electrolytes_for_All-Solid-S,high,characterization,characterization[0],Ionic conductivity measurement,Ionic conductivity measurement,False,0.92,,"The document contains a value of ionic conductivity 2.0 × 10−4 S cm−1 for cubic Na3PS4 (page labeled 8) and several other conductivity values in Table 1, but no statement of 0.0002 S cm−1 as a general","If the intent is Na3PS4 (cubic) conductivity: 2.0 × 10−4 S cm−1 (reported for optimized cubic Na3PS4 from 75Na2S-25P2S5). Alternatively, Table 1 lists Na3PS4 = 4.6 × 10−4 S cm−1 (RT). Clarify which ma"
Verified_Radjendirane_et_al__-_2024_-_Overview_of_Inorganic_Electrolytes_for_All-Solid-S_reactions.json,Radjendirane_et_al__-_2024_-_Overview_of_Inorganic_Electrolytes_for_All-Solid-S,high,final_outcomes,final_outcomes,unknown,,False,0.86,,The source text mentions a “high specific capacity … of 184 mA h kg−1” for an all-solid-state sodium battery (Na4C6O6:Na3PS4:carbon 4:5:1) in the discussion around Figure 10. This is per kilogram (mAh,"184 mAh kg−1 (as written in the text), or if the intended metric is per gram: 0.184 mAh g−1 (unit conversion), but the paper itself reports 184 mAh kg−1."
Verified_Rukelj_-_2020_-_Dynamical_conductivity_of_lithium-intercalated_hex_reactions.json,Rukelj_-_2020_-_Dynamical_conductivity_of_lithium-intercalated_hex,high,targets,targets[0],target_1,Li(BN)8,True,0.99,,"The paper explicitly identifies the studied heterostructure/compound as having stoichiometric formula Li(BN)8. Page 1 states: ""This work is a study of dynamical conductivity of a quasi-two-dimensional",
Verified_Rukelj_-_2020_-_Dynamical_conductivity_of_lithium-intercalated_hex_reactions.json,Rukelj_-_2020_-_Dynamical_conductivity_of_lithium-intercalated_hex,high,chemicals,chemicals[0],chem_1,Lithium,True,0.94,,The paper clearly identifies the relevant chemical species as lithium (Li) in a lithium-intercalated heterostructure with stoichiometric formula Li(BN)8 (Introduction; Fig. 1 caption; Sec. II and Sec.,
Verified_Rukelj_-_2020_-_Dynamical_conductivity_of_lithium-intercalated_hex_reactions.json,Rukelj_-_2020_-_Dynamical_conductivity_of_lithium-intercalated_hex,high,chemicals,chemicals[1],chem_2,Boron nitride,True,0.9,,"The paper explicitly identifies the material as lithium-intercalated hexagonal boron nitride with stoichiometry Li(BN)8, i.e., it contains boron nitride (BN) layers (Introduction: “boron nitride (BN) ",
Verified_Rukelj_-_2020_-_Dynamical_conductivity_of_lithium-intercalated_hex_reactions.json,Rukelj_-_2020_-_Dynamical_conductivity_of_lithium-intercalated_hex,high,workflow,workflow.ambiguities[0],No experimental synthesis procedure provided in the text.,,True,0.97,,"Supported. The full text contains no experimental section and provides only theoretical modeling/derivations for Li(BN)8 dynamical conductivity (Hamiltonian, memory function, conductivity calculations",
Verified_Rukelj_-_2020_-_Dynamical_conductivity_of_lithium-intercalated_hex_reactions.json,Rukelj_-_2020_-_Dynamical_conductivity_of_lithium-intercalated_hex,high,characterization,characterization[0],"Structural parameters (theoretical, Figure 1)","Structural parameters (theoretical, Figure 1)",True,0.99,,"Figure 1 caption explicitly states: “The distance between the Li atoms is a = 5 Å, while the thickness of the structure is 6.4 Å.” This supports both extracted structural parameters (Li–Li in-plane di",
Verified_Rukelj_-_2020_-_Dynamical_conductivity_of_lithium-intercalated_hex_reactions.json,Rukelj_-_2020_-_Dynamical_conductivity_of_lithium-intercalated_hex,high,characterization,characterization[1],Electronic band parameters (single-band model),Electronic band parameters (single-band model),True,0.98,,"Section II (Hamiltonian of Li(BN)8) explicitly lists all extracted single-band parameters: effective mass m* = 1.15 me, Fermi wave vector kF = 0.537 Å^-1, Fermi energy εF = 0.96 eV, and lattice consta",
Verified_Rukelj_-_2020_-_Dynamical_conductivity_of_lithium-intercalated_hex_reactions.json,Rukelj_-_2020_-_Dynamical_conductivity_of_lithium-intercalated_hex,high,analysis,analysis.methods[0],unknown,,False,0.76,,"The paper describes the theoretical approach/methods used: an equation-of-motion technique for the electron-hole operator in the Heisenberg picture, leading to a memory-function formulation and genera",Analysis Method: Memory function approach / equation-of-motion (Heisenberg equation) evaluation of the electron-hole operator to derive a generalized Drude formula; real part via Kramers–Kronig relati
Verified_Scharf_et_al__-_2022_-_Bridging_nano-_and_microscale_X-ray_tomography_for_reactions.json,Scharf_et_al__-_2022_-_Bridging_nano-_and_microscale_X-ray_tomography_for,high,characterization,characterization[0],X-ray computed tomography (CT),X-ray computed tomography (CT),False,0.78,,"The paper clearly discusses X-ray computed tomography (CT) as a characterization technique throughout (including on page 447), but the extracted value is an empty list []. For a boolean/presence-style","Indicate CT is present/used (for example: [""X-ray computed tomography (CT)""] or a True/Yes value depending on the schema)."
Verified_Scharf_et_al__-_2022_-_Bridging_nano-_and_microscale_X-ray_tomography_for_reactions.json,Scharf_et_al__-_2022_-_Bridging_nano-_and_microscale_X-ray_tomography_for,high,characterization,characterization[1],X-ray computed tomography (CT),X-ray computed tomography (CT),False,0.78,,"The paper extensively discusses X-ray computed tomography (CT) as a characterization technique (including micro-CT, nano-CT, and synchrotron CT) across multiple pages, including around Nature Nanotech","Populate the field to indicate CT is used/discussed, e.g. include ""X-ray computed tomography (CT)"" (and optionally subtypes: micro-CT, nano-CT, synchrotron/SRXTM; in situ/operando/ex situ)."
Verified_Scharf_et_al__-_2022_-_Bridging_nano-_and_microscale_X-ray_tomography_for_reactions.json,Scharf_et_al__-_2022_-_Bridging_nano-_and_microscale_X-ray_tomography_for,high,characterization,characterization[2],X-ray computed tomography (CT),X-ray computed tomography (CT),True,0.97,,The source text explicitly states: “Ebner et al. evaluated the volume expansion of a SnO electrode as it was lithiated… revealed a 250% volume expansion due to lithiation” (Page 449 in the provided te,"Provenance should be corrected to Page 449 (provided text pagination), not Page 448."
Verified_Scharf_et_al__-_2022_-_Bridging_nano-_and_microscale_X-ray_tomography_for_reactions.json,Scharf_et_al__-_2022_-_Bridging_nano-_and_microscale_X-ray_tomography_for,high,characterization,characterization[3],X-ray computed tomography (CT),X-ray computed tomography (CT),True,0.96,,The review explicitly states: “CT volume extraction has also proved particularly useful for silicon anode batteries… in the evaluation of volume expansion during lithiation (up to 280% for Li15Si4)” o,Update provenance to Page 449 (not 448).
Verified_Scharf_et_al__-_2022_-_Bridging_nano-_and_microscale_X-ray_tomography_for_reactions.json,Scharf_et_al__-_2022_-_Bridging_nano-_and_microscale_X-ray_tomography_for,high,characterization,characterization[4],X-ray computed tomography (CT),X-ray computed tomography (CT),True,0.98,,"Figure 3 (specifically Fig. 3e captioned “Segmented filtered tomogram and volume fraction of the three phases”) reports the LiNi0.5Mn1.5O4 cathode phase volume fractions as 51.1% porosity, 38.6% AM (a",
Verified_Scharf_et_al__-_2022_-_Bridging_nano-_and_microscale_X-ray_tomography_for_reactions.json,Scharf_et_al__-_2022_-_Bridging_nano-_and_microscale_X-ray_tomography_for,high,analysis,analysis.methods[0],unknown,,False,0.35,contradiction_clear,"The extracted value for “Analysis Method” is blank. The paper explicitly discusses analysis methods for X-ray CT data (for example, species segmentation approaches such as thresholding/global threshol","Populate “Analysis Method” with an explicit method mentioned in the text, e.g., “X-ray CT data analysis using species segmentation (thresholding/global thresholding, adaptive local segmentation such a"
Verified_Sendek_et_al__-_2019_-_Machine_Learning-Assisted_Discovery_of_Solid_Li-Io_reactions.json,Sendek_et_al__-_2019_-_Machine_Learning-Assisted_Discovery_of_Solid_Li-Io,high,targets,targets[0],target_1,Li5B7S13,True,0.99,,The target formula Li5B7S13 is explicitly listed in the paper’s Table 1 (DFT-MD results for ML-guided selection) and also mentioned in the Results text as one of the predicted superionic conductors. T,
Verified_Sendek_et_al__-_2019_-_Machine_Learning-Assisted_Discovery_of_Solid_Li-Io_reactions.json,Sendek_et_al__-_2019_-_Machine_Learning-Assisted_Discovery_of_Solid_Li-Io,high,targets,targets[1],target_2,Li2B2S5,True,0.99,,The paper explicitly lists the chemical formula “Li2B2S5” in Table 1 (DFT-MD results for ML-guided material selection). It also appears in the Results/Discussion text: “...eight of these materials are,
Verified_Sendek_et_al__-_2019_-_Machine_Learning-Assisted_Discovery_of_Solid_Li-Io_reactions.json,Sendek_et_al__-_2019_-_Machine_Learning-Assisted_Discovery_of_Solid_Li-Io,high,targets,targets[2],target_3,Li3ErCl6,True,0.98,,"The paper explicitly lists Li3ErCl6 as one of the ML-chosen candidate materials exhibiting superionic conductivity. It appears in the text discussion (Page 5) and in Table 1 (Page 6), where the 'chemi",
Verified_Sendek_et_al__-_2019_-_Machine_Learning-Assisted_Discovery_of_Solid_Li-Io_reactions.json,Sendek_et_al__-_2019_-_Machine_Learning-Assisted_Discovery_of_Solid_Li-Io,high,targets,targets[3],target_4,LiSO3F,True,0.98,,"The formula LiSO3F is explicitly present in the paper’s main text list of randomly chosen materials (Page 4) and also appears in Tables 1 and 2 (as chemical formula, MPID 7744). Therefore, the extract",
Verified_Sendek_et_al__-_2019_-_Machine_Learning-Assisted_Discovery_of_Solid_Li-Io_reactions.json,Sendek_et_al__-_2019_-_Machine_Learning-Assisted_Discovery_of_Solid_Li-Io,high,targets,targets[4],target_5,Li3InCl6,True,0.97,,"The paper explicitly includes the compound Li3InCl6 in multiple places, including in Table 1 (row with chemical formula “Li3InCl6”, MPID 676109) and in the main text discussing known conductivity data",
Verified_Sendek_et_al__-_2019_-_Machine_Learning-Assisted_Discovery_of_Solid_Li-Io_reactions.json,Sendek_et_al__-_2019_-_Machine_Learning-Assisted_Discovery_of_Solid_Li-Io,high,targets,targets[5],target_6,Li2HIO,True,0.99,,The target formula “Li2HIO” is explicitly listed in Table 1 under the “chemical formula” column (MPID 643069) and also mentioned in the Results/Conclusions text as a discovered superionic conductor (e,
Verified_Sendek_et_al__-_2019_-_Machine_Learning-Assisted_Discovery_of_Solid_Li-Io_reactions.json,Sendek_et_al__-_2019_-_Machine_Learning-Assisted_Discovery_of_Solid_Li-Io,high,targets,targets[6],target_7,LiMgB3(H9N)2,False,0.95,,"The paper does not list the target formula as the plain string “LiMgB3H9N2”. In Table 1 (p. 347) and elsewhere, the compound is written explicitly as “LiMgB3(H9N)2”, i.e., with two (H9N) groups: LiMgB",LiMgB3(H9N)2 (expanded formula: LiMgB3H18N2)
Verified_Sendek_et_al__-_2019_-_Machine_Learning-Assisted_Discovery_of_Solid_Li-Io_reactions.json,Sendek_et_al__-_2019_-_Machine_Learning-Assisted_Discovery_of_Solid_Li-Io,high,targets,targets[7],target_8,CsLi2BS3,True,0.98,,The formula “CsLi2BS3” appears explicitly in the paper’s Table 1 (DFT-MD results for ML-guided material selection) as an entry with MPID 559238 and chemical formula “CsLi2BS3”. It is also mentioned in,
Verified_Sendek_et_al__-_2019_-_Machine_Learning-Assisted_Discovery_of_Solid_Li-Io_reactions.json,Sendek_et_al__-_2019_-_Machine_Learning-Assisted_Discovery_of_Solid_Li-Io,high,targets,targets[8],target_9,Sr2LiCBr3N2,True,0.99,,"The paper explicitly lists the material “Sr2LiCBr3N2” as one of the ML-chosen candidates and discusses it in the Results section. In Table 1 (shown on page 346 in the provided text), the row with MPID",
Verified_Sendek_et_al__-_2019_-_Machine_Learning-Assisted_Discovery_of_Solid_Li-Io_reactions.json,Sendek_et_al__-_2019_-_Machine_Learning-Assisted_Discovery_of_Solid_Li-Io,high,targets,targets[9],target_10,Li6Ho(BO3)3,False,0.97,,"The formula Li6Ho(BO3)3 does appear in the paper (e.g., in the list of randomly chosen materials on p. 345 and in Table 2 on p. 348). However, the extracted value is Li6Ho(BO3)3, which is not found an",Li6Ho(BO3)3
Verified_Sendek_et_al__-_2019_-_Machine_Learning-Assisted_Discovery_of_Solid_Li-Io_reactions.json,Sendek_et_al__-_2019_-_Machine_Learning-Assisted_Discovery_of_Solid_Li-Io,high,targets,targets[10],target_11,LiSbO3,True,0.97,,"The formula “LiSbO3” is explicitly present in the main text list of randomly selected materials (Page 4: “... NaLiS (36%), LiSbO3 (2.4%), ...”) and again in Table 2 (Page 348) under “chemical formula”",
Verified_Sendek_et_al__-_2019_-_Machine_Learning-Assisted_Discovery_of_Solid_Li-Io_reactions.json,Sendek_et_al__-_2019_-_Machine_Learning-Assisted_Discovery_of_Solid_Li-Io,high,workflow,workflow.timeline[0],unknown,"Machine learning model screened 12,000+ Li-containing materials down to 317 candidates, then to 21 predicted fast conductors.",True,0.96,,The paper explicitly states the screening workflow: (1) “screened all 12 000+ Li-containing materials” (Page 2) and this “identifies 317 materials” (Page 2). (2) It then states: “Screening this list o,
Verified_Sendek_et_al__-_2019_-_Machine_Learning-Assisted_Discovery_of_Solid_Li-Io_reactions.json,Sendek_et_al__-_2019_-_Machine_Learning-Assisted_Discovery_of_Solid_Li-Io,high,workflow,workflow.timeline[1],unknown,"DFT-MD simulations (400-1200 K, tens to hundreds of ps) performed on ML-selected and randomly selected materials to compute Li diffusivity and extrapolate RT ionic conductivity.",False,0.78,,"The paper supports that DFT-MD simulations were run at elevated temperatures (initially 900 K, with additional/alternate temperatures; explicit examples include 400 K, 500 K, 700 K, 900 K, 1100 K, and","DFT-MD simulations were performed on ML-selected and randomly selected materials, initially at 900 K (~50–100 ps; tens to hundreds of ps total). If Li diffusion was observed, simulations were repeated"
Verified_Sendek_et_al__-_2019_-_Machine_Learning-Assisted_Discovery_of_Solid_Li-Io_reactions.json,Sendek_et_al__-_2019_-_Machine_Learning-Assisted_Discovery_of_Solid_Li-Io,high,workflow,workflow.ambiguities[0],Approximate conductivity values indicated with '~' in text.,,True,0.93,,The paper explicitly uses approximate/assumed values in its conductivity workflow. In the Figure 2 caption it states “Li2HIO was only simulated at 400 K due to melting at higher temperatures; the RT e,
Verified_Sendek_et_al__-_2019_-_Machine_Learning-Assisted_Discovery_of_Solid_Li-Io_reactions.json,Sendek_et_al__-_2019_-_Machine_Learning-Assisted_Discovery_of_Solid_Li-Io,high,workflow,workflow.ambiguities[1],Conductivity for CsLi2BS3 taken from analogous phase due to convergence issues.,,True,0.93,,"The paper explicitly states that for CsLi2BS3, alternate-temperature simulations had slow/failed convergence and thus the room-temperature conductivity was assumed to be of the same order of magnitude",
Verified_Sendek_et_al__-_2019_-_Machine_Learning-Assisted_Discovery_of_Solid_Li-Io_reactions.json,Sendek_et_al__-_2019_-_Machine_Learning-Assisted_Discovery_of_Solid_Li-Io,high,characterization,characterization[0],DFT-MD,DFT-MD,True,0.95,,"Tables 1 and 2 in the provided full text explicitly list extrapolated room-temperature ionic conductivities (⟨σii⟩, mS/cm) derived from DFT-MD/Arrhenius extrapolation. The extracted values match the t",
Verified_Sendek_et_al__-_2019_-_Machine_Learning-Assisted_Discovery_of_Solid_Li-Io_reactions.json,Sendek_et_al__-_2019_-_Machine_Learning-Assisted_Discovery_of_Solid_Li-Io,high,characterization,characterization[1],Machine Learning Logistic Regression,Machine Learning Logistic Regression,True,0.98,,The paper explicitly reports the logistic regression (ML) model’s precision and recall for “superionic prediction” on the randomly selected test set. In Section III.iv it states: “this gives a model p,
Verified_Sendek_et_al__-_2019_-_Machine_Learning-Assisted_Discovery_of_Solid_Li-Io_reactions.json,Sendek_et_al__-_2019_-_Machine_Learning-Assisted_Discovery_of_Solid_Li-Io,high,analysis,analysis.methods[0],unknown,,False,0.64,,"The paper clearly describes the analysis/simulation methods used (e.g., DFT molecular dynamics (DFT-MD) using VASP with PBE/PAW; mean squared displacement to compute diffusivity; Einstein relation to ","DFT molecular dynamics (DFT-MD) simulations (VASP, PBE/PAW); Li diffusivity from mean squared displacement; ionic conductivity via Einstein relation; Li charge from Bader charge analysis; Arrhenius (t"
Verified_Sj_lin_et_al__-_2023_-_Accelerated_Workflow_for_Antiperovskite_based_Soli_reactions.json,Sj_lin_et_al__-_2023_-_Accelerated_Workflow_for_Antiperovskite_based_Soli,high,targets,targets[0],t1,Li3SI,True,0.93,,"The paper’s Table 2 explicitly lists the candidate antiperovskite compositions, including “Li3SI” as the first entry. This directly supports the extracted Target Formula value.",
Verified_Sj_lin_et_al__-_2023_-_Accelerated_Workflow_for_Antiperovskite_based_Soli_reactions.json,Sj_lin_et_al__-_2023_-_Accelerated_Workflow_for_Antiperovskite_based_Soli,high,targets,targets[1],t2,Li3FSe,True,0.96,,"The formula Li3FSe appears explicitly in the paper. It is listed in Table 2 among the 14 candidate compounds (“Li3FSe”), and it is also mentioned in the text discussing experimental migration barriers",
Verified_Sj_lin_et_al__-_2023_-_Accelerated_Workflow_for_Antiperovskite_based_Soli_reactions.json,Sj_lin_et_al__-_2023_-_Accelerated_Workflow_for_Antiperovskite_based_Soli,high,targets,targets[2],t3,Li3FTe,False,0.93,,"Table 2 in the provided text lists candidate antiperovskite compositions including “Li3Fte” (telluride) but does not list “Li3FTe” with that capitalization, and more importantly does not list “Li3FTe”",Li3FTe
Verified_Sj_lin_et_al__-_2023_-_Accelerated_Workflow_for_Antiperovskite_based_Soli_reactions.json,Sj_lin_et_al__-_2023_-_Accelerated_Workflow_for_Antiperovskite_based_Soli,high,targets,targets[3],t4,Li3HSe,False,0.92,,"Table 2 lists the candidate compositions and includes the hydride selenide as “Li3Hse” (lowercase ‘s’, ‘e’), i.e., Li3HSe. There is no occurrence of “Li3HSe” (correct capitalization aside) as a target",Li3HSe (appears in Table 2 as “Li3Hse”; normalize capitalization to Li3HSe)
Verified_Sj_lin_et_al__-_2023_-_Accelerated_Workflow_for_Antiperovskite_based_Soli_reactions.json,Sj_lin_et_al__-_2023_-_Accelerated_Workflow_for_Antiperovskite_based_Soli,high,targets,targets[4],t5,Li3HTe,False,0.97,,"Table 2 lists candidate compositions such as Li3FTe and Li3HTe (written in the table as “Li3Hte”), but nowhere in the paper (including Table 2) is the formula “Li3HTe” written with the element order “",Li3HTe (as shown in Table 2 but formatted there as “Li3Hte”).
Verified_Sj_lin_et_al__-_2023_-_Accelerated_Workflow_for_Antiperovskite_based_Soli_reactions.json,Sj_lin_et_al__-_2023_-_Accelerated_Workflow_for_Antiperovskite_based_Soli,high,targets,targets[5],t6,Li3OCl,True,0.95,,"The formula Li3OCl appears explicitly in the paper (e.g., Page 2: “antiperovskites such as Li3OCl and Li3OBr…”). It is also listed in Table 2 (shown on Page 8 as “Li3Ocl”, i.e., capitalization differe",
Verified_Sj_lin_et_al__-_2023_-_Accelerated_Workflow_for_Antiperovskite_based_Soli_reactions.json,Sj_lin_et_al__-_2023_-_Accelerated_Workflow_for_Antiperovskite_based_Soli,high,targets,targets[6],t7,Li3OBr,False,0.92,,"The paper mentions Li3OBr (e.g., on Page 2) and includes it in Table 2 (listed as “Li3Obr”), but nowhere is the specific formula “Li3OBr” presented as the target formula in Table 2; Table 2 lists cand","Li3Obr (as written in Table 2); or, if normalization of element symbols is allowed, keep Li3OBr but cite Page 2 rather than Table 2."
Verified_Sj_lin_et_al__-_2023_-_Accelerated_Workflow_for_Antiperovskite_based_Soli_reactions.json,Sj_lin_et_al__-_2023_-_Accelerated_Workflow_for_Antiperovskite_based_Soli,high,targets,targets[7],t8,Na3FSe,False,0.92,contradiction_clear,"Table 2 in the provided text lists several candidate formulas including “Na3Fse” (case-insensitive: Na3FSe), but does not list “Na3FSe” as “Na3FSe” with the B-site element Se paired with A-site F? Act",
Verified_Sj_lin_et_al__-_2023_-_Accelerated_Workflow_for_Antiperovskite_based_Soli_reactions.json,Sj_lin_et_al__-_2023_-_Accelerated_Workflow_for_Antiperovskite_based_Soli,high,targets,targets[8],t9,Na3SI,False,0.93,,"Table 2 in the provided text lists candidate compounds including “Na3SI” (with a lowercase i in the table rendering that clearly denotes iodine, i.e., Na3SI). It does not list “Na3SI” with an uppercas",Na3SI
Verified_Sj_lin_et_al__-_2023_-_Accelerated_Workflow_for_Antiperovskite_based_Soli_reactions.json,Sj_lin_et_al__-_2023_-_Accelerated_Workflow_for_Antiperovskite_based_Soli,high,targets,targets[9],t10,Na3OCl,False,0.92,,"Table 2 lists the candidate antiperovskite compositions and includes “Na3OCl” (with capital O, C, l) as one of the entries. The extracted value “Na3OCl” is missing the number ‘3’ after O (i.e., it is ",Na3OCl
Verified_Sj_lin_et_al__-_2023_-_Accelerated_Workflow_for_Antiperovskite_based_Soli_reactions.json,Sj_lin_et_al__-_2023_-_Accelerated_Workflow_for_Antiperovskite_based_Soli,high,targets,targets[10],t11,Na3FTe,False,0.98,,"Table 2 in the provided text lists candidate antiperovskite compositions including “Na3Fte” (i.e., Na3FTe with Te), but it does not list “Na3FTe” as the target formula. The extracted value has element",Na3Fte (as written in Table 2; equivalently Na3FTe with Te capitalization)
Verified_Sj_lin_et_al__-_2023_-_Accelerated_Workflow_for_Antiperovskite_based_Soli_reactions.json,Sj_lin_et_al__-_2023_-_Accelerated_Workflow_for_Antiperovskite_based_Soli,high,targets,targets[11],t12,Na3OBr,False,0.95,contradiction_clear,"Table 2 (the only table labeled in the provided text) lists candidate antiperovskite formulas including Na3OBr (shown as ""Na3Obr"" due to casing) but not Na3OBr. The extracted value ""Na3OBr"" is missing",
Verified_Sj_lin_et_al__-_2023_-_Accelerated_Workflow_for_Antiperovskite_based_Soli_reactions.json,Sj_lin_et_al__-_2023_-_Accelerated_Workflow_for_Antiperovskite_based_Soli,high,targets,targets[12],t13,Na3OI,False,0.98,contradiction_clear,"Table 2 in the provided text lists the candidate compound as “Na3OI” (sodium antiperovskite with O and I). The extracted target formula “Na3OI” would be supported, but the extracted value is “Na3OI” m",
Verified_Sj_lin_et_al__-_2023_-_Accelerated_Workflow_for_Antiperovskite_based_Soli_reactions.json,Sj_lin_et_al__-_2023_-_Accelerated_Workflow_for_Antiperovskite_based_Soli,high,targets,targets[13],t14,Mg3NAs,True,0.98,,"Table 2 (page 8) explicitly lists the compound “Mg3NAs” among the 14 candidates, directly supporting the extracted Target Formula.",
Verified_Sj_lin_et_al__-_2023_-_Accelerated_Workflow_for_Antiperovskite_based_Soli_reactions.json,Sj_lin_et_al__-_2023_-_Accelerated_Workflow_for_Antiperovskite_based_Soli,high,workflow,workflow.timeline[0],unknown,"DFT structural relaxation (PBE, 520 eV cutoff, 7x7x7 k-grid) of 1317 antiperovskite compositions.",True,0.97,,The paper explicitly states that the antiperovskite compositional space examined totals 1317 compounds (“for a total number of compounds under examination of 1317”) and describes DFT structural relaxa,
Verified_Sj_lin_et_al__-_2023_-_Accelerated_Workflow_for_Antiperovskite_based_Soli_reactions.json,Sj_lin_et_al__-_2023_-_Accelerated_Workflow_for_Antiperovskite_based_Soli,high,workflow,workflow.timeline[1],unknown,"Antiperovskite structure check based on geometric criteria (unit cell angles, lengths, X–A/B distances, octahedral angles).",True,0.98,,The paper explicitly describes an “Antiperovskite structure check” as the first filtering criterion after structural relaxation. It states the check is based on geometric criteria: (1) unit cell angle,
Verified_Sj_lin_et_al__-_2023_-_Accelerated_Workflow_for_Antiperovskite_based_Soli_reactions.json,Sj_lin_et_al__-_2023_-_Accelerated_Workflow_for_Antiperovskite_based_Soli,high,workflow,workflow.timeline[2],unknown,Thermodynamic stability assessment via energy above convex hull (<0.2 eV/atom).,True,0.93,,"The paper explicitly states under the “Thermodynamic stability” section that stability is assessed via energy above the convex hull, and that the criterion is relaxed to include compounds with an ener",
Verified_Sj_lin_et_al__-_2023_-_Accelerated_Workflow_for_Antiperovskite_based_Soli_reactions.json,Sj_lin_et_al__-_2023_-_Accelerated_Workflow_for_Antiperovskite_based_Soli,high,workflow,workflow.timeline[3],unknown,Electronic property filter: bandgap ≥0.5 eV (PBE).,True,0.93,,"The paper explicitly states under the “Electronic properties” section that PBE is used to determine the band gap and that “a cut-off band gap of 0.5 eV is used” to filter materials (i.e., band gap thr",
Verified_Sj_lin_et_al__-_2023_-_Accelerated_Workflow_for_Antiperovskite_based_Soli_reactions.json,Sj_lin_et_al__-_2023_-_Accelerated_Workflow_for_Antiperovskite_based_Soli,high,workflow,workflow.timeline[4],unknown,Electrochemical stability window computed with Grand Potential Phase Diagrams; requirement ≥1 V.,True,0.96,,Page 4 explicitly states that the Electrochemical Stability Window (ESW) is determined using Grand Potential Phase Diagrams (GPPDs) and that a minimal ESW of 1 V is chosen as the passing/requirements ,
Verified_Sj_lin_et_al__-_2023_-_Accelerated_Workflow_for_Antiperovskite_based_Soli_reactions.json,Sj_lin_et_al__-_2023_-_Accelerated_Workflow_for_Antiperovskite_based_Soli,high,workflow,workflow.timeline[5],unknown,Migration barrier estimation with Surrogate NEB (S-NEB); top 10 lowest barriers selected.,True,0.95,,The paper explicitly describes migration barrier estimation using “Surrogate NEB (S-NEB)” under the “Migration Barriers – Surrogate NEB” section. It also explicitly states: “The 10 materials with the ,
Verified_Sj_lin_et_al__-_2023_-_Accelerated_Workflow_for_Antiperovskite_based_Soli_reactions.json,Sj_lin_et_al__-_2023_-_Accelerated_Workflow_for_Antiperovskite_based_Soli,high,workflow,workflow.timeline[6],unknown,Benchmark Climbing-Image NEB (CI-NEB) calculations for 28 compounds to validate S-NEB.,True,0.93,,The paper explicitly states in the Results and Discussion → Surrogate NEB section: “we ran CI-NEB calculations for all the compounds that made it through to the ESW step in the workflow… with 28 compo,
Verified_Sj_lin_et_al__-_2023_-_Accelerated_Workflow_for_Antiperovskite_based_Soli_reactions.json,Sj_lin_et_al__-_2023_-_Accelerated_Workflow_for_Antiperovskite_based_Soli,high,workflow,workflow.ambiguities[0],Ambiguous formula transcription for last compound in Table 2,,True,0.93,,"Table 2 (page 8) explicitly lists the last candidate as ""Mg3Nas"" (lowercase 's'), which is an ambiguous/likely erroneous transcription for a chemical formula. The body text nearby also references ""Mg3",
Verified_Sj_lin_et_al__-_2023_-_Accelerated_Workflow_for_Antiperovskite_based_Soli_reactions.json,Sj_lin_et_al__-_2023_-_Accelerated_Workflow_for_Antiperovskite_based_Soli,high,characterization,characterization[0],DFT (PBE),DFT (PBE),True,0.98,,"Table 2 (page 8) explicitly lists the PBE-calculated band gaps (“Gap [eV]”) for the 14 candidate compounds. The values match the extracted list: Li3SI 3.7, Li3FSe 3.8, Li3FTe 3.0, Li3HSe 3.6, Li3HTe 3",
Verified_Sj_lin_et_al__-_2023_-_Accelerated_Workflow_for_Antiperovskite_based_Soli_reactions.json,Sj_lin_et_al__-_2023_-_Accelerated_Workflow_for_Antiperovskite_based_Soli,high,characterization,characterization[1],Grand Potential Phase Diagram (GPPD),Grand Potential Phase Diagram (GPPD),True,0.97,,"Table 2 in the provided text explicitly lists ESW [V] values for 14 candidate compounds: 2.52, 2.13, 1.58, 1.01, 1.03, 2.86, 2.80, 1.58, 2.01, 1.73, 1.40, 1.85, 1.15, and 1.21. These match the extract",
Verified_Sj_lin_et_al__-_2023_-_Accelerated_Workflow_for_Antiperovskite_based_Soli_reactions.json,Sj_lin_et_al__-_2023_-_Accelerated_Workflow_for_Antiperovskite_based_Soli,high,characterization,characterization[2],Climbing-Image NEB (CI-NEB),Climbing-Image NEB (CI-NEB),True,0.92,,"Table 2 in the provided text explicitly reports the CI-NEB migration barriers (E°NEB) for 14 antiperovskite candidates. The listed values match the extracted meV values in order: 175, 194, 198, 265, 2",
Verified_Sj_lin_et_al__-_2023_-_Accelerated_Workflow_for_Antiperovskite_based_Soli_reactions.json,Sj_lin_et_al__-_2023_-_Accelerated_Workflow_for_Antiperovskite_based_Soli,high,analysis,analysis.methods[0],unknown,,False,0.78,,"The extracted value for “Analysis Method” is blank, but the paper explicitly describes multiple analysis/computational methods (e.g., DFT using VASP with PBE-GGA, surrogate NEB (S-NEB), CI-NEB, grand ","Density Functional Theory (DFT) calculations (VASP, PBE-GGA) with NEB-based migration barrier analysis (Surrogate NEB/S-NEB and CI-NEB), plus convex-hull phase stability (pymatgen) and ESW via grand p"
Verified_Swift_et_al__-_2021_-_Modeling_the_electrical_double_layer_at_solid-stat_reactions.json,Swift_et_al__-_2021_-_Modeling_the_electrical_double_layer_at_solid-stat,high,targets,targets[0],target_1,LiF,True,0.98,,"Table 1 explicitly lists “LiF” as a material (interlayer material) under the “Material” column, supporting the extracted Target Formula value LiF. The text also repeatedly references LiF as an interla",
Verified_Swift_et_al__-_2021_-_Modeling_the_electrical_double_layer_at_solid-stat_reactions.json,Swift_et_al__-_2021_-_Modeling_the_electrical_double_layer_at_solid-stat,high,targets,targets[1],target_2,Li2CO3,True,0.98,,"The paper explicitly lists Li2CO3 as an interlayer material analyzed in contact with Li metal (e.g., page 1 abstract: “...interlayer materials LiF, Li2O and Li2CO3”) and includes a Li2CO3 row in Table",
Verified_Swift_et_al__-_2021_-_Modeling_the_electrical_double_layer_at_solid-stat_reactions.json,Swift_et_al__-_2021_-_Modeling_the_electrical_double_layer_at_solid-stat,high,targets,targets[2],target_3,Li2O (111),True,0.94,,"The paper explicitly lists Li2O as an interlayer material analyzed and tabulated. Table 1 includes rows labeled “Li2O (111)” and “Li2O (110)”, and the text states they analyzed EDL in “LiF, Li2CO3 and",
Verified_Swift_et_al__-_2021_-_Modeling_the_electrical_double_layer_at_solid-stat_reactions.json,Swift_et_al__-_2021_-_Modeling_the_electrical_double_layer_at_solid-stat,high,targets,targets[3],target_4,Li2O (110),True,0.95,,"The paper explicitly includes Li2O as one of the interlayer materials studied. In the abstract (page 1) it lists “LiF, Li2O and Li2CO3,” and Table 1 (page 4) contains rows “Li2O (111)” and “Li2O (110)",
Verified_Swift_et_al__-_2021_-_Modeling_the_electrical_double_layer_at_solid-stat_reactions.json,Swift_et_al__-_2021_-_Modeling_the_electrical_double_layer_at_solid-stat,high,targets,targets[4],target_5,Li7La3Zr2O12 (LLZO),True,0.96,,The paper explicitly names the solid electrolyte as “Li7La3Zr2O12 (LLZO)” in the abstract on Page 1 and also lists “Li7La3Zr2O12 (LLZO)” among the materials tabulated in Table 1 (Page 4). This directl,
Verified_Swift_et_al__-_2021_-_Modeling_the_electrical_double_layer_at_solid-stat_reactions.json,Swift_et_al__-_2021_-_Modeling_the_electrical_double_layer_at_solid-stat,high,workflow,workflow.timeline[0],unknown,"Development and application of Poisson–Fermi–Dirac equation combined with DFT-predicted defect formation energies to compute EDL profiles for LiF, Li2CO3, Li2O and LLZO at Li metal interfaces.",True,0.86,,The paper explicitly states it develops an EDL model based on the Poisson–Fermi–Dirac equation and combines it with DFT-predicted defect formation energies to compute self-consistent potential/defect ,
Verified_Swift_et_al__-_2021_-_Modeling_the_electrical_double_layer_at_solid-stat_reactions.json,Swift_et_al__-_2021_-_Modeling_the_electrical_double_layer_at_solid-stat,high,analysis,analysis.methods[0],unknown,,False,0.95,,"The extracted value for “Analysis Method” is blank, but the paper explicitly states the computational/analysis methods used, including density functional theory (DFT) calculations combined with a cont","Computational modeling combining density functional theory (DFT) defect/band-alignment calculations with a continuum Poisson–Fermi–Dirac (Poisson-based space-charge/EDL) model (DFT via VASP, PBE-GGA/P"
Verified_Tian_et_al__-_2020_-_Recently_advances_and_perspectives_of_anode-free_r_reactions.json,Tian_et_al__-_2020_-_Recently_advances_and_perspectives_of_anode-free_r,high,targets,targets[0],target_1,PEO-coated Cu current collector,False,0.9,contradiction_clear,"The extracted value for “Target Formula” is blank, and the cited provenance (“Page 7, Fig. 6a–c description”) discusses PEO@Cu coating and anode-free cells but does not provide a single explicit ‘targ","If the intent is the material highlighted in Fig. 6a–c, it is poly(ethylene oxide) (PEO) coating on Cu (i.e., Cu@PEO / PEO@Cu). If the field must be a chemical formula, use “(C2H4O)n” for PEO; otherwi"
Verified_Tian_et_al__-_2020_-_Recently_advances_and_perspectives_of_anode-free_r_reactions.json,Tian_et_al__-_2020_-_Recently_advances_and_perspectives_of_anode-free_r,high,chemicals,chemicals[0],chem_1,poly(ethylene oxide),True,0.93,,"The paper explicitly mentions poly(ethylene oxide) (PEO) as an artificial coating for Cu current collectors in anode-free batteries (Page 8: “Recently, poly(ethylene oxide) (PEO) has been employed as ",
Verified_Tian_et_al__-_2020_-_Recently_advances_and_perspectives_of_anode-free_r_reactions.json,Tian_et_al__-_2020_-_Recently_advances_and_perspectives_of_anode-free_r,high,chemicals,chemicals[1],chem_2,Cu foil,True,0.93,false_positive_suspect,"The paper repeatedly identifies the anode current collector as “Cu foil” (e.g., Page 5: “Cu foil is commonly used anode current collector…”; also Page 9: “modified the bare Cu foil…”). Nowhere in the ",
Verified_Tian_et_al__-_2020_-_Recently_advances_and_perspectives_of_anode-free_r_reactions.json,Tian_et_al__-_2020_-_Recently_advances_and_perspectives_of_anode-free_r,high,synthesis,synthesis.steps[0].operations[0],spin_coat,,True,0.93,,The review explicitly states: “Constructing artificial coating generally involves spin coating technique…” and later gives a specific example: “Assegie et al. modified Cu current collector… by spin co,
Verified_Tian_et_al__-_2020_-_Recently_advances_and_perspectives_of_anode-free_r_reactions.json,Tian_et_al__-_2020_-_Recently_advances_and_perspectives_of_anode-free_r,high,workflow,workflow.timeline[0],unknown,Preparation of PEO-coated Cu current collector via spin coating for 120 s.,True,0.88,,"The review explicitly states that Assegie et al. modified a Cu current collector with a nanosized PEO porous polymer membrane by a spin coating approach, and that a thick PEO coating with a spinning t",
Verified_Tian_et_al__-_2020_-_Recently_advances_and_perspectives_of_anode-free_r_reactions.json,Tian_et_al__-_2020_-_Recently_advances_and_perspectives_of_anode-free_r,high,workflow,workflow.ambiguities[0],Missing solvent/composition details for PEO spin-coating solution.,,True,0.97,,"The provided review text mentions that Assegie et al. modified a Cu current collector with a nanosized PEO porous polymer membrane by a spin coating approach, but it does not specify the solvent syste",
Verified_Yu_and_Manthiram_-_2018_-_Electrode_electrolyte_interfaces_in_lithium-based__reactions.json,Yu_and_Manthiram_-_2018_-_Electrode_electrolyte_interfaces_in_lithium-based_,high,targets,targets[0],target_1,all-solid-state thin-film Li-ion cell stack,False,0.93,,"The paper passage at the cited location (p. 534–535) describes a thin-film all-solid-state battery sample composed of a 2 mm LiCoO2 cathode, a 1.5 mm LiPON electrolyte, and an 80 nm amorphous silicon ","If the intent is the cathode target composition, use ""LiCoO2"". If the intent is the electrolyte, use ""LiPON"" (note: LiPON is not given as a specific stoichiometric formula in the text). If the intent "
Verified_Yu_and_Manthiram_-_2018_-_Electrode_electrolyte_interfaces_in_lithium-based__reactions.json,Yu_and_Manthiram_-_2018_-_Electrode_electrolyte_interfaces_in_lithium-based_,high,chemicals,chemicals[0],chem_1,LiCoO2,True,0.9,,"The paper mentions the chemical identity LiCoO2 multiple times (e.g., in Fig. 4 caption on page 531 and in the all-solid-state battery discussion on page 535: “a 2 mm LiCoO2 cathode…”). However, it do",
Verified_Yu_and_Manthiram_-_2018_-_Electrode_electrolyte_interfaces_in_lithium-based__reactions.json,Yu_and_Manthiram_-_2018_-_Electrode_electrolyte_interfaces_in_lithium-based_,high,chemicals,chemicals[1],chem_2,LIPON,True,0.92,,"The paper mentions the chemical identity LiPON (written as “LiPON”/“LIPON”) as a thin-film lithium phosphorus oxynitride solid electrolyte (e.g., Page 2: “thin-film lithium phosphorus oxynitride (LiPO",
Verified_Yu_and_Manthiram_-_2018_-_Electrode_electrolyte_interfaces_in_lithium-based__reactions.json,Yu_and_Manthiram_-_2018_-_Electrode_electrolyte_interfaces_in_lithium-based_,high,chemicals,chemicals[2],chem_3,Amorphous silicon,True,0.93,,"The source text explicitly mentions an “80 nm amorphous silicon anode” on page 535, confirming the chemical identity as amorphous silicon. The paper does not provide any mass/molar amount (only a thic",
Verified_Yu_and_Manthiram_-_2018_-_Electrode_electrolyte_interfaces_in_lithium-based__reactions.json,Yu_and_Manthiram_-_2018_-_Electrode_electrolyte_interfaces_in_lithium-based_,high,synthesis,synthesis.steps[0].operations[0],deposit,,False,0.93,,"The paper is a review on electrode–electrolyte interfaces in Li-based batteries. It discusses lithium deposition/stripping and various coating/modification methods, but it does not describe a material",Not specified
Verified_Yu_and_Manthiram_-_2018_-_Electrode_electrolyte_interfaces_in_lithium-based__reactions.json,Yu_and_Manthiram_-_2018_-_Electrode_electrolyte_interfaces_in_lithium-based_,high,synthesis,synthesis.steps[0].operations[1],deposit,,False,0.84,,"The document is a review on electrode–electrolyte interfaces in Li-based batteries and discusses processes such as Li nucleation/deposition, lithium stripping/plating, and various coating/modification",Not specified
Verified_Yu_and_Manthiram_-_2018_-_Electrode_electrolyte_interfaces_in_lithium-based__reactions.json,Yu_and_Manthiram_-_2018_-_Electrode_electrolyte_interfaces_in_lithium-based_,high,synthesis,synthesis.steps[0].operations[2],deposit,,False,0.88,,"The document is a review about electrode–electrolyte interfaces in Li-based batteries and discusses processes such as Li nucleation/deposition, stripping/plating, coatings, and various interphase form",Not specified (the paper does not provide a specific synthesis operation as a procedural step).
Verified_Yu_and_Manthiram_-_2018_-_Electrode_electrolyte_interfaces_in_lithium-based__reactions.json,Yu_and_Manthiram_-_2018_-_Electrode_electrolyte_interfaces_in_lithium-based_,high,workflow,workflow.timeline[0],unknown,"Sequential deposition of cathode, electrolyte, and anode thin films to build a nano-battery stack for TEM studies.",False,0.86,,The provided paper is a review about electrode–electrolyte interfaces in lithium-based batteries. It discusses TEM-based characterization platforms and mentions that a “nano-battery” sample can be pre,"Revise to match the text, e.g.: “A ‘nano-battery’ TEM specimen was prepared by focused ion beam (FIB) cross-sectioning of a cycled thin-film battery (ex situ TEM), and in situ STEM-EELS platforms have"
Verified_Yu_and_Manthiram_-_2018_-_Electrode_electrolyte_interfaces_in_lithium-based__reactions.json,Yu_and_Manthiram_-_2018_-_Electrode_electrolyte_interfaces_in_lithium-based_,high,workflow,workflow.ambiguities[0],Thickness units possibly misprinted as mm instead of μm.,,False,0.95,contradiction_clear,"The source text explicitly states: “prepared with a 2 mm LiCoO2 cathode, a 1.5 mm LIPON electrolyte, and an 80 nm amorphous silicon anode.” This supports that the paper reports thicknesses in mm for L","If the field must capture what the paper states, record the thicknesses as reported: 2 mm LiCoO2 cathode; 1.5 mm LiPON electrolyte (and 80 nm amorphous Si anode). If the field is specifically ‘ambigui"
Verified_Yu_and_Manthiram_-_2018_-_Electrode_electrolyte_interfaces_in_lithium-based__reactions.json,Yu_and_Manthiram_-_2018_-_Electrode_electrolyte_interfaces_in_lithium-based_,high,characterization,characterization[0],STEM-EELS,STEM-EELS,True,0.96,,"The source text on page 535 explicitly states: “A disordered interphase layer between the LIPON electrolyte and the LiCoO2 cathode was observed by STEM-EELS, which accumulated Li and evolved a rock sa",
Verified_zhu-et-al-2015-origin-of-outstanding-stability-in-the-lithium-solid-electrolyte-materials-insights-from-thermodynamicsup_reactions.json,zhu-et-al-2015-origin-of-outstanding-stability-in-the-lithium-solid-electrolyte-materials-insights-from-thermodynamicsup,high,targets,targets[0],t1,Li10GeP2S12,True,0.99,,"Table S1 (Page S-2) explicitly lists the composition/formula ""Li10GeP2S12"" (acronym LGPS). This directly supports the extracted Target Formula value.",
Verified_zhu-et-al-2015-origin-of-outstanding-stability-in-the-lithium-solid-electrolyte-materials-insights-from-thermodynamicsup_reactions.json,zhu-et-al-2015-origin-of-outstanding-stability-in-the-lithium-solid-electrolyte-materials-insights-from-thermodynamicsup,high,targets,targets[1],t2,Li3.25Ge0.25P0.75S4,True,0.99,,"The target composition/formula “Li3.25Ge0.25P0.75S4” is explicitly listed in Table S1 under the “Composition” column (Page S-2). It also appears again as a section heading in Table S2(b) (Page S-3), c",
Verified_zhu-et-al-2015-origin-of-outstanding-stability-in-the-lithium-solid-electrolyte-materials-insights-from-thermodynamicsup_reactions.json,zhu-et-al-2015-origin-of-outstanding-stability-in-the-lithium-solid-electrolyte-materials-insights-from-thermodynamicsup,high,targets,targets[2],t3,Li3PS4,True,0.99,,"The formula Li3PS4 is explicitly listed as a material composition in Table S1 (under “Composition”) and is also the heading for section (c) in Table S2, confirming it is a target material/formula in t",
Verified_zhu-et-al-2015-origin-of-outstanding-stability-in-the-lithium-solid-electrolyte-materials-insights-from-thermodynamicsup_reactions.json,zhu-et-al-2015-origin-of-outstanding-stability-in-the-lithium-solid-electrolyte-materials-insights-from-thermodynamicsup,high,targets,targets[3],t4,Li4GeS4,True,0.98,,"The formula Li4GeS4 is explicitly present in Table S1 (listed as a composition entry: “Li4GeS4”, with structure mp-302493) and also appears repeatedly in phase equilibria entries (e.g., for LGPS and i",
Verified_zhu-et-al-2015-origin-of-outstanding-stability-in-the-lithium-solid-electrolyte-materials-insights-from-thermodynamicsup_reactions.json,zhu-et-al-2015-origin-of-outstanding-stability-in-the-lithium-solid-electrolyte-materials-insights-from-thermodynamicsup,high,targets,targets[4],t5,Li7P3S11,True,0.99,,"Supported. In Table S1 (Page S-2), the composition list explicitly includes “Li7P3S11” (with structure mp-6417034). The formula also appears again as the header for Table S2(e) on Page S-4, confirming",
Verified_zhu-et-al-2015-origin-of-outstanding-stability-in-the-lithium-solid-electrolyte-materials-insights-from-thermodynamicsup_reactions.json,zhu-et-al-2015-origin-of-outstanding-stability-in-the-lithium-solid-electrolyte-materials-insights-from-thermodynamicsup,high,targets,targets[5],t6,Li6PS5Cl,True,0.99,,"The formula Li6PS5Cl is explicitly listed as a composition in Table S1 (Materials systems) and also appears as the header for section (f) in Table S2, confirming it is a target solid electrolyte mater",
Verified_zhu-et-al-2015-origin-of-outstanding-stability-in-the-lithium-solid-electrolyte-materials-insights-from-thermodynamicsup_reactions.json,zhu-et-al-2015-origin-of-outstanding-stability-in-the-lithium-solid-electrolyte-materials-insights-from-thermodynamicsup,high,targets,targets[6],t7,Li7P2S8I,True,0.98,,"Table S1 (Materials systems) explicitly lists the composition ""Li7P2S8I"" as one of the solid electrolyte materials (with phase equilibria ""Li3PS4, LiI""). Therefore the extracted Target Formula matches",
Verified_zhu-et-al-2015-origin-of-outstanding-stability-in-the-lithium-solid-electrolyte-materials-insights-from-thermodynamicsup_reactions.json,zhu-et-al-2015-origin-of-outstanding-stability-in-the-lithium-solid-electrolyte-materials-insights-from-thermodynamicsup,high,targets,targets[7],t8,Li2PO2N (representative LiPON),True,0.97,,"Table S1 (Materials systems section) explicitly lists the composition ""Li2PO2N"" (acronym LiPON). This directly supports the extracted Target Formula value Li2PO2N.",
Verified_zhu-et-al-2015-origin-of-outstanding-stability-in-the-lithium-solid-electrolyte-materials-insights-from-thermodynamicsup_reactions.json,zhu-et-al-2015-origin-of-outstanding-stability-in-the-lithium-solid-electrolyte-materials-insights-from-thermodynamicsup,high,targets,targets[8],t9,Li7La3Zr2O12,True,0.99,,"The formula Li7La3Zr2O12 is explicitly listed in Table S1 under the composition for LLZO, and also appears again in Table S2(i) for LLZO (row with 0 V reference).",
Verified_zhu-et-al-2015-origin-of-outstanding-stability-in-the-lithium-solid-electrolyte-materials-insights-from-thermodynamicsup_reactions.json,zhu-et-al-2015-origin-of-outstanding-stability-in-the-lithium-solid-electrolyte-materials-insights-from-thermodynamicsup,high,targets,targets[9],t10,Li0.33La0.56TiO3,True,0.99,,The formula Li0.33La0.56TiO3 is explicitly listed in Table S1 (Materials systems) as the composition for LLTO. It also appears again in Table S2(j) under LLTO as the reference composition (“0 Li0.33La,
Verified_zhu-et-al-2015-origin-of-outstanding-stability-in-the-lithium-solid-electrolyte-materials-insights-from-thermodynamicsup_reactions.json,zhu-et-al-2015-origin-of-outstanding-stability-in-the-lithium-solid-electrolyte-materials-insights-from-thermodynamicsup,high,targets,targets[10],t11,Li1.3Al0.3Ti1.7(PO4)3,True,0.99,,"The formula ""Li1.3Al0.3Ti1.7(PO4)3"" is explicitly listed in Table S1 (Materials systems) as the composition for LATP, and it also appears again in Table S2(k) for LATP at the 0 V reference row.",
Verified_zhu-et-al-2015-origin-of-outstanding-stability-in-the-lithium-solid-electrolyte-materials-insights-from-thermodynamicsup_reactions.json,zhu-et-al-2015-origin-of-outstanding-stability-in-the-lithium-solid-electrolyte-materials-insights-from-thermodynamicsup,high,targets,targets[11],t12,Li1.5Al0.5Ge1.5(PO4)3,True,0.98,,"The formula “Li1.5Al0.5Ge1.5(PO4)3” appears explicitly in Table S1 (Page S-2) as the composition for LAGP, and is also repeated in the LAGP section of Table S2 (Page S-7) at the 0 V reference line. Th",
Verified_zhu-et-al-2015-origin-of-outstanding-stability-in-the-lithium-solid-electrolyte-materials-insights-from-thermodynamicsup_reactions.json,zhu-et-al-2015-origin-of-outstanding-stability-in-the-lithium-solid-electrolyte-materials-insights-from-thermodynamicsup,high,targets,targets[12],t13,Li3.5Zn0.25GeO4,True,0.99,,Table S1 explicitly lists the composition/formula “Li3.5Zn0.25GeO4” (acronym LISICON). The extracted Target Formula matches exactly.,
Verified_zhu-et-al-2015-origin-of-outstanding-stability-in-the-lithium-solid-electrolyte-materials-insights-from-thermodynamicsup_reactions.json,zhu-et-al-2015-origin-of-outstanding-stability-in-the-lithium-solid-electrolyte-materials-insights-from-thermodynamicsup,high,workflow,workflow.timeline[0],unknown,"For disordered structures, 50–60 configurations were sampled and the lowest-energy configuration was chosen as the ground state (Page S-2).",True,0.93,,"The source text on Page S-2 explicitly states: ""For the structures with disordered site occupancies, we sampled 50-60 different configurations ... and chose the configuration with the lowest energy as",
Verified_zhu-et-al-2015-origin-of-outstanding-stability-in-the-lithium-solid-electrolyte-materials-insights-from-thermodynamicsup_reactions.json,zhu-et-al-2015-origin-of-outstanding-stability-in-the-lithium-solid-electrolyte-materials-insights-from-thermodynamicsup,high,characterization,characterization[0],First-principles (DFT) total-energy calculations,First-principles (DFT) total-energy calculations,False,0.78,,Pages S-2 to S-3 describe how structures were obtained/constructed and note that for disordered occupancies they sampled 50–60 configurations and selected the lowest-energy configuration as the ground,"Replace with a supported statement such as: 'For structures with disordered site occupancies, 50–60 configurations were sampled and the lowest-energy configuration was chosen as the ground-state struc"
Verified_zhu-et-al-2015-origin-of-outstanding-stability-in-the-lithium-solid-electrolyte-materials-insights-from-thermodynamicsup_reactions.json,zhu-et-al-2015-origin-of-outstanding-stability-in-the-lithium-solid-electrolyte-materials-insights-from-thermodynamicsup,high,analysis,analysis.methods[0],unknown,,False,0.92,,"The extracted value for ""Analysis Method"" is blank, but the supporting information explicitly states the study uses ""Thermodynamic Analyses Based on First Principles Calculations"" (title) and further ",Thermodynamic analyses based on first-principles calculations (DFT); energies from Materials Project with additional first-principles calculations/sampled configurations for disordered structures.
Verified_zhu-et-al-2015-origin-of-outstanding-stability-in-the-lithium-solid-electrolyte-materials-insights-from-thermodynamicsup_reactions.json,zhu-et-al-2015-origin-of-outstanding-stability-in-the-lithium-solid-electrolyte-materials-insights-from-thermodynamicsup,high,analysis,analysis.methods[1],unknown,,False,0.86,,"The extracted value for “Analysis Method” is blank, and the document does specify the analysis approach: the title and text repeatedly state “Thermodynamic Analyses Based on First Principles Calculati","First-principles calculations (DFT-based thermodynamic analysis; calculated lithiation/delithiation plateaus, with many energies from the Materials Project database)."
Verified_Zhu_et_al__-_2015_-_Origin_of_Outstanding_Stability_in_the_Lithium_Sol_reactions.json,Zhu_et_al__-_2015_-_Origin_of_Outstanding_Stability_in_the_Lithium_Sol,high,targets,targets[0],target_1,Li10GeP2S12,True,0.99,,"Table S1 on page S-2 (Materials systems) explicitly lists the composition as ""Li10GeP2S12"" (acronym LGPS). This directly supports the extracted Target Formula value.",
Verified_Zhu_et_al__-_2015_-_Origin_of_Outstanding_Stability_in_the_Lithium_Sol_reactions.json,Zhu_et_al__-_2015_-_Origin_of_Outstanding_Stability_in_the_Lithium_Sol,high,targets,targets[1],target_2,Li3.25Ge0.25P0.75S4,True,0.98,,"The composition/formula “Li3.25Ge0.25P0.75S4” is explicitly listed in Table S1 on page S-2 under “Composition,” matching the extracted Target Formula exactly. It is also repeated in the text below Tab",
Verified_Zhu_et_al__-_2015_-_Origin_of_Outstanding_Stability_in_the_Lithium_Sol_reactions.json,Zhu_et_al__-_2015_-_Origin_of_Outstanding_Stability_in_the_Lithium_Sol,high,targets,targets[2],target_3,Li3PS4,True,0.99,,"Table S1 (page S-2) explicitly lists the composition ""Li3PS4"" as a solid electrolyte material (with acronym 2 and phase equilibria Li3PS4). The document also contains a dedicated section/table for (c)",
Verified_Zhu_et_al__-_2015_-_Origin_of_Outstanding_Stability_in_the_Lithium_Sol_reactions.json,Zhu_et_al__-_2015_-_Origin_of_Outstanding_Stability_in_the_Lithium_Sol,high,targets,targets[3],target_4,Li4GeS4,True,0.98,,Table S1 (page S-2) explicitly lists a material with composition/formula “Li4GeS4” (row: Li4GeS4; mp-302493). The same formula also appears as section (d) heading in Table S2 on page S-4 (“(d) Li4GeS4,
Verified_Zhu_et_al__-_2015_-_Origin_of_Outstanding_Stability_in_the_Lithium_Sol_reactions.json,Zhu_et_al__-_2015_-_Origin_of_Outstanding_Stability_in_the_Lithium_Sol,high,targets,targets[4],target_5,Li7P3S11,True,0.98,,"The formula Li7P3S11 is explicitly listed in Table S1 (page S-2) under the 'Composition' column, and it also appears as a subsection heading in Table S2(e) (page S-4). This directly supports the extra",
Verified_Zhu_et_al__-_2015_-_Origin_of_Outstanding_Stability_in_the_Lithium_Sol_reactions.json,Zhu_et_al__-_2015_-_Origin_of_Outstanding_Stability_in_the_Lithium_Sol,high,targets,targets[5],target_6,Li6PS5Cl,True,0.99,,"The target formula “Li6PS5Cl” is explicitly listed in Table S1 under “Composition” (Supporting Information page S-2). It also appears as the heading for section (f) on page S-5, further confirming the",
Verified_Zhu_et_al__-_2015_-_Origin_of_Outstanding_Stability_in_the_Lithium_Sol_reactions.json,Zhu_et_al__-_2015_-_Origin_of_Outstanding_Stability_in_the_Lithium_Sol,high,targets,targets[6],target_7,Li7P2S8I,True,0.99,,"Table S1 on page S-2 explicitly lists the composition “Li7P2S8I” (with phase equilibria noted as “Li3PS4, LiI”). This directly supports the extracted Target Formula value.",
Verified_Zhu_et_al__-_2015_-_Origin_of_Outstanding_Stability_in_the_Lithium_Sol_reactions.json,Zhu_et_al__-_2015_-_Origin_of_Outstanding_Stability_in_the_Lithium_Sol,high,targets,targets[7],target_8,LiPON (represented by Li2PO2N),True,0.98,,The formula Li2PO2N is explicitly listed in Table S1 under the “Composition” column (row with acronym LiPON) and also appears again in Table S2(h) (LiPON section) as the baseline composition (“0  Li2P,
Verified_Zhu_et_al__-_2015_-_Origin_of_Outstanding_Stability_in_the_Lithium_Sol_reactions.json,Zhu_et_al__-_2015_-_Origin_of_Outstanding_Stability_in_the_Lithium_Sol,high,targets,targets[8],target_9,Li7La3Zr2O12,True,0.99,,The source text explicitly lists the composition/formula “Li7La3Zr2O12” in Table S1 (page S-2) for the material acronym LLZO. It is also repeated in Table S2 section (i) LLZO (page S-6) as “Li7La3Zr2O,
Verified_Zhu_et_al__-_2015_-_Origin_of_Outstanding_Stability_in_the_Lithium_Sol_reactions.json,Zhu_et_al__-_2015_-_Origin_of_Outstanding_Stability_in_the_Lithium_Sol,high,targets,targets[9],target_10,Li0.33La0.56TiO3,True,0.99,,"The formula Li0.33La0.56TiO3 is explicitly listed in Table S1 (page S-2) under the Composition column for LLTO, and it is also repeated later in the text (“ground state structure of Li0.33La0.56TiO3 (",
Verified_Zhu_et_al__-_2015_-_Origin_of_Outstanding_Stability_in_the_Lithium_Sol_reactions.json,Zhu_et_al__-_2015_-_Origin_of_Outstanding_Stability_in_the_Lithium_Sol,high,targets,targets[10],target_11,Li1.3Al0.3Ti1.7(PO4)3,True,0.99,,"The formula ""Li1.3Al0.3Ti1.7(PO4)3"" is explicitly listed in Table S1 under the Composition column (Page S-2) with acronym LATP. It also reappears in the LATP section of Table S2(k) as the 0 V referenc",
Verified_Zhu_et_al__-_2015_-_Origin_of_Outstanding_Stability_in_the_Lithium_Sol_reactions.json,Zhu_et_al__-_2015_-_Origin_of_Outstanding_Stability_in_the_Lithium_Sol,high,targets,targets[11],target_12,Li1.5Al0.5Ge1.5(PO4)3,True,0.99,,The formula “Li1.5Al0.5Ge1.5(PO4)3” is explicitly listed in Table S1 (page S-2) under the Composition column (acronym LAGP). It also appears again in the text below Table S1 and in the heading/entries,
Verified_Zhu_et_al__-_2015_-_Origin_of_Outstanding_Stability_in_the_Lithium_Sol_reactions.json,Zhu_et_al__-_2015_-_Origin_of_Outstanding_Stability_in_the_Lithium_Sol,high,targets,targets[12],target_13,Li3.5Zn0.25GeO4,True,0.99,,Table S1 on page S-2 explicitly lists the composition/formula “Li3.5Zn0.25GeO4” (acronym LISICON). The extracted Target Formula matches exactly.,
Verified_Zhu_et_al__-_2015_-_Origin_of_Outstanding_Stability_in_the_Lithium_Sol_reactions.json,Zhu_et_al__-_2015_-_Origin_of_Outstanding_Stability_in_the_Lithium_Sol,high,targets,targets[13],target_14,Li4Ti5O12,True,0.99,,"The formula Li4Ti5O12 is explicitly present in Table S3 (coating layer materials) on page S-8 as entry “(a) Li4Ti5O12”, and also appears elsewhere (e.g., Table S1 phase equilibria for LLTO). Thus the ",
Verified_Zhu_et_al__-_2015_-_Origin_of_Outstanding_Stability_in_the_Lithium_Sol_reactions.json,Zhu_et_al__-_2015_-_Origin_of_Outstanding_Stability_in_the_Lithium_Sol,high,targets,targets[14],target_15,LiNbO3,True,0.99,,The formula “LiNbO3” is explicitly listed in Table S3 (coating layer materials) under entry “(b) LiNbO3” and again on the baseline row labeled “0 LiNbO3” on page S-8.,
Verified_Zhu_et_al__-_2015_-_Origin_of_Outstanding_Stability_in_the_Lithium_Sol_reactions.json,Zhu_et_al__-_2015_-_Origin_of_Outstanding_Stability_in_the_Lithium_Sol,high,targets,targets[15],target_16,Li2SiO3,True,0.99,,"Table S3 on page S-9 explicitly lists the coating layer material section “(c) Li2SiO3”, with a row labeled “0  Li2SiO3”, directly supporting the target formula Li2SiO3. The alleged provenance (Table S",
Verified_Zhu_et_al__-_2015_-_Origin_of_Outstanding_Stability_in_the_Lithium_Sol_reactions.json,Zhu_et_al__-_2015_-_Origin_of_Outstanding_Stability_in_the_Lithium_Sol,high,targets,targets[16],target_17,LiTaO3,True,0.99,,"Table S3 (coating layer materials) explicitly includes entry (d) labeled “LiTaO3” on page S-9, directly supporting the Target Formula value LiTaO3. The alleged provenance matches the location (Table S",
Verified_Zhu_et_al__-_2015_-_Origin_of_Outstanding_Stability_in_the_Lithium_Sol_reactions.json,Zhu_et_al__-_2015_-_Origin_of_Outstanding_Stability_in_the_Lithium_Sol,high,targets,targets[17],target_18,Li3PO4,True,0.98,,"The formula Li3PO4 is explicitly present in Table S3 (coating layer materials), entry (e) labeled “Li3PO4” on page S-9. Therefore the extracted Target Formula matches the source text.",
Verified_Zhu_et_al__-_2015_-_Origin_of_Outstanding_Stability_in_the_Lithium_Sol_reactions.json,Zhu_et_al__-_2015_-_Origin_of_Outstanding_Stability_in_the_Lithium_Sol,high,workflow,workflow.ambiguities[0],Energy above hull values not provided,,True,0.98,,"Table S1 (page S-2) includes an 'E above hull (meV/atom)' column where the entries for Li3.25Ge0.25P0.75S4, Li7P2S8I, and Li1.5Al0.5Ge1.5(PO4)3 (LAGP) are shown as '-' (with structure used also '-'), ",
Verified_Zhu_et_al__-_2015_-_Origin_of_Outstanding_Stability_in_the_Lithium_Sol_reactions.json,Zhu_et_al__-_2015_-_Origin_of_Outstanding_Stability_in_the_Lithium_Sol,high,characterization,characterization[0],First-principles calculations (DFT),First-principles calculations (DFT),True,0.99,,"Table S1 (page S-2) explicitly lists “E above hull (meV/atom)” for each of the queried solid electrolytes, matching all extracted values: Li10GeP2S12 = 21; Li7P3S11 = 22; Li6PS5Cl = 83; Li0.33La0.56Ti",
Verified_Zhu_et_al__-_2015_-_Origin_of_Outstanding_Stability_in_the_Lithium_Sol_reactions.json,Zhu_et_al__-_2015_-_Origin_of_Outstanding_Stability_in_the_Lithium_Sol,high,analysis,analysis.methods[0],unknown,,False,0.93,contradiction_clear,"The field “Analysis Method” has an empty extracted value. In the provided supporting information, Table S2 (p. S-3 and onward) reports “Calculated plateaus for the lithiation and delithiation of solid",First-principles calculations / thermodynamic analyses based on first-principles calculations (DFT-based).
Verified_Assegie_et_al__-_2018_-_Polyethylene_oxide_film_coating_enhances_lithium_c_reactions.json,Assegie_et_al__-_2018_-_Polyethylene_oxide_film_coating_enhances_lithium_c,low,targets,targets[0],target_1,PEO-coated copper electrode (Cu@PEO),False,0.74,,"The extracted value for “Target Formula” is blank, but the paper does specify chemical formulas/material identities used in the study (e.g., polyethylene oxide (PEO) coating; LiTFSI, LiNO3, DME/DOL el","If “Target Formula” refers to the main target material/system, use a specific identifier such as “Polyethylene oxide (PEO)” (for the coating) or the full-cell configuration “Cu@PEO/LiFePO4” (anode-fre"
Verified_Assegie_et_al__-_2018_-_Polyethylene_oxide_film_coating_enhances_lithium_c_reactions.json,Assegie_et_al__-_2018_-_Polyethylene_oxide_film_coating_enhances_lithium_c,low,chemicals,chemicals[0],chem_1,Polyethylene oxide,True,0.98,,The Experimental section (“Fabrication of PEO-coated electrode”) explicitly states: “A 0.1 g sample of polyethylene oxide … was dissolved…”. This directly supports the extracted value ‘Polyethylene ox,
Verified_Assegie_et_al__-_2018_-_Polyethylene_oxide_film_coating_enhances_lithium_c_reactions.json,Assegie_et_al__-_2018_-_Polyethylene_oxide_film_coating_enhances_lithium_c,low,chemicals,chemicals[1],chem_2,Water,False,0.72,contradiction_clear,"The paper explicitly mentions water as part of the solvent used to dissolve PEO in the Experimental section: “A 0.1 g sample of polyethylene oxide … was dissolved in a mixture of water/ethanol (1/1, v","Water | Amount: present as part of water/ethanol mixture (1/1, v/v) used to dissolve 0.1 g PEO (stirred 24 h)."
Verified_Assegie_et_al__-_2018_-_Polyethylene_oxide_film_coating_enhances_lithium_c_reactions.json,Assegie_et_al__-_2018_-_Polyethylene_oxide_film_coating_enhances_lithium_c,low,chemicals,chemicals[2],chem_3,Ethanol,False,0.74,contradiction_clear,"The paper explicitly mentions ethanol as part of the solvent mixture used to dissolve PEO: “A 0.1 g sample of polyethylene oxide … was dissolved in a mixture of water/ethanol (1/1, v/v) …” (Experiment",Ethanol | Amount: used in water/ethanol mixture at 1/1 (v/v) (for dissolving 0.1 g PEO).
Verified_Assegie_et_al__-_2018_-_Polyethylene_oxide_film_coating_enhances_lithium_c_reactions.json,Assegie_et_al__-_2018_-_Polyethylene_oxide_film_coating_enhances_lithium_c,low,chemicals,chemicals[3],chem_4,Copper foil,True,0.96,,"The paper explicitly identifies the chemical as copper foil (e.g., “Pre-cut copper foils with diameters of 16 mm and 13 mm were used…” and multiple references to “bare copper electrode/copper foil”). ",
Verified_Assegie_et_al__-_2018_-_Polyethylene_oxide_film_coating_enhances_lithium_c_reactions.json,Assegie_et_al__-_2018_-_Polyethylene_oxide_film_coating_enhances_lithium_c,low,chemicals,chemicals[4],chem_5,Hydrochloric acid (dilute),True,0.87,,"The Experimental section explicitly mentions hydrochloric acid as used to remove the oxide layer: ""An oxide layer on the copper electrodes was removed by washing with deionized water in dilute HCl...""",
Verified_Assegie_et_al__-_2018_-_Polyethylene_oxide_film_coating_enhances_lithium_c_reactions.json,Assegie_et_al__-_2018_-_Polyethylene_oxide_film_coating_enhances_lithium_c,low,chemicals,chemicals[5],chem_6,Acetone,True,0.93,,"The paper explicitly mentions acetone in the Experimental section as part of the copper-foil cleaning/rinsing procedure (“...subsequent rinsing with deionized water and acetone.”). However, no volume/",
Verified_Assegie_et_al__-_2018_-_Polyethylene_oxide_film_coating_enhances_lithium_c_reactions.json,Assegie_et_al__-_2018_-_Polyethylene_oxide_film_coating_enhances_lithium_c,low,chemicals,chemicals[6],chem_7,Lithium bis(trifluoromethanesulfonyl)imide,True,0.98,,The paper explicitly states the ether-based electrolyte composition includes “1 M LiTFSI” (lithium bis(trifluoromethanesulfonyl)imide). This appears in the abstract (Page 1: “electrolyte comprising 1 ,
Verified_Assegie_et_al__-_2018_-_Polyethylene_oxide_film_coating_enhances_lithium_c_reactions.json,Assegie_et_al__-_2018_-_Polyethylene_oxide_film_coating_enhances_lithium_c,low,chemicals,chemicals[7],chem_8,"1,2-Dimethoxyethane",True,0.95,,"The paper explicitly includes 1,2-dimethoxyethane (DME) as part of the electrolyte solvent system (e.g., “DME/DOL (1/1, v/v)” and “1,3-dioxolane and 1,2-dimethoxyethane (1/1, v/v)”). However, there is",
Verified_Assegie_et_al__-_2018_-_Polyethylene_oxide_film_coating_enhances_lithium_c_reactions.json,Assegie_et_al__-_2018_-_Polyethylene_oxide_film_coating_enhances_lithium_c,low,chemicals,chemicals[8],chem_9,"1,3-Dioxolane",False,0.78,contradiction_clear,"The document explicitly mentions 1,3-dioxolane (DOL) as part of the electrolyte solvent mixture (e.g., “LiTFSI in 1,3-dioxolane and 1,2-dimethoxyethane (1/1, v/v) with 2 wt% LiNO3” and “DME/DOL (1/1, ","1,3-Dioxolane (DOL) | Amount: DME/DOL = 1/1 (v/v) in electrolyte (absolute volume not specified; electrolyte volume ~60 µL is given for the whole electrolyte)."
Verified_Assegie_et_al__-_2018_-_Polyethylene_oxide_film_coating_enhances_lithium_c_reactions.json,Assegie_et_al__-_2018_-_Polyethylene_oxide_film_coating_enhances_lithium_c,low,chemicals,chemicals[9],chem_10,Lithium nitrate,True,0.99,,"The paper explicitly states the ether-based electrolyte comprises “1 M LiTFSI, DME/DOL (1/1, v/v) and 2 wt% LiNO3,” appearing in the abstract (Page 1) and repeated in the Electrochemical testing secti",
Verified_Assegie_et_al__-_2018_-_Polyethylene_oxide_film_coating_enhances_lithium_c_reactions.json,Assegie_et_al__-_2018_-_Polyethylene_oxide_film_coating_enhances_lithium_c,low,chemicals,chemicals[10],chem_11,Lithium hexafluorophosphate,False,0.98,,"The paper specifies the ether-based electrolyte as “1 M LiTFSI in DME/DOL (1/1, v/v) with 2 wt% LiNO3” for electrochemical testing. Lithium hexafluorophosphate (LiPF6) is only mentioned as a comparati","Lithium hexafluorophosphate (LiPF6) | Amount: 1 M (in EC/DEC (1/1, v/v), used as a comparative carbonate electrolyte)."
Verified_Assegie_et_al__-_2018_-_Polyethylene_oxide_film_coating_enhances_lithium_c_reactions.json,Assegie_et_al__-_2018_-_Polyethylene_oxide_film_coating_enhances_lithium_c,low,chemicals,chemicals[11],chem_12,Ethylene carbonate,False,0.9,,"The paper’s electrochemical testing section does mention ethylene carbonate (EC), specifically in the carbonate electrolyte formulation “1 M LiPF6 and EC/DEC (1/1, v/v)” and also references “LiPF6 in ",Ethylene carbonate (EC) | Amount: EC/DEC = 1/1 (v/v) in the carbonate electrolyte (with 1 M LiPF6).
Verified_Assegie_et_al__-_2018_-_Polyethylene_oxide_film_coating_enhances_lithium_c_reactions.json,Assegie_et_al__-_2018_-_Polyethylene_oxide_film_coating_enhances_lithium_c,low,chemicals,chemicals[12],chem_13,Diethyl carbonate,False,0.94,,"The paper text lists electrolyte components such as LiTFSI in DME/DOL with LiNO3 (ether-based) and LiPF6 in EC/DEC (carbonate-based), but it never mentions diethyl carbonate as a chemical used. DEC ap","If mapping abbreviations is allowed: “EC/DEC (1/1, v/v) | Amount: not standalone; used as solvent mixture with EC at 1/1 (v/v) in electrolyte containing 1 M LiPF6.” If strictly requiring explicit nami"
Verified_Assegie_et_al__-_2018_-_Polyethylene_oxide_film_coating_enhances_lithium_c_reactions.json,Assegie_et_al__-_2018_-_Polyethylene_oxide_film_coating_enhances_lithium_c,low,chemicals,chemicals[13],chem_14,LiFePO4,True,0.9,,"The paper explicitly mentions use of an LiFePO4 cathode in the anode-free full-cell configuration (e.g., “integrating it with an LiFePO4 cathode into a full-cell configuration (Cu@PEO/LiFePO4)” and mu",
Verified_Assegie_et_al__-_2018_-_Polyethylene_oxide_film_coating_enhances_lithium_c_reactions.json,Assegie_et_al__-_2018_-_Polyethylene_oxide_film_coating_enhances_lithium_c,low,chemicals,chemicals[14],chem_15,Super P carbon,True,0.93,,"The paper explicitly identifies the conductive carbon as “conductive carbon black (Super P)” in the Experimental section when describing the LiFePO4 cathode slurry. However, no explicit amount for Sup",
Verified_Assegie_et_al__-_2018_-_Polyethylene_oxide_film_coating_enhances_lithium_c_reactions.json,Assegie_et_al__-_2018_-_Polyethylene_oxide_film_coating_enhances_lithium_c,low,chemicals,chemicals[15],chem_16,Polyvinylidene fluoride,False,0.93,,The paper does not mention polyvinylidene fluoride (PVDF) as a chemical used on the Cu@PEO anode modification; instead the anode coating uses polyethylene oxide (PEO). PVDF is mentioned in the Experim,Polyethylene oxide (PEO) | Amount: 0.1 g (dissolved in water/ethanol 1/1 v/v) for the spin-coating solution. If the field is meant for cathode components: PVDF binder | Amount: 10 wt% (active:Super P:
Verified_Assegie_et_al__-_2018_-_Polyethylene_oxide_film_coating_enhances_lithium_c_reactions.json,Assegie_et_al__-_2018_-_Polyethylene_oxide_film_coating_enhances_lithium_c,low,chemicals,chemicals[16],chem_17,Sodium hydroxide (dilute),False,0.93,,"The paper’s Experimental section describes removing the oxide layer from copper by washing with deionized water in dilute HCl, and separately describes treating aluminum foil with a dilute NaOH soluti","Dilute NaOH solution (used to treat aluminum foil); amount/concentration not specified. (Copper oxide layer removal used dilute HCl, not NaOH.)"
Verified_Assegie_et_al__-_2018_-_Polyethylene_oxide_film_coating_enhances_lithium_c_reactions.json,Assegie_et_al__-_2018_-_Polyethylene_oxide_film_coating_enhances_lithium_c,low,chemicals,chemicals[17],chem_18,Aluminum foil,False,0.75,contradiction_clear,"The paper explicitly mentions aluminum foil in the Experimental section (“Aluminum foil was first treated with a dilute NaOH solution…”), so the chemical identity is supported. However, the text does ",Chemical: Aluminum foil. Amount: Not specified in text.
Verified_Assegie_et_al__-_2018_-_Polyethylene_oxide_film_coating_enhances_lithium_c_reactions.json,Assegie_et_al__-_2018_-_Polyethylene_oxide_film_coating_enhances_lithium_c,low,synthesis,synthesis.steps[0].operations[0],dissolve,,True,0.92,,"The Experimental section explicitly states that polyethylene oxide (PEO) was “dissolved in a mixture of water/ethanol (1/1, v/v) and stirred for 24 h to form a viscous solution,” which is a synthesis/",
Verified_Assegie_et_al__-_2018_-_Polyethylene_oxide_film_coating_enhances_lithium_c_reactions.json,Assegie_et_al__-_2018_-_Polyethylene_oxide_film_coating_enhances_lithium_c,low,synthesis,synthesis.steps[1].operations[0],wash,,True,0.83,,The paper explicitly describes a washing step during electrode preparation: “An oxide layer on the copper electrodes was removed by washing with deionized water in dilute HCl and subsequent rinsing wi,
Verified_Assegie_et_al__-_2018_-_Polyethylene_oxide_film_coating_enhances_lithium_c_reactions.json,Assegie_et_al__-_2018_-_Polyethylene_oxide_film_coating_enhances_lithium_c,low,synthesis,synthesis.steps[1].operations[1],rinse,,True,0.86,,"The paper explicitly describes a rinsing step during electrode preparation: after washing the copper electrodes with deionized water in dilute HCl, it states “subsequent rinsing with deionized water a",
Verified_Assegie_et_al__-_2018_-_Polyethylene_oxide_film_coating_enhances_lithium_c_reactions.json,Assegie_et_al__-_2018_-_Polyethylene_oxide_film_coating_enhances_lithium_c,low,synthesis,synthesis.steps[1].operations[2],dry,,True,0.82,,"The paper explicitly describes a drying step in the synthesis/fabrication of the PEO-coated electrode: after spin coating, the film-coated copper foil was placed in a vacuum oven at 60 °C and dried to",
Verified_Assegie_et_al__-_2018_-_Polyethylene_oxide_film_coating_enhances_lithium_c_reactions.json,Assegie_et_al__-_2018_-_Polyethylene_oxide_film_coating_enhances_lithium_c,low,synthesis,synthesis.steps[2].operations[0],coat,,True,0.93,,"The paper repeatedly describes a copper electrode being ""coated"" with a polyethylene oxide (PEO) film (e.g., title: ""Polyethylene oxide film coating...""; Page 2: ""we designed a PEO film coating on a c",
Verified_Assegie_et_al__-_2018_-_Polyethylene_oxide_film_coating_enhances_lithium_c_reactions.json,Assegie_et_al__-_2018_-_Polyethylene_oxide_film_coating_enhances_lithium_c,low,synthesis,synthesis.steps[3].operations[0],dry,,False,0.78,contradiction_clear,"The paper does mention drying steps (e.g., “placed directly into a vacuum oven at 60 °C and dried to remove any remnant solvent”; also “dried copper electrodes”), but it does not explicitly label a sy",vacuum-oven drying at 60 °C (after spin coating) to remove remnant solvent
Verified_Assegie_et_al__-_2018_-_Polyethylene_oxide_film_coating_enhances_lithium_c_reactions.json,Assegie_et_al__-_2018_-_Polyethylene_oxide_film_coating_enhances_lithium_c,low,synthesis,synthesis.steps[3].conditions,unknown,,False,0.83,,"The paper describes drying the PEO-coated copper foil in a vacuum oven at 60 °C, and cell assembly in an Ar-filled glove box (O2/H2O < 1 ppm). However, it does not state that the synthesis/fabrication",argon-filled glove box (O2/H2O < 1 ppm); vacuum oven used for drying at 60 °C (post-coating drying step)
Verified_Assegie_et_al__-_2018_-_Polyethylene_oxide_film_coating_enhances_lithium_c_reactions.json,Assegie_et_al__-_2018_-_Polyethylene_oxide_film_coating_enhances_lithium_c,low,synthesis,synthesis.steps[4].operations[0],store,,False,0.92,contradiction_clear,"The paper’s Experimental section and methods describe fabrication steps (spin coating, drying in vacuum oven, transfer to glove box, kept overnight before cell assembly). Nowhere does it list a synthe","If the field expects a storage/holding operation, the closest explicit wording is: “kept overnight (in an argon-filled glove box) before cell assembly.” Otherwise, leave as Not specified."
Verified_Assegie_et_al__-_2018_-_Polyethylene_oxide_film_coating_enhances_lithium_c_reactions.json,Assegie_et_al__-_2018_-_Polyethylene_oxide_film_coating_enhances_lithium_c,low,synthesis,synthesis.steps[4].conditions,unknown,,True,0.96,,"The paper explicitly states that the PEO-modified electrode was transferred to an “argon-filled glove box” and that “All the cell assembly was carried out inside an Ar-filled glove box,” indicating Ar",
Verified_Assegie_et_al__-_2018_-_Polyethylene_oxide_film_coating_enhances_lithium_c_reactions.json,Assegie_et_al__-_2018_-_Polyethylene_oxide_film_coating_enhances_lithium_c,low,workflow,workflow.timeline[0],unknown,Prepare viscous PEO solution in water/ethanol,True,0.95,,"The Experimental section explicitly states: “A 0.1 g sample of polyethylene oxide … was dissolved in a mixture of water/ethanol (1/1, v/v) and stirred for 24 h to form a viscous solution.” This suppor",
Verified_Assegie_et_al__-_2018_-_Polyethylene_oxide_film_coating_enhances_lithium_c_reactions.json,Assegie_et_al__-_2018_-_Polyethylene_oxide_film_coating_enhances_lithium_c,low,workflow,workflow.timeline[1],unknown,"Clean copper foils with dilute HCl, rinse, dry",True,0.9,,"The Experimental section explicitly states the copper foil cleaning procedure: oxide layer removed by washing with deionized water in dilute HCl, followed by rinsing with deionized water and acetone, ","Clean copper foils by washing with deionized water in dilute HCl, then rinse with deionized water and acetone, and dry."
Verified_Assegie_et_al__-_2018_-_Polyethylene_oxide_film_coating_enhances_lithium_c_reactions.json,Assegie_et_al__-_2018_-_Polyethylene_oxide_film_coating_enhances_lithium_c,low,workflow,workflow.timeline[2],unknown,Spin-coat PEO solution onto copper at 4000 rpm,True,0.88,,The paper explicitly states that a rough copper surface was coated with a PEO solution using spin coating at a constant speed of 4000 rpm (“A rough copper surface … was coated with a PEO solution usin,
Verified_Assegie_et_al__-_2018_-_Polyethylene_oxide_film_coating_enhances_lithium_c_reactions.json,Assegie_et_al__-_2018_-_Polyethylene_oxide_film_coating_enhances_lithium_c,low,workflow,workflow.timeline[3],unknown,Vacuum-dry coated electrodes at 333 K,True,0.96,,"The Experimental section explicitly states that immediately after spin coating, the film-coated copper foil was placed into a vacuum oven at 60 °C to dry/remove remnant solvent. 60 °C corresponds to 3",
Verified_Assegie_et_al__-_2018_-_Polyethylene_oxide_film_coating_enhances_lithium_c_reactions.json,Assegie_et_al__-_2018_-_Polyethylene_oxide_film_coating_enhances_lithium_c,low,workflow,workflow.timeline[4],unknown,Store electrodes overnight in Ar glovebox,True,0.93,,The Experimental section explicitly states: “The oven-dried PEO-modified current collector/electrode was transferred to an argon-filled glove box and kept overnight before cell assembly…”. This suppor,
Verified_Assegie_et_al__-_2018_-_Polyethylene_oxide_film_coating_enhances_lithium_c_reactions.json,Assegie_et_al__-_2018_-_Polyethylene_oxide_film_coating_enhances_lithium_c,low,workflow,workflow.ambiguities[0],Unspecified solvent volume for PEO solution,,True,0.92,,"In the Experimental section under “Fabrication of PEO-coated electrode”, the paper states: “A 0.1 g sample of polyethylene oxide … was dissolved in a mixture of water/ethanol (1/1, v/v) …”. It specifi",
Verified_Assegie_et_al__-_2018_-_Polyethylene_oxide_film_coating_enhances_lithium_c_reactions.json,Assegie_et_al__-_2018_-_Polyethylene_oxide_film_coating_enhances_lithium_c,low,characterization,characterization[0],SEM,SEM,True,0.95,,"The paper explicitly reports that the PEO film thickness decreases with increased spin-coating time, reaching “200 nm” at 120 s, citing Fig. S1b–e (“…decreasing trend from 1.5 µm to 1.03 µm, 0.75 µm a",
Verified_Assegie_et_al__-_2018_-_Polyethylene_oxide_film_coating_enhances_lithium_c_reactions.json,Assegie_et_al__-_2018_-_Polyethylene_oxide_film_coating_enhances_lithium_c,low,characterization,characterization[1],EIS,EIS,True,0.95,,"The paper explicitly reports that the voltage hysteresis for the modified copper electrode “remained stable at an average value of 30 mV” (described in the discussion of Fig. 4d, and reiterated in the",
Verified_Assegie_et_al__-_2018_-_Polyethylene_oxide_film_coating_enhances_lithium_c_reactions.json,Assegie_et_al__-_2018_-_Polyethylene_oxide_film_coating_enhances_lithium_c,low,characterization,characterization[2],CV,CV,True,0.93,,"The paper’s full text explicitly states (in the discussion of Fig. 6d and Table S2) that for the Cu@PEO/LFP full cell, the peak current is 2.88 mA (“modified electrode displayed a higher peak current ",
Verified_Assegie_et_al__-_2018_-_Polyethylene_oxide_film_coating_enhances_lithium_c_reactions.json,Assegie_et_al__-_2018_-_Polyethylene_oxide_film_coating_enhances_lithium_c,low,analysis,analysis.methods[0],unknown,,False,0.72,,"The extracted value for “Analysis Method” is blank, but the paper explicitly describes multiple analysis/characterization methods (e.g., SEM, EIS, CV, optical imaging, AFM) and even defines/uses them ","Analysis Method: galvanostatic charge–discharge/cycling (coulombic efficiency vs cycle number) for Fig. 4a and Fig. 7a. More broadly, the study uses SEM, EIS, CV, optical imaging, and AFM."
Verified_Assegie_et_al__-_2018_-_Polyethylene_oxide_film_coating_enhances_lithium_c_reactions.json,Assegie_et_al__-_2018_-_Polyethylene_oxide_film_coating_enhances_lithium_c,low,final_outcomes,final_outcomes,unknown,,True,0.9,,"The paper explicitly reports cycling over 200 cycles. In the abstract (Page 1) it states the modified electrode had stable cycling with average coulombic efficiency ~100% over 200 cycles, and the full",
Verified_Boulineau_et_al__-_2012_-_Mechanochemical_synthesis_of_Li-argyrodite_Li6PS5X_reactions.json,Boulineau_et_al__-_2012_-_Mechanochemical_synthesis_of_Li-argyrodite_Li6PS5X,low,targets,targets[0],target_1,Li6PS5Cl,True,0.98,,"The paper explicitly discusses the chloride-containing target composition as “Li6PS5Cl” multiple times (e.g., Abstract: “...conductivity of 1.33×10−3 S/cm for the Li6PS5Cl phase...”; Experimental: glo",
Verified_Boulineau_et_al__-_2012_-_Mechanochemical_synthesis_of_Li-argyrodite_Li6PS5X_reactions.json,Boulineau_et_al__-_2012_-_Mechanochemical_synthesis_of_Li-argyrodite_Li6PS5X,low,targets,targets[1],target_2,Li6PS5Br,True,0.93,,"The paper explicitly discusses the target family Li6PS5X (X = Cl, Br, I) throughout. It specifically mentions the bromide member Li6PS5Br multiple times (e.g., Abstract: “Li6PS5X (X=Cl, Br, I)”; Intro",
Verified_Boulineau_et_al__-_2012_-_Mechanochemical_synthesis_of_Li-argyrodite_Li6PS5X_reactions.json,Boulineau_et_al__-_2012_-_Mechanochemical_synthesis_of_Li-argyrodite_Li6PS5X,low,targets,targets[2],target_3,Li6PS5I,True,0.97,,"The paper explicitly includes Li6PS5I as one of the target compositions. The abstract states the general formula Li6PS5X (X=Cl, Br, I), which includes the iodide member Li6PS5I. The main text also exp",
Verified_Boulineau_et_al__-_2012_-_Mechanochemical_synthesis_of_Li-argyrodite_Li6PS5X_reactions.json,Boulineau_et_al__-_2012_-_Mechanochemical_synthesis_of_Li-argyrodite_Li6PS5X,low,chemicals,chemicals[0],chem_1,Li2S,False,0.74,contradiction_clear,The paper explicitly lists Li2S as a reagent-grade starting material in the Experimental section: “Reagent-grade Li2S … P2S5 … and LiX … were used as starting materials…”. Thus the chemical identity L,Li2S | Amount: used as starting material; total mixed powders mass for milling = 1 g (individual Li2S mass not specified; mixed in stoichiometric proportions to yield Li6PS5X).
Verified_Boulineau_et_al__-_2012_-_Mechanochemical_synthesis_of_Li-argyrodite_Li6PS5X_reactions.json,Boulineau_et_al__-_2012_-_Mechanochemical_synthesis_of_Li-argyrodite_Li6PS5X,low,chemicals,chemicals[1],chem_2,P2S5,True,0.93,,"In the Experimental section, the paper lists P2S5 (Sigma Aldrich 99%) as a starting material, but it does not provide a specific amount/mass for P2S5 (only that reagents were mixed in stoichiometric p",
Verified_Boulineau_et_al__-_2012_-_Mechanochemical_synthesis_of_Li-argyrodite_Li6PS5X_reactions.json,Boulineau_et_al__-_2012_-_Mechanochemical_synthesis_of_Li-argyrodite_Li6PS5X,low,chemicals,chemicals[2],chem_3,LiCl,True,0.86,,"The paper mentions use of “LiX (Acros Organic 99%)” as a starting material with X = Cl, Br, I to make Li6PS5X (Experimental section), and later explicitly refers to LiCl as a precursor/impurity (e.g.,",
Verified_Boulineau_et_al__-_2012_-_Mechanochemical_synthesis_of_Li-argyrodite_Li6PS5X_reactions.json,Boulineau_et_al__-_2012_-_Mechanochemical_synthesis_of_Li-argyrodite_Li6PS5X,low,chemicals,chemicals[3],chem_4,LiBr,True,0.93,,"The Experimental section (Page 2) states that starting materials include “LiX (Acros Organic 99%)” and that compositions are “Li6PS5X (X=Cl, Br, I)”. This implies LiBr is used when X=Br, but the paper",
Verified_Boulineau_et_al__-_2012_-_Mechanochemical_synthesis_of_Li-argyrodite_Li6PS5X_reactions.json,Boulineau_et_al__-_2012_-_Mechanochemical_synthesis_of_Li-argyrodite_Li6PS5X,low,chemicals,chemicals[4],chem_5,LiI,True,0.9,,"In the Experimental section, the authors list starting materials as “Reagent-grade Li2S…, P2S5… and LiX … (X=Cl, Br, I) … mixed in stoichiometric proportions to yield… Li6PS5X (X=Cl, Br, I).” This imp",
Verified_Boulineau_et_al__-_2012_-_Mechanochemical_synthesis_of_Li-argyrodite_Li6PS5X_reactions.json,Boulineau_et_al__-_2012_-_Mechanochemical_synthesis_of_Li-argyrodite_Li6PS5X,low,chemicals,chemicals[5],chem_6,Argon,True,0.92,,"The paper explicitly mentions argon atmosphere/flow multiple times in the Experimental section (e.g., “All processes were conducted under argon atmosphere” and DSC under “a constant argon flow of 200 ",
Verified_Boulineau_et_al__-_2012_-_Mechanochemical_synthesis_of_Li-argyrodite_Li6PS5X_reactions.json,Boulineau_et_al__-_2012_-_Mechanochemical_synthesis_of_Li-argyrodite_Li6PS5X,low,chemicals,chemicals[6],chem_7,LiCoO2,True,0.92,,"The paper explicitly mentions using LiCoO2 in the all-solid-state half-cells/composite positive electrode (Experimental section: “mixture of LiCoO2, argyrodite phase and VGCF…”, and later “LiCoO2-base",
Verified_Boulineau_et_al__-_2012_-_Mechanochemical_synthesis_of_Li-argyrodite_Li6PS5X_reactions.json,Boulineau_et_al__-_2012_-_Mechanochemical_synthesis_of_Li-argyrodite_Li6PS5X,low,chemicals,chemicals[7],chem_8,Indium,True,0.93,,The paper includes indium (In) as a component of the all-solid-state cell (“LiCoO2/Elec./In” in the abstract; “In foil (100 μm) as counter electrode” in Experimental; “Indium negative electrode” in Re,
Verified_Boulineau_et_al__-_2012_-_Mechanochemical_synthesis_of_Li-argyrodite_Li6PS5X_reactions.json,Boulineau_et_al__-_2012_-_Mechanochemical_synthesis_of_Li-argyrodite_Li6PS5X,low,chemicals,chemicals[8],chem_9,Vapor-grown carbon fiber,True,0.92,,"The Experimental section states the composite positive electrode mixture includes VGCF (vapor growth carbon fiber) in a 36/54/10 ratio with LiCoO2 and argyrodite, confirming the chemical identity as v",
Verified_Boulineau_et_al__-_2012_-_Mechanochemical_synthesis_of_Li-argyrodite_Li6PS5X_reactions.json,Boulineau_et_al__-_2012_-_Mechanochemical_synthesis_of_Li-argyrodite_Li6PS5X,low,synthesis,synthesis.steps[0].operations[0],mix,,True,0.9,,"The paper explicitly states the starting crystalline powders (Li2S, P2S5, LiX) were “mixed in stoichiometric proportions” to yield Li6PS5X (Experimental section, Page 2). This directly supports the sy",
Verified_Boulineau_et_al__-_2012_-_Mechanochemical_synthesis_of_Li-argyrodite_Li6PS5X_reactions.json,Boulineau_et_al__-_2012_-_Mechanochemical_synthesis_of_Li-argyrodite_Li6PS5X,low,synthesis,synthesis.steps[0].conditions,unknown,,True,0.98,,The paper explicitly states in the Experimental section: “All processes were conducted under argon atmosphere.” This directly supports the extracted synthesis atmosphere being argon.,
Verified_Boulineau_et_al__-_2012_-_Mechanochemical_synthesis_of_Li-argyrodite_Li6PS5X_reactions.json,Boulineau_et_al__-_2012_-_Mechanochemical_synthesis_of_Li-argyrodite_Li6PS5X,low,synthesis,synthesis.steps[1].operations[0],ball mill,,True,0.98,,"The paper explicitly describes the synthesis as a high-energy ball-milling (mechanochemical) process. The abstract states the Li6PS5X compounds were prepared through high-energy ball milling, and the ",
Verified_Boulineau_et_al__-_2012_-_Mechanochemical_synthesis_of_Li-argyrodite_Li6PS5X_reactions.json,Boulineau_et_al__-_2012_-_Mechanochemical_synthesis_of_Li-argyrodite_Li6PS5X,low,synthesis,synthesis.steps[1].conditions,unknown,,True,0.98,,The paper explicitly states in the Experimental section: “All processes were conducted under argon atmosphere.” This directly supports the extracted synthesis atmosphere as argon.,
Verified_Boulineau_et_al__-_2012_-_Mechanochemical_synthesis_of_Li-argyrodite_Li6PS5X_reactions.json,Boulineau_et_al__-_2012_-_Mechanochemical_synthesis_of_Li-argyrodite_Li6PS5X,low,synthesis,synthesis.steps[2].operations[0],heat,,False,0.66,,"The paper describes mechanochemical synthesis by high-energy ball milling at room temperature, followed by annealing/heat treatment (e.g., “Samples were then annealed… 5 h at 550 °C” and “heat treatme",ball milling (high-energy mechanochemical milling); optionally followed by annealing/heat treatment at 550 °C for 5 h
Verified_Boulineau_et_al__-_2012_-_Mechanochemical_synthesis_of_Li-argyrodite_Li6PS5X_reactions.json,Boulineau_et_al__-_2012_-_Mechanochemical_synthesis_of_Li-argyrodite_Li6PS5X,low,synthesis,synthesis.steps[2].conditions,unknown,,True,0.99,,The paper explicitly states in the Experimental section: “All processes were conducted under argon atmosphere.” This directly supports the extracted synthesis atmosphere as argon (also consistent with,
Verified_Boulineau_et_al__-_2012_-_Mechanochemical_synthesis_of_Li-argyrodite_Li6PS5X_reactions.json,Boulineau_et_al__-_2012_-_Mechanochemical_synthesis_of_Li-argyrodite_Li6PS5X,low,workflow,workflow.timeline[0],unknown,Preparation of stoichiometric precursor mixture,False,0.62,contradiction_clear,"The paper describes the starting powders being “mixed in stoichiometric proportions” (Experimental section, Page 2), but it does not present a workflow/timeline step explicitly phrased as “Preparation","Mix reagent-grade Li2S, P2S5, and LiX powders in stoichiometric proportions to yield Li6PS5X (X=Cl, Br, I)."
Verified_Boulineau_et_al__-_2012_-_Mechanochemical_synthesis_of_Li-argyrodite_Li6PS5X_reactions.json,Boulineau_et_al__-_2012_-_Mechanochemical_synthesis_of_Li-argyrodite_Li6PS5X,low,workflow,workflow.timeline[1],unknown,"Energy-intensive ball-milling (20 h typical, 10 h optimum for Li6PS5Cl)",True,0.96,,"The paper explicitly states high-energy ball milling at 600 rpm for 20 h as the standard synthesis condition (Experimental section, Page 2). It also reports an optimization study for Li6PS5Cl showing ",
Verified_Boulineau_et_al__-_2012_-_Mechanochemical_synthesis_of_Li-argyrodite_Li6PS5X_reactions.json,Boulineau_et_al__-_2012_-_Mechanochemical_synthesis_of_Li-argyrodite_Li6PS5X,low,workflow,workflow.timeline[2],unknown,Optional annealing at 550 °C for 5 h to increase crystallinity,False,0.78,,The paper does report annealing at 550 °C for 5 h (Experimental: “Samples were then annealed… during 5 h at 550 °C”; Results 3.2: heat treatments at 550 °C for 5 h “to increase the amounts of crystall,Annealing at 550 °C for 5 h under Ar to increase the amount of crystallized (crystalline) argyrodite phase / crystallinity.
Verified_Boulineau_et_al__-_2012_-_Mechanochemical_synthesis_of_Li-argyrodite_Li6PS5X_reactions.json,Boulineau_et_al__-_2012_-_Mechanochemical_synthesis_of_Li-argyrodite_Li6PS5X,low,workflow,workflow.ambiguities[0],Exact stoichiometric masses of individual precursors not stated,,True,0.92,,"The paper states only that reagent-grade Li2S, P2S5, and LiX powders were ""mixed in stoichiometric proportions"" to yield Li6PS5X (Experimental section, Page 2). It does not provide the exact masses (o",
Verified_Boulineau_et_al__-_2012_-_Mechanochemical_synthesis_of_Li-argyrodite_Li6PS5X_reactions.json,Boulineau_et_al__-_2012_-_Mechanochemical_synthesis_of_Li-argyrodite_Li6PS5X,low,characterization,characterization[0],X-ray diffraction (XRD),X-ray diffraction (XRD),True,0.99,,"The paper explicitly reports the refined cubic lattice parameters for ball-milled Li6PS5X as a=9.8397(4) Å (Cl), 9.9689(4) Å (Br), and 10.1490(7) Å (I) in the Results section (3.1), and states crystal",
Verified_Boulineau_et_al__-_2012_-_Mechanochemical_synthesis_of_Li-argyrodite_Li6PS5X_reactions.json,Boulineau_et_al__-_2012_-_Mechanochemical_synthesis_of_Li-argyrodite_Li6PS5X,low,characterization,characterization[1],Transmission Electron Microscopy (TEM),Transmission Electron Microscopy (TEM),True,0.9,,"The Results and discussion section (3.1) explicitly states that TEM shows “the presence, besides the crystallized grains, of a Li2S–P2S5–LiX … amorphous matrix,” and the Conclusion reiterates “nano-si",
Verified_Boulineau_et_al__-_2012_-_Mechanochemical_synthesis_of_Li-argyrodite_Li6PS5X_reactions.json,Boulineau_et_al__-_2012_-_Mechanochemical_synthesis_of_Li-argyrodite_Li6PS5X,low,characterization,characterization[2],Impedance spectroscopy,Impedance spectroscopy,True,0.93,,All extracted impedance-spectroscopy-derived conductivities and activation energies are explicitly stated in the paper text (even if some are associated with figures). Page 2 (Results 3.1) states ioni,
Verified_Boulineau_et_al__-_2012_-_Mechanochemical_synthesis_of_Li-argyrodite_Li6PS5X_reactions.json,Boulineau_et_al__-_2012_-_Mechanochemical_synthesis_of_Li-argyrodite_Li6PS5X,low,characterization,characterization[3],Hebb–Wagner polarization,Hebb–Wagner polarization,True,0.98,,"The Results & discussion section (Page 2, Section 3.1) explicitly reports: “The total electronic conductivity (electron+hole) is 2.6×10−8 (Li6PS5Br), 6.4×10−9 (Li6PS5Cl) and 2.4×10−8 S/cm (Li6PS5I) us",
Verified_Boulineau_et_al__-_2012_-_Mechanochemical_synthesis_of_Li-argyrodite_Li6PS5X_reactions.json,Boulineau_et_al__-_2012_-_Mechanochemical_synthesis_of_Li-argyrodite_Li6PS5X,low,characterization,characterization[4],Differential Scanning Calorimetry (DSC),Differential Scanning Calorimetry (DSC),True,0.95,,The paper explicitly states in the DSC results section that the DSC traces (Fig. 6) show “broad exothermic peaks … between 100 and 400 °C” (Page 4). This directly supports the extracted value of broad,
Verified_Boulineau_et_al__-_2012_-_Mechanochemical_synthesis_of_Li-argyrodite_Li6PS5X_reactions.json,Boulineau_et_al__-_2012_-_Mechanochemical_synthesis_of_Li-argyrodite_Li6PS5X,low,characterization,characterization[5],Cyclic Voltammetry,Cyclic Voltammetry,True,0.92,,"The paper explicitly states that optimized ball-milling yields Li6PS5Cl with “an electrochemical stability up to 7 V vs. lithium” (Abstract, page 1). In the Experimental section, cyclic voltammetry is",
Verified_Boulineau_et_al__-_2012_-_Mechanochemical_synthesis_of_Li-argyrodite_Li6PS5X_reactions.json,Boulineau_et_al__-_2012_-_Mechanochemical_synthesis_of_Li-argyrodite_Li6PS5X,low,characterization,characterization[6],Galvanostatic cycling,Galvanostatic cycling,True,0.93,,Page 4 text describing Fig. 10 states: “presents a charge capacity of 130 mAh/g of LiCoO2 and a reversible capacity of ~100 mAh/g (Fig. 10)” and “small polarization of the cell (150 mV)”. These explic,
Verified_Boulineau_et_al__-_2012_-_Mechanochemical_synthesis_of_Li-argyrodite_Li6PS5X_reactions.json,Boulineau_et_al__-_2012_-_Mechanochemical_synthesis_of_Li-argyrodite_Li6PS5X,low,final_outcomes,final_outcomes,unknown,,True,0.96,,"The paper explicitly reports for the LiCoO2-based all-solid-state cell: “a reversible capacity of ~100 mAh/g” (Page 4, Section 3.3; Fig. 10 context). This matches the extracted Final Capacity value of",
Verified_Chang_et_al__-_2014_-_Rechargeable_LiBr_battery_a_promising_platform__reactions.json,Chang_et_al__-_2014_-_Rechargeable_LiBr_battery_a_promising_platform_,low,targets,targets[0],target_1,Gel polymer electrolyte (GPE),False,0.72,,"The paper describes an aqueous Li//Br battery using Li metal (negative electrode) and bromine/tribromide–bromide redox couple (positive electrode), e.g., “Li//Br battery” and Br3−/Br−, Br2 in LiBr sol","Set extracted value to ""Not specified"" (or explicitly to ""Li//Br"" if the schema expects the battery chemistry rather than a molecular formula)."
Verified_Chang_et_al__-_2014_-_Rechargeable_LiBr_battery_a_promising_platform__reactions.json,Chang_et_al__-_2014_-_Rechargeable_LiBr_battery_a_promising_platform_,low,targets,targets[1],target_2,Coated lithium metal electrode,False,0.78,,"The paper describes the negative electrode as Li metal coated with a gel polymer electrolyte (GPE) and then a LISICON film (“another rechargeable battery system, Li//Br battery… Lithium metal is coate","If the field is meant to capture electrode/stack architecture, use: “Li metal (core) coated with GPE and LISICON film (Li|GPE|LISICON)”. If it must be a chemical formula, the paper does not specify a "
Verified_Chang_et_al__-_2014_-_Rechargeable_LiBr_battery_a_promising_platform__reactions.json,Chang_et_al__-_2014_-_Rechargeable_LiBr_battery_a_promising_platform_,low,targets,targets[2],target_3,Li//Br battery,False,0.98,,"The document describes the Li//Br battery system and various components (Li metal, Br2, LiBr electrolyte, Br3−/Br− redox couple), but it does not explicitly state a single consolidated ""Target Formula",Not specified
Verified_Chang_et_al__-_2014_-_Rechargeable_LiBr_battery_a_promising_platform__reactions.json,Chang_et_al__-_2014_-_Rechargeable_LiBr_battery_a_promising_platform_,low,chemicals,chemicals[0],chem_1,Lithium metal,True,0.83,,"The paper explicitly identifies the negative electrode as lithium metal (“Li metal … attached to a copper mesh…”, Experimental section). However, while it provides the Li metal geometry (15 mm diamete",
Verified_Chang_et_al__-_2014_-_Rechargeable_LiBr_battery_a_promising_platform__reactions.json,Chang_et_al__-_2014_-_Rechargeable_LiBr_battery_a_promising_platform_,low,chemicals,chemicals[1],chem_2,Copper mesh,True,0.88,,"The paper explicitly states that the Li metal negative electrode is attached to a copper (Cu) mesh (“Li metal… attached to a copper (Cu) mesh…”, Experimental section, Page 2). However, no mass, dimens",
Verified_Chang_et_al__-_2014_-_Rechargeable_LiBr_battery_a_promising_platform__reactions.json,Chang_et_al__-_2014_-_Rechargeable_LiBr_battery_a_promising_platform_,low,chemicals,chemicals[2],chem_3,Poly(vinylidene fluoride),False,0.95,,"The paper explicitly identifies PVDF (poly(vinyldifluoride), i.e., poly(vinylidene fluoride)) as part of the GPE membrane stack, and it also specifies an amount/size for that PVDF/GFM/PVDF membrane: “",Poly(vinylidene fluoride) (PVDF) | Amount: 50 mm (PVDF/GFM/PVDF sandwiched polymer membrane size; exact unit context as written: “of 50 mm”).
Verified_Chang_et_al__-_2014_-_Rechargeable_LiBr_battery_a_promising_platform__reactions.json,Chang_et_al__-_2014_-_Rechargeable_LiBr_battery_a_promising_platform_,low,chemicals,chemicals[3],chem_4,Glass fiber mat,False,0.83,contradiction_clear,"The document explicitly mentions glass fiber mat (GFM) as part of the PVDF/GFM/PVDF sandwiched polymer membrane used to make the gel polymer electrolyte (Experimental section, Page 2). However, the te",Glass fiber mat (GFM) | Amount: Not specified in text
Verified_Chang_et_al__-_2014_-_Rechargeable_LiBr_battery_a_promising_platform__reactions.json,Chang_et_al__-_2014_-_Rechargeable_LiBr_battery_a_promising_platform_,low,chemicals,chemicals[4],chem_5,Lithium perchlorate,True,0.92,,The paper explicitly states the gel polymer electrolyte (GPE) was made by saturating the membrane with a “1 mol L−1 LiClO4 solution” (LiClO4 = lithium perchlorate). This directly supports Lithium perc,
Verified_Chang_et_al__-_2014_-_Rechargeable_LiBr_battery_a_promising_platform__reactions.json,Chang_et_al__-_2014_-_Rechargeable_LiBr_battery_a_promising_platform_,low,chemicals,chemicals[5],chem_6,Ethylene carbonate,False,0.88,contradiction_clear,"The paper explicitly mentions ethylene carbonate as a solvent component of the LiClO4 solution used to prepare the gel polymer electrolyte (GPE): “1 mol L−1 LiClO4 solution in ethylene carbonate, diet",Ethylene carbonate | Amount: present in solvent mixture for 1 mol L−1 LiClO4 solution; volumetric ratio EC:DEC:DMC = 1:1:1 (absolute volume not specified).
Verified_Chang_et_al__-_2014_-_Rechargeable_LiBr_battery_a_promising_platform__reactions.json,Chang_et_al__-_2014_-_Rechargeable_LiBr_battery_a_promising_platform_,low,chemicals,chemicals[6],chem_7,Diethyl carbonate,False,0.93,contradiction_mixed,"The paper explicitly mentions diethyl carbonate as a solvent component in the gel polymer electrolyte: “1 mol L−1 LiClO4 solution in ethylene carbonate, diethyl carbonate and dimethyl carbonate (volum",Diethyl carbonate | Amount: present in electrolyte solvent mixture at volumetric ratio 1:1:1 with ethylene carbonate and dimethyl carbonate (in 1 mol L−1 LiClO4 solution used to make the GPE).
Verified_Chang_et_al__-_2014_-_Rechargeable_LiBr_battery_a_promising_platform__reactions.json,Chang_et_al__-_2014_-_Rechargeable_LiBr_battery_a_promising_platform_,low,chemicals,chemicals[7],chem_8,Dimethyl carbonate,False,0.74,contradiction_clear,"The paper explicitly mentions dimethyl carbonate as a solvent component in the gel polymer electrolyte: “LiClO4 solution in ethylene carbonate, diethyl carbonate and dimethyl carbonate (volumetric rat",Dimethyl carbonate | Amount: present in solvent mixture with ethylene carbonate and diethyl carbonate at a 1:1:1 volumetric ratio (absolute volume not specified)
Verified_Chang_et_al__-_2014_-_Rechargeable_LiBr_battery_a_promising_platform__reactions.json,Chang_et_al__-_2014_-_Rechargeable_LiBr_battery_a_promising_platform_,low,chemicals,chemicals[8],chem_9,LISICON glass–ceramic film,True,0.9,,"The paper explicitly identifies a “LISICON film” used as a coating layer on Li metal (Experimental, p.2) and later refers to it as a “LISICON glass–ceramics separator” (p.5). However, no amount for th",
Verified_Chang_et_al__-_2014_-_Rechargeable_LiBr_battery_a_promising_platform__reactions.json,Chang_et_al__-_2014_-_Rechargeable_LiBr_battery_a_promising_platform_,low,chemicals,chemicals[9],chem_10,Lithium bromide,False,0.9,,"The paper explicitly specifies LiBr concentrations (e.g., 1 mol L−1 LiBr; 7 mol L−1 LiBr) in the Experimental section and throughout Results/Discussion. Therefore, the amount is not 'Not specified'—it","Lithium bromide (LiBr) | Amount: 1 mol L−1 (aqueous solution used as electrolyte in several tests); also 7 mol L−1 LiBr used in other experiments (e.g., with 1 mol L−1 Br2)."
Verified_Chang_et_al__-_2014_-_Rechargeable_LiBr_battery_a_promising_platform__reactions.json,Chang_et_al__-_2014_-_Rechargeable_LiBr_battery_a_promising_platform_,low,chemicals,chemicals[10],chem_11,Bromine,False,0.82,,"The paper explicitly reports using **0.1 mol L−1 Br2 (bromine)** in 1 mol L−1 LiBr (e.g., “0.1 mol L−1 Br2 in 1 mol L−1 LiBr aqueous electrolyte” and Fig. 2 caption “0.1 mol L−1 liquid Br2 or Br3−”). ",Bromine (Br2) | Amount: 0.1 M (0.1 mol L−1)
Verified_Chang_et_al__-_2014_-_Rechargeable_LiBr_battery_a_promising_platform__reactions.json,Chang_et_al__-_2014_-_Rechargeable_LiBr_battery_a_promising_platform_,low,synthesis,synthesis.steps[0].operations[0],saturate,,False,0.92,,"The paper does not list a synthesis operation as simply ""saturate"". The only occurrence of the word is in the Experimental section describing preparation of the gel polymer electrolyte (GPE): it was m","Change to a more specific operation description, e.g., ""Saturating the PVDF/GFM/PVDF membrane with 1 mol L−1 LiClO4 in EC/DEC/DMC (1:1:1) to prepare the GPE"" (Experimental section)."
Verified_Chang_et_al__-_2014_-_Rechargeable_LiBr_battery_a_promising_platform__reactions.json,Chang_et_al__-_2014_-_Rechargeable_LiBr_battery_a_promising_platform_,low,synthesis,synthesis.steps[1].operations[0],coat,,True,0.86,,The paper explicitly describes the synthesis/assembly operation as coating the Li metal: in the Experimental section it states the Li metal attached to a Cu mesh “was simply coated (like casing) with ,
Verified_Chang_et_al__-_2014_-_Rechargeable_LiBr_battery_a_promising_platform__reactions.json,Chang_et_al__-_2014_-_Rechargeable_LiBr_battery_a_promising_platform_,low,synthesis,synthesis.steps[1].conditions,unknown,,True,0.99,,The Experimental section states: “The assembly of the negative electrode was conducted in an Ar-filled glove box (<0.1 ppm H2O and O2).” This directly supports the extracted synthesis/assembly atmosph,
Verified_Chang_et_al__-_2014_-_Rechargeable_LiBr_battery_a_promising_platform__reactions.json,Chang_et_al__-_2014_-_Rechargeable_LiBr_battery_a_promising_platform_,low,synthesis,synthesis.steps[2].operations[0],coat,,True,0.91,,The paper explicitly describes the synthesis/assembly step as Li metal being “simply coated (like casing) with a home-made gel polymer electrolyte (GPE)” and then “another layer of LISICON film was co,
Verified_Chang_et_al__-_2014_-_Rechargeable_LiBr_battery_a_promising_platform__reactions.json,Chang_et_al__-_2014_-_Rechargeable_LiBr_battery_a_promising_platform_,low,synthesis,synthesis.steps[3].operations[0],assemble,,True,0.86,,"The paper explicitly uses the term “Assembly” to describe the synthesis/constructive operation. In the Experimental section it states “Assembly of the aqueous Li//Br battery,” and within that section ",
Verified_Chang_et_al__-_2014_-_Rechargeable_LiBr_battery_a_promising_platform__reactions.json,Chang_et_al__-_2014_-_Rechargeable_LiBr_battery_a_promising_platform_,low,workflow,workflow.timeline[0],unknown,Saturate PVDF/GFM/PVDF membrane with LiClO4 electrolyte to form GPE,True,0.86,,"Page 2 explicitly describes forming the home-made gel polymer electrolyte (GPE) by “saturating a sandwiched polymer membrane, PVDF/GFM/PVDF … with a 1 mol L−1 LiClO4 solution in ethylene carbonate, di",
Verified_Chang_et_al__-_2014_-_Rechargeable_LiBr_battery_a_promising_platform__reactions.json,Chang_et_al__-_2014_-_Rechargeable_LiBr_battery_a_promising_platform_,low,workflow,workflow.timeline[1],unknown,Coat Li metal with prepared GPE,True,0.86,,"The paper explicitly describes the workflow step of coating Li metal with the prepared gel polymer electrolyte (GPE). In the Experimental section (page 2), it states that Li metal attached to a Cu mes",
Verified_Chang_et_al__-_2014_-_Rechargeable_LiBr_battery_a_promising_platform__reactions.json,Chang_et_al__-_2014_-_Rechargeable_LiBr_battery_a_promising_platform_,low,workflow,workflow.timeline[2],unknown,Apply 100 µm LISICON film onto GPE layer,False,0.78,,"The paper states that Li metal is first coated with a home-made gel polymer electrolyte (GPE) and that “another layer of LISICON film was coated on the GPE layer,” and it specifies the LISICON film th",Coat the GPE layer with a LISICON film (thickness 100 μm).
Verified_Chang_et_al__-_2014_-_Rechargeable_LiBr_battery_a_promising_platform__reactions.json,Chang_et_al__-_2014_-_Rechargeable_LiBr_battery_a_promising_platform_,low,workflow,workflow.timeline[3],unknown,Assemble coated Li electrode with aqueous Br2/LiBr solution to construct Li//Br battery,True,0.9,,The paper explicitly describes assembling the Li//Br battery by combining a coated Li metal negative electrode with an aqueous Br2/LiBr positive electrode/electrolyte solution. In Experimental (Assemb,
Verified_Chang_et_al__-_2014_-_Rechargeable_LiBr_battery_a_promising_platform__reactions.json,Chang_et_al__-_2014_-_Rechargeable_LiBr_battery_a_promising_platform_,low,workflow,workflow.ambiguities[0],Unclear exponent in reported diffusion coefficient,,False,0.93,,"The paper explicitly reports the diffusion coefficient as “2.42 × 10−2 cm2 s−1” (Page 3: “Based on the b parameter, the lithium diffusion coefficient was further calculated as 2.42 × 10−2 cm2 s−1.”). ",Report the value clearly as: lithium diffusion coefficient = 2.42 × 10^−2 cm^2 s^−1 (as stated in the text).
Verified_Chang_et_al__-_2014_-_Rechargeable_LiBr_battery_a_promising_platform__reactions.json,Chang_et_al__-_2014_-_Rechargeable_LiBr_battery_a_promising_platform_,low,workflow,workflow.ambiguities[1],Current density units formatting,,False,0.93,,"The paper reports current density with units formatted as “mA cm−2” (e.g., “3.96 V at 1.7 mA cm−2” on Page 1; also 12.8 mA cm−2, 4.2 mA cm−2, etc.). Nowhere does the text contain the excerpted malform",Use “1.7 mA cm−2” (or equivalently “1.7 mA cm^-2”) instead of “1.7 mA cm/C02”.
Verified_Chang_et_al__-_2014_-_Rechargeable_LiBr_battery_a_promising_platform__reactions.json,Chang_et_al__-_2014_-_Rechargeable_LiBr_battery_a_promising_platform_,low,workflow,workflow.ambiguities[2],Thickness notation uses 'mm' instead of 'µm' in text,,True,0.98,,"The source text explicitly uses “mm” for membrane/film thickness values that are physically implausible in this context, indicating a unit-notation issue consistent with the extracted ambiguity. On Pa",
Verified_Chang_et_al__-_2014_-_Rechargeable_LiBr_battery_a_promising_platform__reactions.json,Chang_et_al__-_2014_-_Rechargeable_LiBr_battery_a_promising_platform_,low,characterization,characterization[0],Cyclic Voltammetry,Cyclic Voltammetry,False,0.92,contradiction_mixed,"The cathodic peak potential value is explicitly stated in the text associated with Fig. 1a: at 0.1 mV s−1 the cathodic peak potential is 0.831 V vs SCE, so that part is supported. However, the extract","[{'metric':'cathodic peak potential','value':0.831,'unit':'V vs SCE'},{'metric':'diffusion coefficient','value':2.42e-2,'unit':'cm^2 s^-1','notes':'From Randles–Sevcik analysis (Fig. 1b); reported as "
Verified_Chang_et_al__-_2014_-_Rechargeable_LiBr_battery_a_promising_platform__reactions.json,Chang_et_al__-_2014_-_Rechargeable_LiBr_battery_a_promising_platform_,low,characterization,characterization[1],Electrochemical Impedance / Polarization,Electrochemical Impedance / Polarization,False,0.84,,The paper text describing Fig. 4a states: discharge voltage up to 4.097 V at low current density; it “still keeps 2.495 V” at 12.7 mA cm−2; and maximal power density 29.7 mW cm−2 at a current density ,"Update to: [{'metric':'discharge voltage at low current density','value':4.097,'unit':'V'},{'metric':'discharge voltage at 12.7 mA cm^-2','value':2.495,'unit':'V'},{'metric':'max power density (at 12."
Verified_Chang_et_al__-_2014_-_Rechargeable_LiBr_battery_a_promising_platform__reactions.json,Chang_et_al__-_2014_-_Rechargeable_LiBr_battery_a_promising_platform_,low,characterization,characterization[2],Galvanostatic charge–discharge,Galvanostatic charge–discharge,True,0.98,,The paper text describing Fig. 3a explicitly states: “its voltage initially drops to 3.95 V” and “Its specific capacity is 335 mA h g−1 for Br2.” These match the extracted values (average discharge vo,
Verified_Chang_et_al__-_2014_-_Rechargeable_LiBr_battery_a_promising_platform__reactions.json,Chang_et_al__-_2014_-_Rechargeable_LiBr_battery_a_promising_platform_,low,characterization,characterization[3],Cycle life test,Cycle life test,False,0.9,,"Fig. 3c (described in the text) compares the 1st and 100th cycles at 35% DOD, stating voltages change only from 4.12→4.11 V (charge) and 3.67→3.66 V (discharge). This supports a cycle number of 100, b","[{'metric': 'cycle_number', 'value': 100, 'unit': ''}, {'metric': 'voltage fade', 'value': 0.01, 'unit': 'V'}]"
Verified_Chang_et_al__-_2014_-_Rechargeable_LiBr_battery_a_promising_platform__reactions.json,Chang_et_al__-_2014_-_Rechargeable_LiBr_battery_a_promising_platform_,low,characterization,characterization[4],Ionic conductivity measurement,Ionic conductivity measurement,False,0.82,contradiction_clear,"Two of the three conductivities match the text values but their units are wrong. The paper states: (1) GPE ionic conductivity is about 0.2 mS cm−1 at room temperature, not mS cm−2 (Page 2, Experimenta","[{'metric':'GPE ionic conductivity','value':0.2,'unit':'mS cm^-1'},{'metric':'LISICON ionic conductivity','value':0.1,'unit':'mS cm^-1'},{'metric':'LiBr (7 M) conductivity','value':197.3,'unit':'mS cm"
Verified_Chang_et_al__-_2014_-_Rechargeable_LiBr_battery_a_promising_platform__reactions.json,Chang_et_al__-_2014_-_Rechargeable_LiBr_battery_a_promising_platform_,low,analysis,analysis.methods[0],unknown,,False,0.72,,"The document explicitly describes several analysis/electrochemical characterization methods (cyclic voltammetry (CV), galvanostatic charge–discharge testing, UV-vis spectra, SEM morphology), but the E","Analysis methods reported include cyclic voltammetry (CV), galvanostatic charge/discharge tests, UV-vis spectroscopy, and SEM (for LISICON surfaces)."
Verified_Chang_et_al__-_2014_-_Rechargeable_LiBr_battery_a_promising_platform__reactions.json,Chang_et_al__-_2014_-_Rechargeable_LiBr_battery_a_promising_platform_,low,final_outcomes,final_outcomes,unknown,,True,0.9,,The paper explicitly states the battery shows no evidence of voltage decrease after 100 cycles (at 35% DOD). This supports a cycle life value of 100 cycles. Mentioned on Page 1 (“no evidence of voltag,
Verified_Cherkashinin_et_al__-_2019_-_Performance_of_Li-Ion_Batteries_Contribution_of_E_reactions.json,Cherkashinin_et_al__-_2019_-_Performance_of_Li-Ion_Batteries_Contribution_of_E,low,targets,targets[0],target_1,LiCoO2 thin film,True,0.98,,"The paper explicitly discusses and studies LiCoO2 as a cathode material. In the Experimental section it states: “The LiCoO2, LiNiO2, Li[Ni,Co]O2 layered- … thin film cathode materials were deposited…”",
Verified_Cherkashinin_et_al__-_2019_-_Performance_of_Li-Ion_Batteries_Contribution_of_E_reactions.json,Cherkashinin_et_al__-_2019_-_Performance_of_Li-Ion_Batteries_Contribution_of_E,low,targets,targets[1],target_2,LiNiO2 thin film,True,0.98,,"The paper explicitly includes LiNiO2 as one of the investigated cathode materials. It is listed in the Experimental section (“The LiCoO2, LiNiO2, Li[Ni,Co]O2 … cathode materials…”) and also in Table I",
Verified_Cherkashinin_et_al__-_2019_-_Performance_of_Li-Ion_Batteries_Contribution_of_E_reactions.json,Cherkashinin_et_al__-_2019_-_Performance_of_Li-Ion_Batteries_Contribution_of_E,low,targets,targets[2],target_3,"Li[Ni,Co]O2 thin film",True,0.98,,"The paper explicitly lists the layered oxide cathode material as “Li[Ni,Co]O2” in the Experimental section and includes “Li(Ni,Co)O2” in Table I (Material list). This supports the extracted target for",
Verified_Cherkashinin_et_al__-_2019_-_Performance_of_Li-Ion_Batteries_Contribution_of_E_reactions.json,Cherkashinin_et_al__-_2019_-_Performance_of_Li-Ion_Batteries_Contribution_of_E,low,targets,targets[3],target_4,LiCoPO4 thin film,True,0.97,,"The paper explicitly lists LiCoPO4 as one of the investigated/deposited olivine-type cathode thin film materials in the Experimental section (“LiCoPO4, LiNiPO4 olivine type- polycrystalline thin film ",
Verified_Cherkashinin_et_al__-_2019_-_Performance_of_Li-Ion_Batteries_Contribution_of_E_reactions.json,Cherkashinin_et_al__-_2019_-_Performance_of_Li-Ion_Batteries_Contribution_of_E,low,targets,targets[4],target_5,LiNiPO4 thin film,True,0.98,,"The paper explicitly lists LiNiPO4 as one of the studied olivine-type cathode materials in the Experimental section: “LiCoPO4, LiNiPO4 olivine type- polycrystalline thin film cathode materials…”. Tabl",
Verified_Cherkashinin_et_al__-_2019_-_Performance_of_Li-Ion_Batteries_Contribution_of_E_reactions.json,Cherkashinin_et_al__-_2019_-_Performance_of_Li-Ion_Batteries_Contribution_of_E,low,targets,targets[5],target_6,NaCoO2 thin film,False,0.95,contradiction_clear,"The paper’s Experimental section explicitly mentions preparing **NaCoO2 thin film cathode materials** (“The NaCoO2 thin film cathode materials were prepared…”), but the extracted value is **NaCoO2** w","Not a single target formula is specified; the study investigates multiple cathode materials including LiCoO2, LiNiO2, Li(Ni,Co)O2, NaCoO2, LiFePO4, LiCoPO4, and LiNiPO4."
Verified_Cherkashinin_et_al__-_2019_-_Performance_of_Li-Ion_Batteries_Contribution_of_E_reactions.json,Cherkashinin_et_al__-_2019_-_Performance_of_Li-Ion_Batteries_Contribution_of_E,low,targets,targets[6],target_7,LiFePO4 composite cathode,True,0.98,,The paper explicitly mentions and discusses LiFePO4 as one of the cathode materials studied. In the Experimental section it states: “The LiFePO4 composite cathode was synthesized by using the Pechini ,
Verified_Cherkashinin_et_al__-_2019_-_Performance_of_Li-Ion_Batteries_Contribution_of_E_reactions.json,Cherkashinin_et_al__-_2019_-_Performance_of_Li-Ion_Batteries_Contribution_of_E,low,chemicals,chemicals[0],chem_1,LiCoO2,True,0.93,,"The document explicitly includes LiCoO2 as one of the cathode materials studied (Experimental section: “The LiCoO2, LiNiO2, … thin film cathode materials…”). However, the paper does not state a specif",
Verified_Cherkashinin_et_al__-_2019_-_Performance_of_Li-Ion_Batteries_Contribution_of_E_reactions.json,Cherkashinin_et_al__-_2019_-_Performance_of_Li-Ion_Batteries_Contribution_of_E,low,chemicals,chemicals[1],chem_2,LiNiO2,True,0.93,,"The paper explicitly includes LiNiO2 among the investigated/deposited cathode materials in the Experimental section (“The LiCoO2, LiNiO2, Li[Ni,Co]O2 ... thin film cathode materials were deposited...”",
Verified_Cherkashinin_et_al__-_2019_-_Performance_of_Li-Ion_Batteries_Contribution_of_E_reactions.json,Cherkashinin_et_al__-_2019_-_Performance_of_Li-Ion_Batteries_Contribution_of_E,low,chemicals,chemicals[2],chem_3,"Li[Ni,Co]O2",True,0.86,,"The paper explicitly lists Li[Ni,Co]O2 (also written as Li(Ni,Co)O2) among the cathode materials studied in the Experimental section (“The LiCoO2, LiNiO2, Li[Ni,Co]O2… thin film cathode materials were",
Verified_Cherkashinin_et_al__-_2019_-_Performance_of_Li-Ion_Batteries_Contribution_of_E_reactions.json,Cherkashinin_et_al__-_2019_-_Performance_of_Li-Ion_Batteries_Contribution_of_E,low,chemicals,chemicals[3],chem_4,LiO2,False,0.92,contradiction_clear,"The paper’s Experimental section explicitly mentions use of a “LiO2 target” during co-sputtering (“LiNiO2 and Li[Ni,Co]O2 were prepared by co-sputtering of LiNiO2 (Li[Ni,Co]O2) and LiO2 target materia",Chemical Identity: LiO2 (sputtering target material); Amount: not specified in text
Verified_Cherkashinin_et_al__-_2019_-_Performance_of_Li-Ion_Batteries_Contribution_of_E_reactions.json,Cherkashinin_et_al__-_2019_-_Performance_of_Li-Ion_Batteries_Contribution_of_E,low,chemicals,chemicals[4],chem_5,LiCoPO4,True,0.96,,"The paper explicitly lists LiCoPO4 as one of the cathode materials studied in the Experimental section: “...LiCoO2, LiNiO2, Li[Ni,Co]O2 layered- and LiCoPO4, LiNiPO4 olivine type- polycrystalline thin",
Verified_Cherkashinin_et_al__-_2019_-_Performance_of_Li-Ion_Batteries_Contribution_of_E_reactions.json,Cherkashinin_et_al__-_2019_-_Performance_of_Li-Ion_Batteries_Contribution_of_E,low,chemicals,chemicals[5],chem_6,LiNiPO4,True,0.95,,"The paper explicitly lists LiNiPO4 as one of the investigated olivine-type cathode materials in the Experimental section (“LiCoPO4, LiNiPO4 olivine type- polycrystalline thin film cathode materials we",
Verified_Cherkashinin_et_al__-_2019_-_Performance_of_Li-Ion_Batteries_Contribution_of_E_reactions.json,Cherkashinin_et_al__-_2019_-_Performance_of_Li-Ion_Batteries_Contribution_of_E,low,chemicals,chemicals[6],chem_7,Ti foil,True,0.93,,"In the Experimental section, the paper explicitly states: “Ti or Pt foils were used as the substrate materials.” This supports the chemical identity “Ti foil” being used. The text does not provide any",
Verified_Cherkashinin_et_al__-_2019_-_Performance_of_Li-Ion_Batteries_Contribution_of_E_reactions.json,Cherkashinin_et_al__-_2019_-_Performance_of_Li-Ion_Batteries_Contribution_of_E,low,chemicals,chemicals[7],chem_8,Pt foil,True,0.98,,"In the Experimental section (page 3), the text explicitly states: ""Ti or Pt foils were used as the substrate materials."" This supports the chemical identity ""Pt foil"" being used in the work. No quanti",
Verified_Cherkashinin_et_al__-_2019_-_Performance_of_Li-Ion_Batteries_Contribution_of_E_reactions.json,Cherkashinin_et_al__-_2019_-_Performance_of_Li-Ion_Batteries_Contribution_of_E,low,chemicals,chemicals[8],chem_9,NASICON substrate,True,0.93,,"The Experimental section explicitly states: ""The NaCoO2 thin film cathode materials were prepared on a NASICON substrate"". No amount/thickness/quantity for the NASICON substrate is provided anywhere i",
Verified_Cherkashinin_et_al__-_2019_-_Performance_of_Li-Ion_Batteries_Contribution_of_E_reactions.json,Cherkashinin_et_al__-_2019_-_Performance_of_Li-Ion_Batteries_Contribution_of_E,low,synthesis,synthesis.steps[0].operations[0],sputter_deposit,,True,0.9,,"The paper explicitly states that multiple thin film cathode materials (LiCoO2, LiNiO2, Li[Ni,Co]O2, LiCoPO4, LiNiPO4) were “deposited by using radio-frequency (RF) sputtering” in the Experimental sect",
Verified_Cherkashinin_et_al__-_2019_-_Performance_of_Li-Ion_Batteries_Contribution_of_E_reactions.json,Cherkashinin_et_al__-_2019_-_Performance_of_Li-Ion_Batteries_Contribution_of_E,low,synthesis,synthesis.steps[0].conditions,unknown,,True,0.93,,"The Experimental section explicitly states the thin film cathode materials were deposited by RF sputtering “in a UHV deposition chamber with a base pressure of <10−8 mbar,” which supports the extracte",
Verified_Cherkashinin_et_al__-_2019_-_Performance_of_Li-Ion_Batteries_Contribution_of_E_reactions.json,Cherkashinin_et_al__-_2019_-_Performance_of_Li-Ion_Batteries_Contribution_of_E,low,synthesis,synthesis.steps[1].operations[0],co-sputter_deposit,,True,0.83,,"The paper explicitly describes a co-sputtering deposition step in the Experimental section: “LiNiO2 and Li[Ni,Co]O2 were prepared by co-sputtering of LiNiO2 (Li[Ni,Co]O2) and LiO2 target materials…” T",
Verified_Cherkashinin_et_al__-_2019_-_Performance_of_Li-Ion_Batteries_Contribution_of_E_reactions.json,Cherkashinin_et_al__-_2019_-_Performance_of_Li-Ion_Batteries_Contribution_of_E,low,synthesis,synthesis.steps[1].conditions,unknown,,True,0.98,,"The Experimental section explicitly states the thin film cathode materials were deposited “by using radio-frequency (RF) sputtering in a UHV deposition chamber with a base pressure of <10−8 mbar,” whi",
Verified_Cherkashinin_et_al__-_2019_-_Performance_of_Li-Ion_Batteries_Contribution_of_E_reactions.json,Cherkashinin_et_al__-_2019_-_Performance_of_Li-Ion_Batteries_Contribution_of_E,low,synthesis,synthesis.steps[2].operations[0],co-sputter_deposit,,True,0.86,,"The paper explicitly describes co-sputtering as part of the cathode thin-film preparation: “LiNiO2 and Li[Ni,Co]O2 were prepared by co-sputtering of LiNiO2 (Li[Ni,Co]O2) and LiO2 target materials…” in",
Verified_Cherkashinin_et_al__-_2019_-_Performance_of_Li-Ion_Batteries_Contribution_of_E_reactions.json,Cherkashinin_et_al__-_2019_-_Performance_of_Li-Ion_Batteries_Contribution_of_E,low,synthesis,synthesis.steps[2].conditions,unknown,,True,0.93,,"The paper explicitly states that the polycrystalline thin film cathode materials were “deposited by using radio-frequency (RF) sputtering in a UHV deposition chamber” (Experimental section, Page 3). T",
Verified_Cherkashinin_et_al__-_2019_-_Performance_of_Li-Ion_Batteries_Contribution_of_E_reactions.json,Cherkashinin_et_al__-_2019_-_Performance_of_Li-Ion_Batteries_Contribution_of_E,low,synthesis,synthesis.steps[3].operations[0],sputter_deposit,,True,0.95,,"The paper explicitly states that several polycrystalline thin film cathode materials were “deposited by using radio-frequency (RF) sputtering” in the Experimental section, which supports categorizing ",
Verified_Cherkashinin_et_al__-_2019_-_Performance_of_Li-Ion_Batteries_Contribution_of_E_reactions.json,Cherkashinin_et_al__-_2019_-_Performance_of_Li-Ion_Batteries_Contribution_of_E,low,synthesis,synthesis.steps[3].conditions,unknown,,True,0.93,,"The paper’s Experimental section explicitly states that the thin film cathode materials were deposited by RF sputtering “in a UHV deposition chamber with a base pressure of <10−8 mbar,” which supports",
Verified_Cherkashinin_et_al__-_2019_-_Performance_of_Li-Ion_Batteries_Contribution_of_E_reactions.json,Cherkashinin_et_al__-_2019_-_Performance_of_Li-Ion_Batteries_Contribution_of_E,low,synthesis,synthesis.steps[4].operations[0],pulsed_laser_deposit,,False,0.95,,"The paper’s Experimental section lists synthesis/deposition methods used: RF sputtering for several Li-based thin film cathodes, co-sputtering for Ni-containing layered oxides, pulsed laser deposition","If the field is meant as the paper’s overall/primary synthesis operation: ""radio-frequency (RF) sputtering"" (with co-sputtering also used). If it is meant as an included operation: ""pulsed laser depos"
Verified_Cherkashinin_et_al__-_2019_-_Performance_of_Li-Ion_Batteries_Contribution_of_E_reactions.json,Cherkashinin_et_al__-_2019_-_Performance_of_Li-Ion_Batteries_Contribution_of_E,low,synthesis,synthesis.steps[5].operations[0],pechini_synthesis,,True,0.83,,The paper’s Experimental section explicitly states: “The LiFePO4 composite cathode was synthesized by using the Pechini method.” This directly supports that a Pechini-type synthesis operation was used,
Verified_Cherkashinin_et_al__-_2019_-_Performance_of_Li-Ion_Batteries_Contribution_of_E_reactions.json,Cherkashinin_et_al__-_2019_-_Performance_of_Li-Ion_Batteries_Contribution_of_E,low,synthesis,synthesis.steps[6].operations[0],anneal,,True,0.86,,"The paper explicitly mentions “Annealing of the cathode materials is necessary for the sample’s crystallization…” in the Experimental section (Page 3), which supports that an annealing step is part of",
Verified_Cherkashinin_et_al__-_2019_-_Performance_of_Li-Ion_Batteries_Contribution_of_E_reactions.json,Cherkashinin_et_al__-_2019_-_Performance_of_Li-Ion_Batteries_Contribution_of_E,low,workflow,workflow.timeline[0],unknown,RF sputtering of LiCoO2 thin film cathode.,True,0.92,,The paper explicitly states in the Experimental section that LiCoO2 polycrystalline thin film cathode materials were deposited using radio-frequency (RF) sputtering (“The LiCoO2… thin film cathode mat,
Verified_Cherkashinin_et_al__-_2019_-_Performance_of_Li-Ion_Batteries_Contribution_of_E_reactions.json,Cherkashinin_et_al__-_2019_-_Performance_of_Li-Ion_Batteries_Contribution_of_E,low,workflow,workflow.timeline[1],unknown,Co-sputtering LiNiO2 + LiO2 to form LiNiO2 film.,True,0.88,,"The source explicitly states in the Experimental section (Page 3) that “LiNiO2 and Li[Ni,Co]O2 were prepared by co-sputtering of LiNiO2 (Li[Ni,Co]O2) and LiO2 target materials to avoid Li-deficiency…”",
Verified_Cherkashinin_et_al__-_2019_-_Performance_of_Li-Ion_Batteries_Contribution_of_E_reactions.json,Cherkashinin_et_al__-_2019_-_Performance_of_Li-Ion_Batteries_Contribution_of_E,low,workflow,workflow.timeline[2],unknown,"Co-sputtering Li[Ni,Co]O2 + LiO2 to form mixed Ni/Co oxide film.",False,0.7,,"The paper does describe co-sputtering to prepare LiNiO2 and Li[Ni,Co]O2 thin films using a LiO2 target to avoid Li-deficiency, but it does not say this was done to form a “mixed Ni/Co oxide film,” nor","RF co-sputtering of Li[Ni,Co]O2 (or LiNiO2) with a LiO2 target to avoid Li-deficiency in Ni-containing layered oxides."
Verified_Cherkashinin_et_al__-_2019_-_Performance_of_Li-Ion_Batteries_Contribution_of_E_reactions.json,Cherkashinin_et_al__-_2019_-_Performance_of_Li-Ion_Batteries_Contribution_of_E,low,workflow,workflow.timeline[3],unknown,RF sputtering of LiCoPO4 and LiNiPO4 films.,True,0.93,,The paper’s Experimental section explicitly states that LiCoPO4 and LiNiPO4 olivine-type polycrystalline thin film cathode materials were “deposited by using radio-frequency (RF) sputtering.” This dir,
Verified_Cherkashinin_et_al__-_2019_-_Performance_of_Li-Ion_Batteries_Contribution_of_E_reactions.json,Cherkashinin_et_al__-_2019_-_Performance_of_Li-Ion_Batteries_Contribution_of_E,low,workflow,workflow.timeline[4],unknown,PLD growth of NaCoO2 on NASICON.,True,0.96,,The paper explicitly states in the Experimental section that “The NaCoO2 thin film cathode materials were prepared on a NASICON substrate by using pulsed laser deposition (PLD).” This directly support,
Verified_Cherkashinin_et_al__-_2019_-_Performance_of_Li-Ion_Batteries_Contribution_of_E_reactions.json,Cherkashinin_et_al__-_2019_-_Performance_of_Li-Ion_Batteries_Contribution_of_E,low,workflow,workflow.timeline[5],unknown,Pechini synthesis of LiFePO4 composite.,True,0.92,,The paper explicitly states in the Experimental section (Page 3) that “The LiFePO4 composite cathode was synthesized by using the Pechini method.” This directly supports the extracted value “Pechini s,
Verified_Cherkashinin_et_al__-_2019_-_Performance_of_Li-Ion_Batteries_Contribution_of_E_reactions.json,Cherkashinin_et_al__-_2019_-_Performance_of_Li-Ion_Batteries_Contribution_of_E,low,workflow,workflow.timeline[6],unknown,Annealing of all deposited films for crystallization.,True,0.72,,The paper explicitly states in the Experimental section that annealing is necessary for crystallization of the cathode thin-film materials: “Annealing of the cathode materials is necessary for the sam,
Verified_Cherkashinin_et_al__-_2019_-_Performance_of_Li-Ion_Batteries_Contribution_of_E_reactions.json,Cherkashinin_et_al__-_2019_-_Performance_of_Li-Ion_Batteries_Contribution_of_E,low,workflow,workflow.ambiguities[0],"Annealing conditions (temperature, duration, atmosphere) not specified.",,True,0.92,,"The paper states that annealing is necessary for crystallization (in the Experimental section) but does not provide any annealing parameters such as temperature, duration, or atmosphere anywhere in th",
Verified_Cherkashinin_et_al__-_2019_-_Performance_of_Li-Ion_Batteries_Contribution_of_E_reactions.json,Cherkashinin_et_al__-_2019_-_Performance_of_Li-Ion_Batteries_Contribution_of_E,low,workflow,workflow.ambiguities[1],Exact pressure during sputtering noted only as <10−8 mbar.,,False,0.92,,The paper states that RF sputtering was performed in a UHV deposition chamber with a **base pressure of <10−8 mbar**. This is not the **exact pressure during sputtering** (working/process pressure) bu,"Revise to: ""Sputtering performed in a UHV chamber; **base pressure <10−8 mbar** (working/process sputtering pressure not specified)."""
Verified_Cherkashinin_et_al__-_2019_-_Performance_of_Li-Ion_Batteries_Contribution_of_E_reactions.json,Cherkashinin_et_al__-_2019_-_Performance_of_Li-Ion_Batteries_Contribution_of_E,low,workflow,workflow.ambiguities[2],Composition of LiO2 target unclear.,,True,0.86,false_positive_suspect,"The paper explicitly states: “LiNiO2 and Li[Ni,Co]O2 were prepared by co-sputtering of LiNiO2 (Li[Ni,Co]O2) and LiO2 target materials…”. However, nowhere in the provided full text is the LiO2 target f",
Verified_Cherkashinin_et_al__-_2019_-_Performance_of_Li-Ion_Batteries_Contribution_of_E_reactions.json,Cherkashinin_et_al__-_2019_-_Performance_of_Li-Ion_Batteries_Contribution_of_E,low,characterization,characterization[0],XPS,XPS,False,0.92,,"The paper explicitly reports photoemission experiments performed with an XPS/UPS spectrometer (Phi 5000 Versa Probe) and uses a monochromatic Al Kα source for XPS (Experimental section, page 3). There","Include XPS as a characterization technique. For example: [""XPS (Phi 5000 Versa Probe; monochromatic Al Kα, hν=1486.6 eV)""] (also mentions combined XPS/UPS and synchrotron-based photoemission)."
Verified_Cherkashinin_et_al__-_2019_-_Performance_of_Li-Ion_Batteries_Contribution_of_E_reactions.json,Cherkashinin_et_al__-_2019_-_Performance_of_Li-Ion_Batteries_Contribution_of_E,low,characterization,characterization[1],UPS,UPS,False,0.82,,"The paper explicitly reports use of an ""XPS/UPS spectrometer"" and He I/He II sources (hν = 21.2/40.8 eV) in the Experimental section, indicating UPS was performed. The extracted value is an empty list","Replace [] with a non-empty UPS entry, e.g., [""UPS (He I 21.2 eV; He II 40.8 eV); SEC measured with He I and 6 V negative bias; instrument: Phi 5000 Versa Probe""]"
Verified_Cherkashinin_et_al__-_2019_-_Performance_of_Li-Ion_Batteries_Contribution_of_E_reactions.json,Cherkashinin_et_al__-_2019_-_Performance_of_Li-Ion_Batteries_Contribution_of_E,low,characterization,characterization[2],Synchrotron XPS,Synchrotron XPS,False,0.87,,The paper explicitly reports photoemission measurements including XPS/UPS at DAISY-BAT and synchrotron-based photoelectron spectroscopy at BESSY II (U49-2/PGM-2 beamline) for LiFePO4 composite. Howeve,"Indicate that synchrotron-based photoelectron spectroscopy measurements were performed at BESSY II (Berlin), U49-2/PGM-2 beamline (hν = 100–1900 eV) with SoliAS endstation and SPECS PHOIBOS 150 MCD-9 "
Verified_Cherkashinin_et_al__-_2019_-_Performance_of_Li-Ion_Batteries_Contribution_of_E_reactions.json,Cherkashinin_et_al__-_2019_-_Performance_of_Li-Ion_Batteries_Contribution_of_E,low,characterization,characterization[3],Photoelectron spectroscopy – derived electronic properties,Photoelectron spectroscopy – derived electronic properties,True,0.99,,"All extracted photoelectron-derived electronic properties for the listed cathode materials (EV−EF, work function Wf, ionization potential IPcathode, and average voltage U vs Li+/Li) are explicitly rep",
Verified_Cherkashinin_et_al__-_2019_-_Performance_of_Li-Ion_Batteries_Contribution_of_E_reactions.json,Cherkashinin_et_al__-_2019_-_Performance_of_Li-Ion_Batteries_Contribution_of_E,low,analysis,analysis.methods[0],unknown,,False,0.78,contradiction_clear,"The paper explicitly describes and uses photoelectron spectroscopy methods (XPS/UPS; synchrotron-based photoemission) as the core analysis/measurement approach, but the extracted value for “Analysis M","Photoelectron spectroscopy / photoemission spectroscopy (XPS/UPS; synchrotron-based photoemission). Also mentions SEC (secondary electron cutoff) for work function, and operando/in-situ photoemission "
Verified_Duquesnoy_et_al__-_2020_-_Data-driven_assessment_of_electrode_calendering_pr_reactions.json,Duquesnoy_et_al__-_2020_-_Data-driven_assessment_of_electrode_calendering_pr,low,targets,targets[0],target_1,LiNi1/3Mn1/3Co1/3O2-based cathode electrode,False,0.72,contradiction_mixed,"The paper explicitly states the studied cathode chemistry is LiNi1/3Mn1/3Co1/3O2 (NMC) (e.g., Abstract and Introduction). However, the extracted value for “Target Formula” is blank/empty, which is not",LiNi1/3Mn1/3Co1/3O2
Verified_Duquesnoy_et_al__-_2020_-_Data-driven_assessment_of_electrode_calendering_pr_reactions.json,Duquesnoy_et_al__-_2020_-_Data-driven_assessment_of_electrode_calendering_pr,low,chemicals,chemicals[0],chem_1,LiNi1/3Mn1/3Co1/3O2,True,0.9,,"The paper explicitly identifies the cathode active material as LiNi1/3Mn1/3Co1/3O2 (NMC) (e.g., Abstract: “LiNi1/3Mn1/3Co1/3O2-based cathodes”; Experimental methods: “LiNi1/3Mn1/3Co1/3O2 (NMC) was sup",
Verified_Duquesnoy_et_al__-_2020_-_Data-driven_assessment_of_electrode_calendering_pr_reactions.json,Duquesnoy_et_al__-_2020_-_Data-driven_assessment_of_electrode_calendering_pr,low,chemicals,chemicals[1],chem_2,Carbon black (Super C65),True,0.92,,"The paper explicitly identifies the carbon additive as “C-NERGY™ super C65 carbon black (CB)” in the Experimental methods (Section 2.2). However, the document text provided does not state a specific *",
Verified_Duquesnoy_et_al__-_2020_-_Data-driven_assessment_of_electrode_calendering_pr_reactions.json,Duquesnoy_et_al__-_2020_-_Data-driven_assessment_of_electrode_calendering_pr,low,chemicals,chemicals[2],chem_3,Polyvinylidene fluoride (PVdF),False,0.82,,"The paper explicitly identifies PVdF as a component: “Solef™ Polyvinylidene fluoride (PVdF) was purchased from Solvay” (Experimental methods, Section 2.2). However, the extracted claim that the amount",Polyvinylidene fluoride (PVdF) | Amount: Binder mass equals carbon black mass (CB:PVdF = 1:1 by mass); absolute PVdF wt% not specified in main text (see Supporting Information for further details).
Verified_Duquesnoy_et_al__-_2020_-_Data-driven_assessment_of_electrode_calendering_pr_reactions.json,Duquesnoy_et_al__-_2020_-_Data-driven_assessment_of_electrode_calendering_pr,low,chemicals,chemicals[3],chem_4,N-methyl-2-pyrrolidone,True,0.93,,The paper explicitly lists N-methylpyrrolidone (NMP) as a solvent in the Experimental methods section: “...N-methylpyrrolidone (NMP) from BASF.” It then states “NMP was added until reaching the desire,
Verified_Duquesnoy_et_al__-_2020_-_Data-driven_assessment_of_electrode_calendering_pr_reactions.json,Duquesnoy_et_al__-_2020_-_Data-driven_assessment_of_electrode_calendering_pr,low,chemicals,chemicals[4],chem_5,Aluminium foil,True,0.93,,"The paper explicitly identifies the current collector as aluminium and provides its thickness: “The slurry was coated over a 22 μm thick Aluminium CC…” (Experimental methods, Page 5). However, no amou",
Verified_Duquesnoy_et_al__-_2020_-_Data-driven_assessment_of_electrode_calendering_pr_reactions.json,Duquesnoy_et_al__-_2020_-_Data-driven_assessment_of_electrode_calendering_pr,low,synthesis,synthesis.steps[0].operations[0],blend,,False,0.72,,"The paper does not explicitly describe a synthesis operation as “blend.” It does mention “premixed with a soft blender overnight” (Experimental methods, Page 4), which indicates a mixing/blending step","If this field is intended to capture an explicit operation term from the methods, use: “premixed (with a soft blender overnight)” or more generally “mixing/premixing (slurry preparation)”."
Verified_Duquesnoy_et_al__-_2020_-_Data-driven_assessment_of_electrode_calendering_pr_reactions.json,Duquesnoy_et_al__-_2020_-_Data-driven_assessment_of_electrode_calendering_pr,low,synthesis,synthesis.steps[1].operations[0],add,,False,0.77,,"The paper describes several synthesis/manufacturing steps using verbs like “added” (e.g., “Afterwards, NMP was added…”) but the field value is just the isolated operation “add” with no specified conte","If the intent is the slurry preparation step, a supported operation would be: “NMP was added (to the premixed NMC/CB/PVdF solids) until reaching the desired solid/solvent ratio.”"
Verified_Duquesnoy_et_al__-_2020_-_Data-driven_assessment_of_electrode_calendering_pr_reactions.json,Duquesnoy_et_al__-_2020_-_Data-driven_assessment_of_electrode_calendering_pr,low,synthesis,synthesis.steps[2].operations[0],mix,,False,0.73,,"The paper’s experimental/synthesis description uses terms like “premixed,” “NMP was added,” and “The mixing was performed in a Dispermat… mixer for 2 h,” but it does not explicitly state the synthesis",mixing (premix solid components overnight; then high-shear mixing for 2 h)
Verified_Duquesnoy_et_al__-_2020_-_Data-driven_assessment_of_electrode_calendering_pr_reactions.json,Duquesnoy_et_al__-_2020_-_Data-driven_assessment_of_electrode_calendering_pr,low,synthesis,synthesis.steps[3].operations[0],coat,,False,0.87,,"The paper discusses electrode manufacturing steps such as slurry mixing, coating (""The slurry was coated over a 22 μm thick Aluminium CC""), drying, and calendering. However, it does not use the term ""","If the field is meant to capture a manufacturing step mentioned in the text, use ""coating"" (slurry coated over Al current collector) or list the operations explicitly stated: ""mixing; coating; drying;"
Verified_Duquesnoy_et_al__-_2020_-_Data-driven_assessment_of_electrode_calendering_pr_reactions.json,Duquesnoy_et_al__-_2020_-_Data-driven_assessment_of_electrode_calendering_pr,low,synthesis,synthesis.steps[4].operations[0],dry,,False,0.88,contradiction_clear,"The paper describes multiple manufacturing steps (mixing, coating, drying in an oven at 80/95 °C, and calendering). However, it does not use the term “dry” as a named/standalone synthesis operation, n","If the field is intended to capture a process step, the text supports: ""dried in a built-in two-parts oven at 80 and 95 °C"" (electrode drying step). If the field must be a single-word operation, ""drie"
Verified_Duquesnoy_et_al__-_2020_-_Data-driven_assessment_of_electrode_calendering_pr_reactions.json,Duquesnoy_et_al__-_2020_-_Data-driven_assessment_of_electrode_calendering_pr,low,synthesis,synthesis.steps[4].operations[1],dry,,False,0.88,contradiction_clear,"Across the full provided paper text, electrode processing steps include “dried” in an oven and then “calendered,” but there is no synthesis-step/operation explicitly labeled as “Synthesis Operation: d","If the field is meant to capture an operation mentioned in the procedure, use “dried” (electrodes were dried in an oven at 80 and 95 °C). Otherwise, if the schema requires an explicit ‘Synthesis Opera"
Verified_Duquesnoy_et_al__-_2020_-_Data-driven_assessment_of_electrode_calendering_pr_reactions.json,Duquesnoy_et_al__-_2020_-_Data-driven_assessment_of_electrode_calendering_pr,low,synthesis,synthesis.steps[5].operations[0],calender,,False,0.72,contradiction_clear,"The paper repeatedly refers to the manufacturing step as “calendering” and uses the noun “calender” (e.g., “prototype-grade lap press calendar”), but it does not use the verb/noun “calender” as a stan",calendering
Verified_Duquesnoy_et_al__-_2020_-_Data-driven_assessment_of_electrode_calendering_pr_reactions.json,Duquesnoy_et_al__-_2020_-_Data-driven_assessment_of_electrode_calendering_pr,low,workflow,workflow.timeline[0],unknown,"Premix NMC, carbon black, and PVdF overnight.",True,0.93,,"The paper explicitly states in Experimental methods (Page 4) that the slurry solid components “NMC, CB and PVdF were premixed with a soft blender overnight.” This directly supports the extracted workf",
Verified_Duquesnoy_et_al__-_2020_-_Data-driven_assessment_of_electrode_calendering_pr_reactions.json,Duquesnoy_et_al__-_2020_-_Data-driven_assessment_of_electrode_calendering_pr,low,workflow,workflow.timeline[1],unknown,Add NMP to solids to obtain workable slurry.,True,0.82,,"The paper explicitly describes the workflow step in the experimental methods: after premixing the solid components, “NMP was added until reaching the desired ratio between the solid components and the",
Verified_Duquesnoy_et_al__-_2020_-_Data-driven_assessment_of_electrode_calendering_pr_reactions.json,Duquesnoy_et_al__-_2020_-_Data-driven_assessment_of_electrode_calendering_pr,low,workflow,workflow.timeline[2],unknown,High-shear mix slurry for 120 min at 25 °C.,True,0.98,,The paper explicitly states in Experimental methods: “The mixing was performed in a Dispermat CV3-PLUS high-shear mixer for 2 h in a water-bath cooled recipient at 25 ◦C.” This matches “High-shear mix,
Verified_Duquesnoy_et_al__-_2020_-_Data-driven_assessment_of_electrode_calendering_pr_reactions.json,Duquesnoy_et_al__-_2020_-_Data-driven_assessment_of_electrode_calendering_pr,low,workflow,workflow.timeline[3],unknown,"Coat slurry onto 22 µm aluminium foil (gap 0.3 mm, speed 0.3 m s-1).",True,0.98,,The source text explicitly states in Experimental methods: “The slurry was coated over a 22 μm thick Aluminium CC … fixing the gap at 300 μm and the coating speed at 0.3 m/s.” This matches the extract,
Verified_Duquesnoy_et_al__-_2020_-_Data-driven_assessment_of_electrode_calendering_pr_reactions.json,Duquesnoy_et_al__-_2020_-_Data-driven_assessment_of_electrode_calendering_pr,low,workflow,workflow.timeline[4],unknown,Dry coated electrodes: 80 °C zone then 95 °C zone.,True,0.93,,"The paper explicitly states in Experimental methods (Page 5) that the coated electrodes were dried in a built-in two-parts oven “at 80 and 95 °C,” which corresponds to two drying zones/parts. This sup",
Verified_Duquesnoy_et_al__-_2020_-_Data-driven_assessment_of_electrode_calendering_pr_reactions.json,Duquesnoy_et_al__-_2020_-_Data-driven_assessment_of_electrode_calendering_pr,low,workflow,workflow.timeline[5],unknown,"Calender electrodes at 60 °C with pressures 200–1700 bar, line speed 0.54 m min-1.",True,0.95,,"The paper explicitly states in Experimental methods (page 5) that calendering was performed at constant line speed (0.54 m/min) and roll temperature (60 °C), and that calendering pressure was varied; ",
Verified_Duquesnoy_et_al__-_2020_-_Data-driven_assessment_of_electrode_calendering_pr_reactions.json,Duquesnoy_et_al__-_2020_-_Data-driven_assessment_of_electrode_calendering_pr,low,workflow,workflow.ambiguities[0],Undefined duration for 'overnight' premixing.,,True,0.98,,"The paper states in the Experimental methods section: “The slurry solid components NMC, CB and PVdF were premixed with a soft blender overnight.” No explicit duration (hours) for “overnight” is given ",
Verified_Duquesnoy_et_al__-_2020_-_Data-driven_assessment_of_electrode_calendering_pr_reactions.json,Duquesnoy_et_al__-_2020_-_Data-driven_assessment_of_electrode_calendering_pr,low,workflow,workflow.ambiguities[1],Exact solids/solvent ratio after NMP addition not provided.,,True,0.93,false_positive_suspect,"The paper states: “NMP was added until reaching the desired ratio between the solid components and the solvent (check Supporting Information, section S1a for further details).” Nowhere in the provided",
Verified_Duquesnoy_et_al__-_2020_-_Data-driven_assessment_of_electrode_calendering_pr_reactions.json,Duquesnoy_et_al__-_2020_-_Data-driven_assessment_of_electrode_calendering_pr,low,workflow,workflow.ambiguities[2],Drying times for the two oven zones not specified.,,True,0.93,,The source text describes a two-part oven with zones at 80 and 95 °C but does not provide any drying time or residence time for each zone (or total oven dwell time). The only related quantitative deta,
Verified_Duquesnoy_et_al__-_2020_-_Data-driven_assessment_of_electrode_calendering_pr_reactions.json,Duquesnoy_et_al__-_2020_-_Data-driven_assessment_of_electrode_calendering_pr,low,workflow,workflow.ambiguities[3],Exact calendering pressures for each experiment not explicitly listed in main text.,,True,0.93,,"The main text states only that “The calendering was performed at various applied pressures” (Experimental methods, page 5) and elsewhere gives only a range of pressures used (20–170 MPa) without mappi",
Verified_Hsueh_et_al__-_2023_-_Sputtered_silver_on_the_current_collector_for_anod_reactions.json,Hsueh_et_al__-_2023_-_Sputtered_silver_on_the_current_collector_for_anod,low,targets,targets[0],target_1,Ag/CCB-coated aluminum current collector,False,0.86,,"The paper explicitly provides the cathode/target material formula as lithium nickel manganese cobalt oxide, LiNi0.33Mn0.33Co0.33O2 (NMC111), in the Abstract and Experimental methods. However, the Extr",LiNi0.33Mn0.33Co0.33O2 (NMC111)
Verified_Hsueh_et_al__-_2023_-_Sputtered_silver_on_the_current_collector_for_anod_reactions.json,Hsueh_et_al__-_2023_-_Sputtered_silver_on_the_current_collector_for_anod,low,targets,targets[1],target_2,Gel polymer electrolyte (sulfolane/acrylonitrile/LiPF6),False,0.95,,The extracted value for “Target Formula” is blank. The paper explicitly states the cathode/target material formula as lithium nickel manganese cobalt oxide “LiNi0.33Mn0.33Co0.33O2 (NMC111)” (Abstract ,LiNi0.33Mn0.33Co0.33O2 (NMC111)
Verified_Hsueh_et_al__-_2023_-_Sputtered_silver_on_the_current_collector_for_anod_reactions.json,Hsueh_et_al__-_2023_-_Sputtered_silver_on_the_current_collector_for_anod,low,targets,targets[2],target_3,Coin-type anode-less NMC111 GPE lithium battery,False,0.85,,"The paper explicitly states the cathode/active material formula as LiNi0.33Mn0.33Co0.33O2 (NMC111) (Abstract and Experimental methods). However, the extracted value for “Target Formula” is blank/empty",LiNi0.33Mn0.33Co0.33O2 (NMC111)
Verified_Hsueh_et_al__-_2023_-_Sputtered_silver_on_the_current_collector_for_anod_reactions.json,Hsueh_et_al__-_2023_-_Sputtered_silver_on_the_current_collector_for_anod,low,chemicals,chemicals[0],chem_1,Silver,False,0.9,,The paper explicitly specifies the silver amount/thickness: in Experimental methods it states a “100 nm-thick Ag thin film” deposited by DC sputtering on the CCB-coated Al current collector. Therefore,Silver (Ag) | Amount: 100 nm-thick Ag thin film (protective layer) deposited on CCB-coated Al current collector
Verified_Hsueh_et_al__-_2023_-_Sputtered_silver_on_the_current_collector_for_anod_reactions.json,Hsueh_et_al__-_2023_-_Sputtered_silver_on_the_current_collector_for_anod,low,chemicals,chemicals[1],chem_2,Conductive carbon black,True,0.93,,"The paper explicitly identifies “conductive carbon black (CCB)” as part of the cell/current collector structure (e.g., “Ag/ conductive carbon black (CCB) coated aluminum current collectors” in the Abs",
Verified_Hsueh_et_al__-_2023_-_Sputtered_silver_on_the_current_collector_for_anod_reactions.json,Hsueh_et_al__-_2023_-_Sputtered_silver_on_the_current_collector_for_anod,low,chemicals,chemicals[2],chem_3,Aluminum,True,0.9,,"The paper repeatedly identifies aluminum (Al) as part of the “Ag/CCB-coated aluminum current collector” (e.g., Abstract and Experimental methods), but it does not provide a mass, molar amount, thickne",
Verified_Hsueh_et_al__-_2023_-_Sputtered_silver_on_the_current_collector_for_anod_reactions.json,Hsueh_et_al__-_2023_-_Sputtered_silver_on_the_current_collector_for_anod,low,chemicals,chemicals[3],chem_4,Sulfolane,False,0.93,,"The paper explicitly states in Experimental methods that the GPE contained sulfolane and gives a specific composition: “The GPE contained sulfolane (C4H8O2S), acrylonitrile, and lithium hexafluorophos",Sulfolane (C4H8O2S) | Amount: 66.2 wt% (in GPE; weight ratio sulfolane:acrylonitrile:LiPF6 = 66.2:6.6:24.3)
Verified_Hsueh_et_al__-_2023_-_Sputtered_silver_on_the_current_collector_for_anod_reactions.json,Hsueh_et_al__-_2023_-_Sputtered_silver_on_the_current_collector_for_anod,low,chemicals,chemicals[4],chem_5,Acrylonitrile,False,0.96,,"The paper explicitly states acrylonitrile is a component of the GPE and provides its amount via a weight ratio. In Experimental methods: “The GPE contained sulfolane (C4H8O2S), acrylonitrile, and lith","Acrylonitrile | Amount: 6.6 (weight-ratio component; i.e., ~6.6 wt% in the sulfolane/acrylonitrile/LiPF6 mixture; ratio 66.2:6.6:24.3)"
Verified_Hsueh_et_al__-_2023_-_Sputtered_silver_on_the_current_collector_for_anod_reactions.json,Hsueh_et_al__-_2023_-_Sputtered_silver_on_the_current_collector_for_anod,low,chemicals,chemicals[5],chem_6,Lithium hexafluorophosphate,False,0.92,,The paper explicitly states the presence and amount (as a weight ratio component) of lithium hexafluorophosphate in the GPE formulation. In Experimental methods (Page 2): “The GPE contained sulfolane ,Lithium hexafluorophosphate (LiPF6) | Amount: 24.3 (weight ratio component in GPE; GPE components sulfolane:acrylonitrile:LiPF6 = 66.2:6.6:24.3)
Verified_Hsueh_et_al__-_2023_-_Sputtered_silver_on_the_current_collector_for_anod_reactions.json,Hsueh_et_al__-_2023_-_Sputtered_silver_on_the_current_collector_for_anod,low,chemicals,chemicals[6],chem_7,LiNi0.33Mn0.33Co0.33O2 (NMC111),True,0.93,,"The paper explicitly identifies the cathode material as lithium nickel manganese cobalt oxide with formula LiNi0.33Mn0.33Co0.33O2 (NMC111) in both the Abstract and Experimental methods. However, while",
Verified_Hsueh_et_al__-_2023_-_Sputtered_silver_on_the_current_collector_for_anod_reactions.json,Hsueh_et_al__-_2023_-_Sputtered_silver_on_the_current_collector_for_anod,low,chemicals,chemicals[7],chem_8,Argon,True,0.93,,"The paper explicitly mentions argon: “The GPE preparation and battery assembly were all conducted in an argon-filled glove box” (Experimental methods, Page 2). However, it does not provide any quantit",
Verified_Hsueh_et_al__-_2023_-_Sputtered_silver_on_the_current_collector_for_anod_reactions.json,Hsueh_et_al__-_2023_-_Sputtered_silver_on_the_current_collector_for_anod,low,synthesis,synthesis.steps[0].operations[0],sputter,,True,0.97,,The paper explicitly describes deposition by sputtering. In the Experimental methods section it states: “a 100 nm-thick Ag thin film acted as a protective layer deposited by DC sputtering system…”. Th,
Verified_Hsueh_et_al__-_2023_-_Sputtered_silver_on_the_current_collector_for_anod_reactions.json,Hsueh_et_al__-_2023_-_Sputtered_silver_on_the_current_collector_for_anod,low,synthesis,synthesis.steps[1].operations[0],mix,,False,0.9,,"In the Experimental methods section, the described synthesis/preparation operations are heating the GPE precursor to 130 °C and casting the viscous solution into a Teflon mold, followed by assembly in","Use an operation explicitly stated, e.g., 'heat' and 'cast' for GPE preparation and/or 'DC sputtering' for Ag film deposition (plus 'assemble' for coin-cell assembly)."
Verified_Hsueh_et_al__-_2023_-_Sputtered_silver_on_the_current_collector_for_anod_reactions.json,Hsueh_et_al__-_2023_-_Sputtered_silver_on_the_current_collector_for_anod,low,synthesis,synthesis.steps[2].operations[0],heat,,True,0.96,,"Supported. In the Experimental methods section, the paper explicitly states: “After the GPE precursor is heated to 130 ◦C…”. This is a synthesis/preparation operation involving heating.",
Verified_Hsueh_et_al__-_2023_-_Sputtered_silver_on_the_current_collector_for_anod_reactions.json,Hsueh_et_al__-_2023_-_Sputtered_silver_on_the_current_collector_for_anod,low,synthesis,synthesis.steps[3].operations[0],cast,,True,0.97,,The Experimental methods section explicitly states: “the viscous solution was immediately cast in a Teflon mold to produce a 200 μm-thick GPE thin film.” This directly supports the synthesis operation,
Verified_Hsueh_et_al__-_2023_-_Sputtered_silver_on_the_current_collector_for_anod_reactions.json,Hsueh_et_al__-_2023_-_Sputtered_silver_on_the_current_collector_for_anod,low,synthesis,synthesis.steps[4].operations[0],assemble,,True,0.92,,The paper explicitly uses the verb “assembled” to describe the synthesis/assembly step of the battery cell. It appears in the Introduction (“we successfully assembled…”) and in Experimental methods (“,
Verified_Hsueh_et_al__-_2023_-_Sputtered_silver_on_the_current_collector_for_anod_reactions.json,Hsueh_et_al__-_2023_-_Sputtered_silver_on_the_current_collector_for_anod,low,synthesis,synthesis.steps[4].conditions,unknown,,False,0.74,,The paper explicitly states the synthesis/preparation atmosphere as an “argon-filled glove box” for GPE preparation and battery assembly (“The GPE preparation and battery assembly were all conducted i,Argon-filled glove box (argon atmosphere)
Verified_Hsueh_et_al__-_2023_-_Sputtered_silver_on_the_current_collector_for_anod_reactions.json,Hsueh_et_al__-_2023_-_Sputtered_silver_on_the_current_collector_for_anod,low,workflow,workflow.timeline[0],unknown,Silver sputtering on CCB/Al current collector,False,0.74,,"The paper discusses depositing a 100 nm Ag thin film by DC sputtering onto a 1 μm CCB-coated Al current collector (i.e., silver sputtering on CCB/Al current collector). However, the extracted value is","If the field is meant to capture a fabrication step (not a timeline), use: “Deposited 100 nm Ag thin film by DC sputtering onto 1 μm CCB-coated Al current collector.” If it must be a ‘Workflow Timelin"
Verified_Hsueh_et_al__-_2023_-_Sputtered_silver_on_the_current_collector_for_anod_reactions.json,Hsueh_et_al__-_2023_-_Sputtered_silver_on_the_current_collector_for_anod,low,workflow,workflow.timeline[1],unknown,"Mixing sulfolane, acrylonitrile, and LiPF6 for GPE",True,0.62,,"The paper explicitly states the GPE composition: it “contained sulfolane (C4H8O2S), acrylonitrile, and lithium hexafluorophosphate (LiPF6)” with a weight ratio of 66.2:6.6:24.3 (Experimental methods, ",
Verified_Hsueh_et_al__-_2023_-_Sputtered_silver_on_the_current_collector_for_anod_reactions.json,Hsueh_et_al__-_2023_-_Sputtered_silver_on_the_current_collector_for_anod,low,workflow,workflow.timeline[2],unknown,Heating GPE precursor to 403 K,True,0.95,,"The paper explicitly states in Experimental methods: “After the GPE precursor is heated to 130 ◦C…”. 130 °C corresponds to 403 K, so “Heating GPE precursor to 403 K” is supported (same temperature exp",
Verified_Hsueh_et_al__-_2023_-_Sputtered_silver_on_the_current_collector_for_anod_reactions.json,Hsueh_et_al__-_2023_-_Sputtered_silver_on_the_current_collector_for_anod,low,workflow,workflow.timeline[3],unknown,Casting 200 µm-thick GPE film,True,0.96,,"The paper explicitly states in the Experimental methods section: after heating the GPE precursor to 130 °C, the viscous solution was “immediately cast in a Teflon mold to produce a 200 μm-thick GPE th",
Verified_Hsueh_et_al__-_2023_-_Sputtered_silver_on_the_current_collector_for_anod_reactions.json,Hsueh_et_al__-_2023_-_Sputtered_silver_on_the_current_collector_for_anod,low,workflow,workflow.timeline[4],unknown,Assembly of coin-type anode-less NMC111 GPE lithium battery in Ar glove box,True,0.92,,The paper explicitly states: “The GPE preparation and battery assembly were all conducted in an argon-filled glove box.” It also describes the final assembly step as assembling the GPE and Ag/CCB-coat,
Verified_Hsueh_et_al__-_2023_-_Sputtered_silver_on_the_current_collector_for_anod_reactions.json,Hsueh_et_al__-_2023_-_Sputtered_silver_on_the_current_collector_for_anod,low,workflow,workflow.ambiguities[0],No explicit duration provided for heating and sputtering steps,,True,0.9,,"The paper specifies temperatures/thicknesses/compositions, but it does not state any time duration for (1) heating the GPE precursor to 130 °C or (2) the DC sputtering deposition (only that a 100 nm A",
Verified_Hsueh_et_al__-_2023_-_Sputtered_silver_on_the_current_collector_for_anod_reactions.json,Hsueh_et_al__-_2023_-_Sputtered_silver_on_the_current_collector_for_anod,low,workflow,workflow.ambiguities[1],Capacity reported as areal (mAh/cm2) not mass specific (mAh g-1),,True,0.96,,"The paper explicitly reports capacity in areal units (mAh/cm2), not mass-specific (mAh g−1). It states in the Abstract: “discharge capacity of 0.935 mAh/cm2,” and again in Conclusions: “The areal capa",
Verified_Hsueh_et_al__-_2023_-_Sputtered_silver_on_the_current_collector_for_anod_reactions.json,Hsueh_et_al__-_2023_-_Sputtered_silver_on_the_current_collector_for_anod,low,characterization,characterization[0],FESEM,FESEM,True,0.93,,The text describing Fig. 2 explicitly supports the stated FESEM/SEM morphology: it says the 1 µm-thick CCB particles are spread uniformly on the Al substrate (Fig. 2b) and that both the Al substrate a,
Verified_Hsueh_et_al__-_2023_-_Sputtered_silver_on_the_current_collector_for_anod_reactions.json,Hsueh_et_al__-_2023_-_Sputtered_silver_on_the_current_collector_for_anod,low,characterization,characterization[1],Galvanostatic charge–discharge,Galvanostatic charge–discharge,False,0.92,,"Most metrics match the paper text around Fig. 3(a)/(c): 1st discharge capacity = 0.935 mAh (also stated as 0.935 mAh/cm2 elsewhere), 1st cycle coulombic efficiency = 46.8%, 30th discharge capacity = 0",Change '1st charge capacity' to '> 2 mAh' (or 'over 2 mAh'). Optionally report areal units consistently as 0.935 mAh/cm2 (and 0.805 mAh/cm2) if the field expects areal capacity.
Verified_Hsueh_et_al__-_2023_-_Sputtered_silver_on_the_current_collector_for_anod_reactions.json,Hsueh_et_al__-_2023_-_Sputtered_silver_on_the_current_collector_for_anod,low,characterization,characterization[2],Electrochemical impedance spectroscopy,Electrochemical impedance spectroscopy,True,0.93,,The paper explicitly states in the EIS discussion of Fig. 3(b): “the resistance of GPE film is about 120 Ohm.” This directly supports the extracted metric/value/unit (GPE film resistance = 120 Ohm).,
Verified_Hsueh_et_al__-_2023_-_Sputtered_silver_on_the_current_collector_for_anod_reactions.json,Hsueh_et_al__-_2023_-_Sputtered_silver_on_the_current_collector_for_anod,low,characterization,characterization[3],Ionic conductivity measurement,Ionic conductivity measurement,False,0.92,,"The paper’s Experimental methods section states: ionic conductivity of the GPE is “approximately 1.5 × 10−4 S/cm” at room temperature, which matches 0.00015 S cm−1. However, it states “the lithium tra",Set lithium transference number to ~1 (about 1) at room temperature (optionally record as 1 with an uncertainty/qualifier). Ionic conductivity of GPE: ~1.5×10−4 S/cm (0.00015 S cm−1) at room temperatu
Verified_Hsueh_et_al__-_2023_-_Sputtered_silver_on_the_current_collector_for_anod_reactions.json,Hsueh_et_al__-_2023_-_Sputtered_silver_on_the_current_collector_for_anod,low,final_outcomes,final_outcomes,unknown,,True,0.94,,"The paper explicitly reports performance “after 30 cycles” multiple times: the Abstract states “capacity retention of 86.1% after 30 cycles,” Fig. 3(c) discussion says “After 30 times charge/discharge",
Verified_Ji_et_al__-_2019_-_Lithium_intercalation_into_bilayer_graphene_reactions.json,Ji_et_al__-_2019_-_Lithium_intercalation_into_bilayer_graphene,low,targets,targets[0],target_1,bilayer graphene foam,False,0.95,contradiction_clear,"The “Extracted Value” for Target Formula is blank, but the paper explicitly provides target/stoichiometric formulas for lithium-intercalated graphene/graphite compounds (e.g., LiC6, LiC12, Li2C6, Li3C","If the intended target formula is the fully intercalated product for bilayer graphene, use LiC12 (stoichiometric limit for bilayer graphene capacity) and/or the phase notation C6LiC6 (PI phase, ARA-st"
Verified_Ji_et_al__-_2019_-_Lithium_intercalation_into_bilayer_graphene_reactions.json,Ji_et_al__-_2019_-_Lithium_intercalation_into_bilayer_graphene,low,chemicals,chemicals[0],chem_1,Ni30Mn70 alloy foil,True,0.92,,"The Methods section explicitly states: “Nanoporous Ni foam, by directly dealloying the Ni30Mn70 foil in 2.0 M (NH4)2SO4 solution for 10 h…”. This supports the chemical identity as Ni30Mn70 foil (alloy",
Verified_Ji_et_al__-_2019_-_Lithium_intercalation_into_bilayer_graphene_reactions.json,Ji_et_al__-_2019_-_Lithium_intercalation_into_bilayer_graphene,low,chemicals,chemicals[1],chem_2,(NH4)2SO4 solution,True,0.98,,"In the Methods section, the paper explicitly states: ""directly dealloying the Ni30Mn70 foil in 2.0 M (NH4)2SO4 solution for 10 h"". This supports the chemical identity ((NH4)2SO4 solution) and the amou",
Verified_Ji_et_al__-_2019_-_Lithium_intercalation_into_bilayer_graphene_reactions.json,Ji_et_al__-_2019_-_Lithium_intercalation_into_bilayer_graphene,low,chemicals,chemicals[2],chem_3,Argon,False,0.75,,The paper explicitly specifies argon flow rates during CVD preparation (initial Ar flow 500 sccm; later Ar increased to 2500 sccm) and also states coin cells were assembled in an argon-filled glove bo,"Argon | Amount: 500 sccm initially (CVD), increased to 2500 sccm during reduction/graphene growth; additionally used as argon-filled glove box atmosphere (no quantitative amount given for glove box)."
Verified_Ji_et_al__-_2019_-_Lithium_intercalation_into_bilayer_graphene_reactions.json,Ji_et_al__-_2019_-_Lithium_intercalation_into_bilayer_graphene,low,chemicals,chemicals[3],chem_4,Hydrogen,False,0.95,,"The paper’s Methods section explicitly specifies hydrogen gas (H2) flow during CVD: “the flow of Ar and H2 was gradually increased to be 2500 and 100 sccm, respectively,” and later “benzene … was intr",Hydrogen (H2) | Amount: 100 sccm (H2 flow; Ar/H2 increased to 2500/100 sccm during pretreatment; H2 also present during growth)
Verified_Ji_et_al__-_2019_-_Lithium_intercalation_into_bilayer_graphene_reactions.json,Ji_et_al__-_2019_-_Lithium_intercalation_into_bilayer_graphene,low,chemicals,chemicals[4],chem_5,Benzene,False,0.95,,"In the Methods section, the paper states: “benzene (0.5 mbar, 99.8%, anhydrous) was introduced…” This supports benzene with an amount/pressure of 0.5 mbar, not 0.5 bar. Therefore the extracted value h",Benzene | Amount: 0.5 mbar
Verified_Ji_et_al__-_2019_-_Lithium_intercalation_into_bilayer_graphene_reactions.json,Ji_et_al__-_2019_-_Lithium_intercalation_into_bilayer_graphene,low,chemicals,chemicals[5],chem_6,Hydrochloric acid,True,0.96,,The Methods section explicitly states: “The nanoporous Ni substrate of the graphene@np-Ni composite was dissolved by 2.0 M HCl…”. This directly supports hydrochloric acid with an amount/concentration ,
Verified_Ji_et_al__-_2019_-_Lithium_intercalation_into_bilayer_graphene_reactions.json,Ji_et_al__-_2019_-_Lithium_intercalation_into_bilayer_graphene,low,chemicals,chemicals[6],chem_7,Water,True,0.9,,"The Methods explicitly mention water but do not provide any quantitative amount/volume/mass. Specifically: “the as-obtained initial sample was repeatedly washed by water and isopropanol…” (Methods, Pa",
Verified_Ji_et_al__-_2019_-_Lithium_intercalation_into_bilayer_graphene_reactions.json,Ji_et_al__-_2019_-_Lithium_intercalation_into_bilayer_graphene,low,chemicals,chemicals[7],chem_8,Isopropanol,True,0.98,,"The Methods section explicitly states the sample “was repeatedly washed by water and isopropanol” during CVD-preparation/post-processing. However, no amount/volume/mass of isopropanol is provided anyw",
Verified_Ji_et_al__-_2019_-_Lithium_intercalation_into_bilayer_graphene_reactions.json,Ji_et_al__-_2019_-_Lithium_intercalation_into_bilayer_graphene,low,chemicals,chemicals[8],chem_9,Carbon dioxide,False,0.9,contradiction_clear,"The paper explicitly mentions carbon dioxide in the Methods as part of the “supercritical CO2 drying process” used during sample preparation. However, the extracted amount is not supported as “Not spe",Carbon dioxide | Amount: Used for supercritical CO2 drying (no explicit quantity/flow/pressure specified).
Verified_Ji_et_al__-_2019_-_Lithium_intercalation_into_bilayer_graphene_reactions.json,Ji_et_al__-_2019_-_Lithium_intercalation_into_bilayer_graphene,low,chemicals,chemicals[9],chem_10,Lithium metal,True,0.93,,"The paper explicitly states multiple times in the electrochemical measurements description that Li metal/foil is used as the counter electrode (e.g., “Using Li metal as the counter negative electrode…",
Verified_Ji_et_al__-_2019_-_Lithium_intercalation_into_bilayer_graphene_reactions.json,Ji_et_al__-_2019_-_Lithium_intercalation_into_bilayer_graphene,low,chemicals,chemicals[10],chem_11,LiPF6,True,0.98,,The Methods section explicitly states the electrolyte as “LiPF6 solution of 1 M in ethylene carbonate (EC)/dimethyl carbonate (DMC) (EC:DMC = 1:1 vol/vol)”. This directly supports the extracted chemic,
Verified_Ji_et_al__-_2019_-_Lithium_intercalation_into_bilayer_graphene_reactions.json,Ji_et_al__-_2019_-_Lithium_intercalation_into_bilayer_graphene,low,chemicals,chemicals[11],chem_12,Ethylene carbonate,False,0.9,,The paper explicitly identifies ethylene carbonate (EC) as a solvent in the electrolyte and specifies its proportion relative to dimethyl carbonate: “1 M LiPF6 in ethylene carbonate (EC)/dimethyl carb,Ethylene carbonate (EC) | Amount/ratio in electrolyte: EC:DMC = 1:1 (vol/vol) (with 1 M LiPF6 in EC/DMC)
Verified_Ji_et_al__-_2019_-_Lithium_intercalation_into_bilayer_graphene_reactions.json,Ji_et_al__-_2019_-_Lithium_intercalation_into_bilayer_graphene,low,chemicals,chemicals[12],chem_13,Dimethyl carbonate,False,0.9,contradiction_clear,"The paper explicitly mentions dimethyl carbonate (DMC) as part of the electrolyte (e.g., “LiPF6 in ethylene carbonate/dimethyl carbonate” and “1 M in ethylene carbonate (EC)/dimethyl carbonate (DMC) (",Dimethyl carbonate (DMC) | Amount: present in electrolyte as EC:DMC = 1:1 (vol/vol); absolute quantity not specified
Verified_Ji_et_al__-_2019_-_Lithium_intercalation_into_bilayer_graphene_reactions.json,Ji_et_al__-_2019_-_Lithium_intercalation_into_bilayer_graphene,low,synthesis,synthesis.steps[0].operations[0],dealloy,,True,0.93,,"The Methods section explicitly describes preparing nanoporous Ni foam by “directly dealloying the Ni30Mn70 foil in 2.0 M (NH4)2SO4 solution for 10 h,” which is a dealloying operation. Therefore the ex",
Verified_Ji_et_al__-_2019_-_Lithium_intercalation_into_bilayer_graphene_reactions.json,Ji_et_al__-_2019_-_Lithium_intercalation_into_bilayer_graphene,low,synthesis,synthesis.steps[1].operations[0],heat,,False,0.72,contradiction_clear,"The Methods and synthesis description discuss a high-temperature-switched CVD process (heating to specific temperatures like 700 °C and cooling), but the document does not explicitly list a discrete s","Use a more specific operation explicitly described, e.g., ""chemical vapor deposition (CVD) with high-temperature ramping (to ≥700 °C) and rapid cooling"" or list operations such as ""reduce (H2/Ar pre-t"
Verified_Ji_et_al__-_2019_-_Lithium_intercalation_into_bilayer_graphene_reactions.json,Ji_et_al__-_2019_-_Lithium_intercalation_into_bilayer_graphene,low,synthesis,synthesis.steps[1].operations[1],heat,,False,0.78,,"The Methods section and the rest of the paper describe the CVD process using temperatures (e.g., 700–950 °C), cooling, and opening the furnace, but they do not explicitly state a synthesis operation a","If the field must be an explicit operation word from the text, use ""cool""/""cooling"" (""rapidly cool to room temperature"") or ""CVD""/""chemical vapor deposition"". If paraphrasing is allowed, ""heat in a CV"
Verified_Ji_et_al__-_2019_-_Lithium_intercalation_into_bilayer_graphene_reactions.json,Ji_et_al__-_2019_-_Lithium_intercalation_into_bilayer_graphene,low,synthesis,synthesis.steps[2].operations[0],chemical_vapor_deposition,,True,0.95,,The paper explicitly states that the bilayer graphene foam was synthesized via a high-temperature-switched chemical vapor deposition (CVD) route (Page 2: “through developing a high-temperature-switche,
Verified_Ji_et_al__-_2019_-_Lithium_intercalation_into_bilayer_graphene_reactions.json,Ji_et_al__-_2019_-_Lithium_intercalation_into_bilayer_graphene,low,synthesis,synthesis.steps[2].conditions,unknown,,False,0.95,,"The paper’s CVD growth atmosphere is described as flowing Ar and H2, then introducing benzene at 0.5 mbar along with Ar and H2 (“benzene … was introduced with the gas flow of Ar and H2 for graphene gr",Ar and H2 (with benzene introduced as carbon source during growth; benzene 0.5 mbar)
Verified_Ji_et_al__-_2019_-_Lithium_intercalation_into_bilayer_graphene_reactions.json,Ji_et_al__-_2019_-_Lithium_intercalation_into_bilayer_graphene,low,synthesis,synthesis.steps[3].operations[0],cool,,False,0.9,,The paper’s Methods section describes a rapid cooling step (“The furnace was immediately opened to let the inner quartz tube rapidly cool to room temperature...”) but does not explicitly label the syn,rapidly cool to room temperature (by opening the furnace and using a fan; ~15–20 s from Tl to 400 °C)
Verified_Ji_et_al__-_2019_-_Lithium_intercalation_into_bilayer_graphene_reactions.json,Ji_et_al__-_2019_-_Lithium_intercalation_into_bilayer_graphene,low,synthesis,synthesis.steps[3].conditions,unknown,,True,0.9,,"The Methods section explicitly states that Ar was used as a process gas during CVD: “The initial flow of Ar was 500 sccm… Before reaching the high temperature Th, the flow of Ar and H2 was gradually i",
Verified_Ji_et_al__-_2019_-_Lithium_intercalation_into_bilayer_graphene_reactions.json,Ji_et_al__-_2019_-_Lithium_intercalation_into_bilayer_graphene,low,synthesis,synthesis.steps[4].operations[0],etch,,True,0.9,,"The paper explicitly mentions an etching step in the synthesis: Fig. 1a schematic labels “Ni etching,” and in Methods it states “The nanoporous Ni substrate of the graphene@np-Ni composite was dissolv",
Verified_Ji_et_al__-_2019_-_Lithium_intercalation_into_bilayer_graphene_reactions.json,Ji_et_al__-_2019_-_Lithium_intercalation_into_bilayer_graphene,low,synthesis,synthesis.steps[4].operations[1],wash,,True,0.93,,The Methods section explicitly states: “the as-obtained initial sample was repeatedly washed by water and isopropanol…”. This directly supports the synthesis operation 'wash' (repeated washing step).,
Verified_Ji_et_al__-_2019_-_Lithium_intercalation_into_bilayer_graphene_reactions.json,Ji_et_al__-_2019_-_Lithium_intercalation_into_bilayer_graphene,low,synthesis,synthesis.steps[5].operations[0],supercritical_dry,,True,0.92,,"The paper explicitly describes a supercritical drying step for the graphene foam. Fig. 1a schematic labels “Supercritical drying,” and the main text states the foam is obtained after “supercritical dr",
Verified_Ji_et_al__-_2019_-_Lithium_intercalation_into_bilayer_graphene_reactions.json,Ji_et_al__-_2019_-_Lithium_intercalation_into_bilayer_graphene,low,workflow,workflow.timeline[0],unknown,Dealloy Ni–Mn foil to form nanoporous Ni,False,0.92,,"The paper does describe creating nanoporous Ni foam by dealloying Ni30Mn70 foil (“Nanoporous Ni foam, by directly dealloying the Ni30Mn70 foil in 2.0 M (NH4)2SO4 solution for 10 h…”). However, the ext",Dealloy Ni30Mn70 foil in 2.0 M (NH4)2SO4 solution for 10 h to form nanoporous Ni foam (np-Ni) substrate.
Verified_Ji_et_al__-_2019_-_Lithium_intercalation_into_bilayer_graphene_reactions.json,Ji_et_al__-_2019_-_Lithium_intercalation_into_bilayer_graphene,low,workflow,workflow.timeline[1],unknown,Reduction and heating prep of substrate in CVD furnace,True,0.74,,"The Methods section explicitly describes a reduction pre-treatment of the nanoporous Ni substrate in the CVD furnace (ramping with Ar/H2, then “After the above reduction pre-treatment, benzene… was in",
Verified_Ji_et_al__-_2019_-_Lithium_intercalation_into_bilayer_graphene_reactions.json,Ji_et_al__-_2019_-_Lithium_intercalation_into_bilayer_graphene,low,workflow,workflow.timeline[2],unknown,CVD growth of bilayer graphene using benzene,True,0.74,,"The paper explicitly describes a CVD growth step using benzene. In the Methods section (“CVD-preparation of nanoporous graphene foam”), it states that “benzene (0.5 mbar, 99.8%, anhydrous) was introdu",
Verified_Ji_et_al__-_2019_-_Lithium_intercalation_into_bilayer_graphene_reactions.json,Ji_et_al__-_2019_-_Lithium_intercalation_into_bilayer_graphene,low,workflow,workflow.timeline[3],unknown,Rapid cooling to room temperature,True,0.83,,The Methods section explicitly states: “The furnace was immediately opened to let the inner quartz tube rapidly cool to room temperature with a fan (in 15–20 s from Tl to 400 °C…)”. This supports the ,
Verified_Ji_et_al__-_2019_-_Lithium_intercalation_into_bilayer_graphene_reactions.json,Ji_et_al__-_2019_-_Lithium_intercalation_into_bilayer_graphene,low,workflow,workflow.timeline[4],unknown,Chemical etching to remove Ni and washing,True,0.78,,The paper explicitly describes removing the Ni template/substrate by chemical etching and then washing/rinsing steps. Specifically: (1) Fig. 1a schematic includes “Ni etching”; (2) Methods state the “,
Verified_Ji_et_al__-_2019_-_Lithium_intercalation_into_bilayer_graphene_reactions.json,Ji_et_al__-_2019_-_Lithium_intercalation_into_bilayer_graphene,low,workflow,workflow.timeline[5],unknown,Supercritical CO2 drying to obtain freestanding foam,False,0.86,contradiction_clear,"The paper explicitly mentions “supercritical drying” / “supercritical CO2 drying process” as part of sample preparation (Fig. 1a; Pages 3 and 8), and it notes the foam is “freestanding.” However, it d",Supercritical (CO2) drying was used after Ni removal/washing to prevent collapse of the 3D porous structure (avoid graphene restacking) and preserve the freestanding bilayer graphene foam morphology.
Verified_Ji_et_al__-_2019_-_Lithium_intercalation_into_bilayer_graphene_reactions.json,Ji_et_al__-_2019_-_Lithium_intercalation_into_bilayer_graphene,low,workflow,workflow.ambiguities[0],Exact high temperature (Th) value not provided,,True,0.95,false_positive_suspect,Supported. In the Methods (“CVD-preparation of nanoporous graphene foam”) the text states: “The initial flow of Ar was 500 sccm until that the temperature reached the low temperature Tl shown in Suppl,
Verified_Ji_et_al__-_2019_-_Lithium_intercalation_into_bilayer_graphene_reactions.json,Ji_et_al__-_2019_-_Lithium_intercalation_into_bilayer_graphene,low,workflow,workflow.ambiguities[1],Pressure units mismatch (MPa vs bar),,False,0.98,,"The paper explicitly states in Methods: “benzene (0.5 mbar, 99.8%, anhydrous) was introduced…” and then: “For bilayer graphene, the initially total pressure and the partial pressure at the tube’s fron","{'issue': 'Pressure units mismatch (MPa vs mbar)', 'excerpt': 'benzene (0.5 mbar, 99.8%, anhydrous) was introduced... For bilayer graphene, the initially total pressure and the partial pressure at the"
Verified_Ji_et_al__-_2019_-_Lithium_intercalation_into_bilayer_graphene_reactions.json,Ji_et_al__-_2019_-_Lithium_intercalation_into_bilayer_graphene,low,characterization,characterization[0],SEM,SEM,True,0.95,,"The paper explicitly reports both SEM-related values. In the Results text (page 3) it states the foam “duplicated the interconnected porous structure… with pore size between 500 nm and 1 μm,” matching",
Verified_Ji_et_al__-_2019_-_Lithium_intercalation_into_bilayer_graphene_reactions.json,Ji_et_al__-_2019_-_Lithium_intercalation_into_bilayer_graphene,low,characterization,characterization[1],SAED,SAED,True,0.97,,"Supported by the paper. Fig. 1d (SAED pattern) explicitly shows “I{0110}/I{1210} = 0.49”. The accompanying Results text (page 3, Quality assessment) states that the measured intensity ratio was about ",
Verified_Ji_et_al__-_2019_-_Lithium_intercalation_into_bilayer_graphene_reactions.json,Ji_et_al__-_2019_-_Lithium_intercalation_into_bilayer_graphene,low,characterization,characterization[2],Raman spectroscopy,Raman spectroscopy,True,0.98,,Supported by Fig. 1e(i) Raman spectra annotations in the provided text: it explicitly lists “Bilayer I2D/IG = 2.3” and “Bilayer@Ni I2D/IG = 1.9”. These correspond directly to the extracted metrics I2D,
Verified_Ji_et_al__-_2019_-_Lithium_intercalation_into_bilayer_graphene_reactions.json,Ji_et_al__-_2019_-_Lithium_intercalation_into_bilayer_graphene,low,characterization,characterization[3],XRD,XRD,True,0.95,,Both extracted XRD-related values are explicitly stated in the paper text. Page 3 reports “residual Ni < 0.08 at.%” (quality assessment section). The same page also states: “X-ray diffraction (XRD) re,
Verified_Ji_et_al__-_2019_-_Lithium_intercalation_into_bilayer_graphene_reactions.json,Ji_et_al__-_2019_-_Lithium_intercalation_into_bilayer_graphene,low,characterization,characterization[4],Electrochemical GCD,Electrochemical GCD,True,0.93,,The paper explicitly reports: “its maximum GCD capacity only reached ~180 mAh g−1 … (Fig. 2a)”. This supports the extracted GCD metric value of 180 mAh g−1 (though the text frames it as a GCD capacity,
Verified_Ji_et_al__-_2019_-_Lithium_intercalation_into_bilayer_graphene_reactions.json,Ji_et_al__-_2019_-_Lithium_intercalation_into_bilayer_graphene,low,analysis,analysis.methods[0],unknown,,False,0.55,,"The paper explicitly lists multiple analysis/characterization methods (e.g., SEM, TEM/SAED, EELS, XRD, Raman spectroscopy including in situ Raman, XPS, electrochemical methods GCD/CV/EIS, and DFT calc","Report the analysis methods stated in the paper, e.g.: SEM; TEM (including SAED) and EELS; XRD; Raman spectroscopy (ex situ and in situ); XPS; electrochemical testing (GCD, CV, EIS); and DFT calculati"
Verified_Ji_et_al__-_2019_-_Lithium_intercalation_into_bilayer_graphene_reactions.json,Ji_et_al__-_2019_-_Lithium_intercalation_into_bilayer_graphene,low,final_outcomes,final_outcomes,unknown,,True,0.88,,"The paper explicitly reports a capacity of ~180 mAh g−1 for the bilayer graphene foam: on Page 3 under “Determination of Li-storage capacity…”, it states “its maximum GCD capacity only reached ~180 mA",
Verified_Kim_et_al__-_2014_-_Novel_transition-metal-free_cathode_for_high_energ_reactions.json,Kim_et_al__-_2014_-_Novel_transition-metal-free_cathode_for_high_energ,low,targets,targets[0],target_1,functionalized graphite nanoplatelets,False,0.74,,"The field 'Target Formula' has an empty extracted value. The paper does explicitly state chemical formulas/compositions for the functionalized graphite nanoplatelets (e.g., oxygen contents/composition","If 'Target Formula' refers to the functionalized graphite nanoplatelet composition, use: C0.755O0.245 (functionalized graphite nanoplatelet) (and reduced sample: C0.942O0.058). If it refers to the cat"
Verified_Kim_et_al__-_2014_-_Novel_transition-metal-free_cathode_for_high_energ_reactions.json,Kim_et_al__-_2014_-_Novel_transition-metal-free_cathode_for_high_energ,low,targets,targets[1],target_2,graphite oxide (GO),False,0.88,,"The field 'Target Formula' has an empty extracted value, but the paper explicitly provides chemical formulas/compositions for the functionalized graphite nanoplatelets (e.g., C0.755O0.245 and C0.942O0",If 'Target Formula' refers to the functionalized graphite nanoplatelet composition: C0.755O0.245 (functionalized) (and reduced sample: C0.942O0.058). If it refers to the material name: functionalized 
Verified_Kim_et_al__-_2014_-_Novel_transition-metal-free_cathode_for_high_energ_reactions.json,Kim_et_al__-_2014_-_Novel_transition-metal-free_cathode_for_high_energ,low,chemicals,chemicals[0],chem_1,graphite,True,0.99,,"In the Experimental section under “Fabrication of functionalized graphite nanoplatelets,” the text explicitly states: “Graphite (5 g) was dispersed in a solution of NaNO3 (5 g) and H2SO4 (225 mL) …”. ",
Verified_Kim_et_al__-_2014_-_Novel_transition-metal-free_cathode_for_high_energ_reactions.json,Kim_et_al__-_2014_-_Novel_transition-metal-free_cathode_for_high_energ,low,chemicals,chemicals[1],chem_2,sodium nitrate,True,0.98,,"In the Experimental section under “Fabrication of functionalized graphite nanoplatelets,” the text states: “Graphite (5 g) was dispersed in a solution of NaNO3 (5 g) and H2SO4 (225 mL)…” NaNO3 is sodi",
Verified_Kim_et_al__-_2014_-_Novel_transition-metal-free_cathode_for_high_energ_reactions.json,Kim_et_al__-_2014_-_Novel_transition-metal-free_cathode_for_high_energ,low,chemicals,chemicals[2],chem_3,sulfuric acid,True,0.98,,"In the Experimental section under “Fabrication of functionalized graphite nanoplatelets,” the text explicitly states: “Graphite (5 g) was dispersed in a solution of NaNO3 (5 g) and H2SO4 (225 mL)...” ",
Verified_Kim_et_al__-_2014_-_Novel_transition-metal-free_cathode_for_high_energ_reactions.json,Kim_et_al__-_2014_-_Novel_transition-metal-free_cathode_for_high_energ,low,chemicals,chemicals[3],chem_4,potassium permanganate,True,0.99,,"In the Experimental section under “Fabrication of functionalized graphite nanoplatelets,” the text explicitly states: “KMnO4 (30 g) was added to the resulting solution.” KMnO4 is potassium permanganat",
Verified_Kim_et_al__-_2014_-_Novel_transition-metal-free_cathode_for_high_energ_reactions.json,Kim_et_al__-_2014_-_Novel_transition-metal-free_cathode_for_high_energ,low,chemicals,chemicals[4],chem_5,water,True,0.98,,"In the Experimental section under “Fabrication of functionalized graphite nanoplatelets”, the text explicitly states: “Deionized (DI) water (500 mL) … were slowly added to the solution.” This directly",
Verified_Kim_et_al__-_2014_-_Novel_transition-metal-free_cathode_for_high_energ_reactions.json,Kim_et_al__-_2014_-_Novel_transition-metal-free_cathode_for_high_energ,low,chemicals,chemicals[5],chem_6,hydrogen peroxide (35%),True,0.98,,"In the Experimental section under “Fabrication of functionalized graphite nanoplatelets,” the text explicitly states: “Deionized (DI) water (500 mL) and H2O2 (30 mL, 35%) were slowly added to the solu",
Verified_Kim_et_al__-_2014_-_Novel_transition-metal-free_cathode_for_high_energ_reactions.json,Kim_et_al__-_2014_-_Novel_transition-metal-free_cathode_for_high_energ,low,chemicals,chemicals[6],chem_7,hydrochloric acid (10%),True,0.98,,"In the Experimental section under “Fabrication of functionalized graphite nanoplatelets,” the text states: “The solution was filtered and washed with HCl (750 mL, 10%).” This explicitly supports hydro",
Verified_Kim_et_al__-_2014_-_Novel_transition-metal-free_cathode_for_high_energ_reactions.json,Kim_et_al__-_2014_-_Novel_transition-metal-free_cathode_for_high_energ,low,chemicals,chemicals[7],chem_8,hydrochloric acid (37%),True,0.98,,"In the Experimental section (“Fabrication of functionalized graphite nanoplatelets”), the text explicitly states: “Additional washing/filtering was performed using concentrated HCl (500 mL, 37%)…”. Th",
Verified_Kim_et_al__-_2014_-_Novel_transition-metal-free_cathode_for_high_energ_reactions.json,Kim_et_al__-_2014_-_Novel_transition-metal-free_cathode_for_high_energ,low,chemicals,chemicals[8],chem_9,sodium tetrafluoroborate,True,0.98,,"In the Electrochemical characterization section, the paper explicitly states: ""an electrolyte of 1 M NaBF4 or NaClO4 in propylene carbonate (PC...)"". NaBF4 is sodium tetrafluoroborate, and the concent",
Verified_Kim_et_al__-_2014_-_Novel_transition-metal-free_cathode_for_high_energ_reactions.json,Kim_et_al__-_2014_-_Novel_transition-metal-free_cathode_for_high_energ,low,chemicals,chemicals[9],chem_10,sodium perchlorate,True,0.93,,"In the Electrochemical characterization section, the paper explicitly states the electrolyte was “1 M NaBF4 or NaClO4 in propylene carbonate (PC…)”. This supports the chemical identity sodium perchlor",
Verified_Kim_et_al__-_2014_-_Novel_transition-metal-free_cathode_for_high_energ_reactions.json,Kim_et_al__-_2014_-_Novel_transition-metal-free_cathode_for_high_energ,low,chemicals,chemicals[10],chem_11,propylene carbonate,False,0.78,contradiction_clear,"The paper explicitly states the electrolyte composition as “1 M NaBF4 or NaClO4 in propylene carbonate (PC, Sigma-Aldrich)” in the Electrochemical characterization section. Therefore, the chemical ide",propylene carbonate (PC) used as solvent; electrolyte: 1 M NaBF4 or 1 M NaClO4 in propylene carbonate (PC).
Verified_Kim_et_al__-_2014_-_Novel_transition-metal-free_cathode_for_high_energ_reactions.json,Kim_et_al__-_2014_-_Novel_transition-metal-free_cathode_for_high_energ,low,chemicals,chemicals[11],chem_12,polyvinylidene fluoride,True,0.96,,"In the Electrochemical characterization section, the paper explicitly states electrodes were prepared by mixing active material (70 wt%) with ""polyvinylidene fluoride binder (20 wt%)"" and super-P (10 ",polyvinylidene fluoride (PVDF) binder | Amount: 20 wt% (in electrode mixture)
Verified_Kim_et_al__-_2014_-_Novel_transition-metal-free_cathode_for_high_energ_reactions.json,Kim_et_al__-_2014_-_Novel_transition-metal-free_cathode_for_high_energ,low,chemicals,chemicals[12],chem_13,Super-P conductive carbon,False,0.92,,The paper explicitly specifies the amount of Super-P in the electrode formulation: electrodes were prepared by mixing active material (70 wt%) with PVDF binder (20 wt%) and super-P (10 wt%) in NMP (El,Super-P conductive carbon | Amount: 10 wt% (in electrode mixture)
Verified_Kim_et_al__-_2014_-_Novel_transition-metal-free_cathode_for_high_energ_reactions.json,Kim_et_al__-_2014_-_Novel_transition-metal-free_cathode_for_high_energ,low,chemicals,chemicals[13],chem_14,N-methyl-2-pyrrolidone,True,0.98,,"The paper explicitly states under “Electrochemical characterization” that electrodes were prepared in an “N-methyl-2-pyrrolidone solvent,” confirming the chemical identity. The text does not provide a",
Verified_Kim_et_al__-_2014_-_Novel_transition-metal-free_cathode_for_high_energ_reactions.json,Kim_et_al__-_2014_-_Novel_transition-metal-free_cathode_for_high_energ,low,synthesis,synthesis.steps[0].operations[0],disperse,,True,0.83,,The paper explicitly uses the term “dispersed” as a synthesis/fabrication step: “Graphite (5 g) was dispersed in a solution of NaNO3 (5 g) and H2SO4 (225 mL)…” in the Experimental section (Fabrication,
Verified_Kim_et_al__-_2014_-_Novel_transition-metal-free_cathode_for_high_energ_reactions.json,Kim_et_al__-_2014_-_Novel_transition-metal-free_cathode_for_high_energ,low,synthesis,synthesis.steps[1].operations[0],add,,False,0.74,,"The paper does contain several instances of the verb “added” in the synthesis/procedure (e.g., “KMnO4 (30 g) was added…”, “DI water … and H2O2 … were slowly added…”), but it does not explicitly state ","If the field must be a verb, use the exact wording from the text such as “added” / “slowly added” (e.g., “KMnO4 was added”; “DI water and H2O2 were slowly added”). If the field is meant to capture ope"
Verified_Kim_et_al__-_2014_-_Novel_transition-metal-free_cathode_for_high_energ_reactions.json,Kim_et_al__-_2014_-_Novel_transition-metal-free_cathode_for_high_energ,low,synthesis,synthesis.steps[2].operations[0],add,,False,0.55,contradiction_clear,"The paper describes several synthesis actions (e.g., KMnO4 was added; DI water and H2O2 were slowly added; slurry pasted onto Al foil), but the extracted value is just the generic operation ""add"" with","Use a specific operation phrase tied to the procedure, e.g., ""KMnO4 (30 g) was added"" or ""Deionized water (500 mL) and H2O2 (30 mL, 35%) were slowly added"" (Experimental section, Fabrication of graphi"
Verified_Kim_et_al__-_2014_-_Novel_transition-metal-free_cathode_for_high_energ_reactions.json,Kim_et_al__-_2014_-_Novel_transition-metal-free_cathode_for_high_energ,low,synthesis,synthesis.steps[3].operations[0],filter,,True,0.9,,"The paper explicitly describes filtration steps during synthesis: in the Experimental section ('Fabrication of functionalized graphite nanoplatelets'), it states 'The solution was filtered and washed.",
Verified_Kim_et_al__-_2014_-_Novel_transition-metal-free_cathode_for_high_energ_reactions.json,Kim_et_al__-_2014_-_Novel_transition-metal-free_cathode_for_high_energ,low,synthesis,synthesis.steps[3].operations[1],wash,,True,0.92,,"The paper explicitly describes washing steps during synthesis: after oxidation, “The solution was filtered and washed with HCl (750 mL, 10%). Additional washing/filtering was performed using concentra",
Verified_Kim_et_al__-_2014_-_Novel_transition-metal-free_cathode_for_high_energ_reactions.json,Kim_et_al__-_2014_-_Novel_transition-metal-free_cathode_for_high_energ,low,synthesis,synthesis.steps[3].operations[2],wash,,True,0.92,,"The paper explicitly describes washing steps during synthesis of graphite oxide: after filtration, the solution was ""washed with HCl"" and then ""Additional washing/filtering was performed"" (Experimenta",
Verified_Kim_et_al__-_2014_-_Novel_transition-metal-free_cathode_for_high_energ_reactions.json,Kim_et_al__-_2014_-_Novel_transition-metal-free_cathode_for_high_energ,low,synthesis,synthesis.steps[4].operations[0],anneal,,True,0.98,,"The paper explicitly describes an annealing step during synthesis: in the Experimental section, “The samples were annealed at 120 °C for 6 h to generate the functionalized graphite nanoplatelets,” and",
Verified_Kim_et_al__-_2014_-_Novel_transition-metal-free_cathode_for_high_energ_reactions.json,Kim_et_al__-_2014_-_Novel_transition-metal-free_cathode_for_high_energ,low,workflow,workflow.timeline[0],unknown,Graphite dispersed in NaNO3/H2SO4 under ice bath stirring,True,0.93,,"Supported by the Experimental section (Fabrication of functionalized graphite nanoplatelets): “Graphite (5 g) was dispersed in a solution of NaNO3 (5 g) and H2SO4 (225 mL), which was stirred for 30 mi",
Verified_Kim_et_al__-_2014_-_Novel_transition-metal-free_cathode_for_high_energ_reactions.json,Kim_et_al__-_2014_-_Novel_transition-metal-free_cathode_for_high_energ,low,workflow,workflow.timeline[1],unknown,"KMnO4 added, mixture stirred at 50 °C for 2 h",True,0.99,,"In the Experimental section (Fabrication of functionalized graphite nanoplatelets), the paper explicitly states: “KMnO4 (30 g) was added to the resulting solution, followed by stirring at 50 °C for 2 ",
Verified_Kim_et_al__-_2014_-_Novel_transition-metal-free_cathode_for_high_energ_reactions.json,Kim_et_al__-_2014_-_Novel_transition-metal-free_cathode_for_high_energ,low,workflow,workflow.timeline[2],unknown,Reaction quenched with DI water and H2O2,False,0.86,,"The paper states that during graphite oxide synthesis, “Deionized (DI) water (500 mL) and H2O2 (30 mL, 35%) were slowly added to the solution” after oxidation with KMnO4 at 50 °C. This is consistent w","DI water (500 mL) and H2O2 (30 mL, 35%) were slowly added to the reaction mixture (after KMnO4 oxidation in the modified Hummers method)."
Verified_Kim_et_al__-_2014_-_Novel_transition-metal-free_cathode_for_high_energ_reactions.json,Kim_et_al__-_2014_-_Novel_transition-metal-free_cathode_for_high_energ,low,workflow,workflow.timeline[3],unknown,Mixture filtered and washed with HCl to yield graphite oxide,True,0.9,,"The Experimental section explicitly states: “The solution was filtered and washed with HCl (750 mL, 10%). Additional washing/filtering was performed using concentrated HCl (500 mL, 37%) to retrieve th",
Verified_Kim_et_al__-_2014_-_Novel_transition-metal-free_cathode_for_high_energ_reactions.json,Kim_et_al__-_2014_-_Novel_transition-metal-free_cathode_for_high_energ,low,workflow,workflow.timeline[4],unknown,Graphite oxide annealed at 120 °C to form functionalized graphite nanoplatelets,True,0.92,,The source text explicitly states in the Experimental section: “The samples were annealed at 120 °C for 6 h to generate the functionalized graphite nanoplatelets.” This directly supports the extracted,
Verified_Kim_et_al__-_2014_-_Novel_transition-metal-free_cathode_for_high_energ_reactions.json,Kim_et_al__-_2014_-_Novel_transition-metal-free_cathode_for_high_energ,low,workflow,workflow.ambiguities[0],Exact temperature of ice bath not specified,,True,0.94,,"In the Experimental section, the paper states the mixture was “stirred for 30 min in an ice bath” but does not provide an explicit temperature (e.g., 0 °C or a range) for the ice bath. Therefore the e",
Verified_Kim_et_al__-_2014_-_Novel_transition-metal-free_cathode_for_high_energ_reactions.json,Kim_et_al__-_2014_-_Novel_transition-metal-free_cathode_for_high_energ,low,workflow,workflow.ambiguities[1],Atmosphere during annealing not specified,,True,0.96,,"The paper states: “The samples were annealed at 120 °C for 6 h to generate the functionalized graphite nanoplatelets.” No atmosphere (e.g., air, Ar, N2, vacuum) is given anywhere in the provided full ",
Verified_Kim_et_al__-_2014_-_Novel_transition-metal-free_cathode_for_high_energ_reactions.json,Kim_et_al__-_2014_-_Novel_transition-metal-free_cathode_for_high_energ,low,workflow,workflow.ambiguities[2],No yield information provided for the product,,True,0.93,,"Across the full provided text, the GO synthesis/workup describes filtration and multiple washing steps (“Additional washing/filtering was performed... to retrieve the GO powder.”) but nowhere reports ",
Verified_Kim_et_al__-_2014_-_Novel_transition-metal-free_cathode_for_high_energ_reactions.json,Kim_et_al__-_2014_-_Novel_transition-metal-free_cathode_for_high_energ,low,characterization,characterization[0],BET,BET,True,0.99,,The paper explicitly states in the Results and discussion section (Page 4) under “The pore analysis by N2 adsorption and desorption revealed…” that the material has “a pore volume of 0.922 cm3 g−1 and,
Verified_Kim_et_al__-_2014_-_Novel_transition-metal-free_cathode_for_high_energ_reactions.json,Kim_et_al__-_2014_-_Novel_transition-metal-free_cathode_for_high_energ,low,characterization,characterization[1],Cyclic Voltammetry,Cyclic Voltammetry,True,0.98,,"In the Results and discussion section describing Figure 3a (page 4 of the provided text), the paper explicitly states: (i) “The average voltage ... could reach 2.1 V (vs. Na)”, (ii) “The first dischar",
Verified_Kim_et_al__-_2014_-_Novel_transition-metal-free_cathode_for_high_energ_reactions.json,Kim_et_al__-_2014_-_Novel_transition-metal-free_cathode_for_high_energ,low,analysis,analysis.methods[0],unknown,,False,0.74,,The field 'Analysis Method' has an empty extracted value. The cited provenance (Results and discussion – Figure 4c) refers to energy density comparisons (Figure 4c caption: “Energy density of various ,"Populate 'Analysis Method' with the methods explicitly stated in the paper, e.g., XRD, XPS, FE-SEM, HR-TEM, FIB, Raman spectroscopy, BET N2 adsorption/desorption, EIS, and ex-situ FT-IR (plus electroc"
Verified_Kim_et_al__-_2014_-_Novel_transition-metal-free_cathode_for_high_energ_reactions.json,Kim_et_al__-_2014_-_Novel_transition-metal-free_cathode_for_high_energ,low,final_outcomes,final_outcomes,unknown,,True,0.92,,"The paper explicitly reports stability over 300 cycles. In the Abstract it states “without noticeable capacity decay after 300 cycles,” and later notes “an excellent cycle stability over 300 cycles co",
Verified_Li_et_al__-_2024_-_Constructing_static_two-electron_lithium-bromide_b_reactions.json,Li_et_al__-_2024_-_Constructing_static_two-electron_lithium-bromide_b,low,targets,targets[0],target_1,TBABr3 cathode,False,0.97,,"The field 'Target Formula' has an empty extracted value, but the paper explicitly states the cathode active material is tetrabutylammonium tribromide with formula TBABr3 (and also refers to tribromide",TBABr3 (tetrabutylammonium tribromide)
Verified_Li_et_al__-_2024_-_Constructing_static_two-electron_lithium-bromide_b_reactions.json,Li_et_al__-_2024_-_Constructing_static_two-electron_lithium-bromide_b,low,targets,targets[1],target_2,Cl⁻-saturated electrolyte (CLE2),False,0.76,contradiction_clear,"The paper’s “Fabrication of Cl-saturated electrolyte” section specifies the electrolyte composition and LiCl concentration (e.g., 1.0 M LiTFSI in DME:DOL=1:1 with 2% LiNO3; LiCl ~0.04 M) and names the","If the intended target is the CLE2 electrolyte formulation, extract explicitly as: CLE2 = 1.0 M LiTFSI in DME:DOL (1:1 vol%) + 2% LiNO3 + LiCl (Cl−-saturated; ~0.04 M LiCl in the supernatant)."
Verified_Li_et_al__-_2024_-_Constructing_static_two-electron_lithium-bromide_b_reactions.json,Li_et_al__-_2024_-_Constructing_static_two-electron_lithium-bromide_b,low,chemicals,chemicals[0],chem_1,Tetrabutylammonium tribromide,True,0.84,,"The paper explicitly identifies tetrabutylammonium tribromide (TBABr3) as the cathode active material (e.g., Introduction and Materials section: “electrochemically active tetrabutylammonium tribromide",
Verified_Li_et_al__-_2024_-_Constructing_static_two-electron_lithium-bromide_b_reactions.json,Li_et_al__-_2024_-_Constructing_static_two-electron_lithium-bromide_b,low,chemicals,chemicals[1],chem_2,Polyvinylidene fluoride,False,0.8,,The paper explicitly lists polyvinylidene fluoride (PVDF) as a binder in the Materials section and states it is mixed with TBABr3 and carbon black at a weight ratio of 7:2:1 during “Fabrication of TBA,Polyvinylidene fluoride (PVDF) binder | Amount: PVDF is used in the cathode slurry at a TBABr3:PVDF:carbon black weight ratio of 7:2:1 (PVDF = 2 parts by weight; 20 wt% of the solids mixture).
Verified_Li_et_al__-_2024_-_Constructing_static_two-electron_lithium-bromide_b_reactions.json,Li_et_al__-_2024_-_Constructing_static_two-electron_lithium-bromide_b,low,chemicals,chemicals[2],chem_3,Carbon black (Ketjen black EC-600JD),False,0.83,,"The paper explicitly lists the chemical identity “carbon black (Ketjen black EC-600JD, Azko Nobel)” in the Materials section. However, the amount is in fact specified indirectly in “Fabrication of TBA","Carbon black (Ketjen black EC-600JD) | Amount: included at a 7:2:1 (TBABr3:PVDF:carbon black) weight ratio, i.e., 10 wt% of the electrode solids (carbon black = 1/10 by weight)."
Verified_Li_et_al__-_2024_-_Constructing_static_two-electron_lithium-bromide_b_reactions.json,Li_et_al__-_2024_-_Constructing_static_two-electron_lithium-bromide_b,low,chemicals,chemicals[3],chem_4,N-methylpyrrolidone,True,0.9,,"The paper explicitly lists N-methylpyrrolidone (NMP) in the Materials section and mentions it as the solvent used to fabricate TBABr3 cathodes (“...in N-methylpyrrolidone solvent.”). However, no volum",
Verified_Li_et_al__-_2024_-_Constructing_static_two-electron_lithium-bromide_b_reactions.json,Li_et_al__-_2024_-_Constructing_static_two-electron_lithium-bromide_b,low,chemicals,chemicals[4],chem_5,Lithium bis(trifluoromethanesulfonyl)imide,False,0.95,,The paper explicitly states the electrolyte contains **1.0 M LiTFSI** (lithium bis(trifluoromethanesulfonyl)imide) in DME:DOL = 1:1 (with optional LiNO3 additives). This appears in the Results (Page 2,"Electrolyte composition (E2/CLE2 context): **1.0 M LiTFSI in DME:DOL (1:1 v/v)** + **2% LiNO3**; for Cl-saturated (CLE2), additionally **LiCl ~0.04 M** (prepared by saturation/decanting)."
Verified_Li_et_al__-_2024_-_Constructing_static_two-electron_lithium-bromide_b_reactions.json,Li_et_al__-_2024_-_Constructing_static_two-electron_lithium-bromide_b,low,chemicals,chemicals[5],chem_6,"1,2-Dimethoxyethane",False,0.94,contradiction_clear,"The paper explicitly states that the electrolyte is based on dimethoxyethane (DME) and 1,3-dioxolane (DOL) (e.g., “1.0 M LiTFSI in dimethoxyethane (DME) + 1,3-dioxolane (DOL) = 1:1 volume % …” and lat","1,2-Dimethoxyethane (DME) | Amount: present as solvent in electrolyte at DME:DOL = 1:1 (v/v) (with 1.0 M LiTFSI in the solvent mixture; LiNO3 at 0–2% depending on E0/E1/E2; and LiCl in Cl-saturated el"
Verified_Li_et_al__-_2024_-_Constructing_static_two-electron_lithium-bromide_b_reactions.json,Li_et_al__-_2024_-_Constructing_static_two-electron_lithium-bromide_b,low,chemicals,chemicals[6],chem_7,"1,3-Dioxolane",True,0.93,,"The paper explicitly identifies 1,3-dioxolane (DOL) as a component of the electrolyte: “1.0 M LiTFSI in dimethoxyethane (DME) + 1,3-dioxolane (DOL) = 1:1 volume % …” (Page 2) and again in Materials an",
Verified_Li_et_al__-_2024_-_Constructing_static_two-electron_lithium-bromide_b_reactions.json,Li_et_al__-_2024_-_Constructing_static_two-electron_lithium-bromide_b,low,chemicals,chemicals[7],chem_8,Lithium nitrate,False,0.92,,"The paper discusses electrolytes E0/E1/E2 containing 1.0 M LiTFSI in DME:DOL with LiNO3 additive specified as 1% or 2% (by percentage, not molarity), and Cl− introduced via LiCl with concentration ~0.","Lithium nitrate (LiNO3) additive is given as 1% (E1) or 2% (E2) in 1.0 M LiTFSI in DME:DOL (1:1 vol%), not as 0.02 M. If a molarity is needed from the text, LiCl is ~0.04 M (Cl− source)."
Verified_Li_et_al__-_2024_-_Constructing_static_two-electron_lithium-bromide_b_reactions.json,Li_et_al__-_2024_-_Constructing_static_two-electron_lithium-bromide_b,low,chemicals,chemicals[8],chem_9,Lithium chloride,True,0.98,,"In the Materials and Methods section under “Fabrication of Cl-saturated electrolyte” (page 8), the paper states: “The concentration of LiCl was about 0.04 M.” This explicitly supports the extracted ch",
Verified_Li_et_al__-_2024_-_Constructing_static_two-electron_lithium-bromide_b_reactions.json,Li_et_al__-_2024_-_Constructing_static_two-electron_lithium-bromide_b,low,chemicals,chemicals[9],chem_10,Argon,False,0.78,contradiction_clear,"Argon (Ar) is indeed mentioned in the paper (e.g., “Ar-filled glovebox” for electrolyte preparation and multiple tests; also TGA in Ar atmosphere). However, the field/extracted value is “Argon | Amoun",If the intent is atmosphere/handling conditions: “Argon (Ar) atmosphere: Ar-filled glovebox (no amount specified).” If the intent is electrolyte composition: remove Argon; list LiCl (~0.04 M) and the 
Verified_Li_et_al__-_2024_-_Constructing_static_two-electron_lithium-bromide_b_reactions.json,Li_et_al__-_2024_-_Constructing_static_two-electron_lithium-bromide_b,low,synthesis,synthesis.steps[0].operations[0],mix,,True,0.9,,"The paper explicitly uses the synthesis operation verb “mix” in the Materials and Methods section under “Fabrication of TBABr3 cathodes”: “First, mix the active material (TBABr3 powders), polyvinylide",
Verified_Li_et_al__-_2024_-_Constructing_static_two-electron_lithium-bromide_b_reactions.json,Li_et_al__-_2024_-_Constructing_static_two-electron_lithium-bromide_b,low,synthesis,synthesis.steps[0].operations[1],coat,,False,0.87,,"The paper describes cathode fabrication steps as “poured on carbon cloth substrates” (casting/coating a slurry), but it never explicitly uses the synthesis operation term “coat” (or “coating/coated” a","If this field requires an explicitly stated operation, use wording present in the text such as “pour (slurry) on carbon cloth substrates” / “cast slurry on carbon cloth”, or leave as Not specified if "
Verified_Li_et_al__-_2024_-_Constructing_static_two-electron_lithium-bromide_b_reactions.json,Li_et_al__-_2024_-_Constructing_static_two-electron_lithium-bromide_b,low,synthesis,synthesis.steps[0].operations[2],dry,,True,0.76,,"The paper explicitly describes a drying step during electrode fabrication: “the electrode experienced a vacuum-assisted drying process at 70°C for 72 hours” (Materials and Methods, “Fabrication of TBA",
Verified_Li_et_al__-_2024_-_Constructing_static_two-electron_lithium-bromide_b_reactions.json,Li_et_al__-_2024_-_Constructing_static_two-electron_lithium-bromide_b,low,synthesis,synthesis.steps[1].operations[0],add,,False,0.9,contradiction_clear,The paper text does not specify a singular “Synthesis Operation” as “add.” While the Methods section contains phrases like “LiCl powders were slowly added…” and “introducing saturated Cl− anions… in t,"If the field is meant to capture an operation verb from the synthesis procedure, a supported phrasing would be: “slowly added (LiCl powders to electrolyte)” or “mix (active material, binder, carbon bl"
Verified_Li_et_al__-_2024_-_Constructing_static_two-electron_lithium-bromide_b_reactions.json,Li_et_al__-_2024_-_Constructing_static_two-electron_lithium-bromide_b,low,synthesis,synthesis.steps[1].operations[1],stir,,True,0.86,,"The paper explicitly describes a stirring step during cathode fabrication: “After vigorously stirring for 1 hour, a homogeneous slurry was obtained...” (Materials and Methods, Fabrication of TBABr3 ca",
Verified_Li_et_al__-_2024_-_Constructing_static_two-electron_lithium-bromide_b_reactions.json,Li_et_al__-_2024_-_Constructing_static_two-electron_lithium-bromide_b,low,synthesis,synthesis.steps[1].operations[2],settle,,False,0.97,,"The paper does not mention a synthesis operation described as “settle” or “settling.” In the Materials and Methods, relevant steps include “vigorously stirring,” “left for 72 hours to precipitate the ","If the intended operation refers to the electrolyte preparation step, a text-supported phrasing would be: “left for 72 hours to precipitate excess LiCl; supernatant extracted.”"
Verified_Li_et_al__-_2024_-_Constructing_static_two-electron_lithium-bromide_b_reactions.json,Li_et_al__-_2024_-_Constructing_static_two-electron_lithium-bromide_b,low,synthesis,synthesis.steps[1].operations[3],separate,,False,0.78,,"The paper discusses fabrication steps such as mixing, stirring, drying, adding LiCl to electrolyte, precipitating, and extracting supernatant, but it never explicitly describes a synthesis operation t","If this field is meant to capture a named operation, it is not explicitly specified. If the intent is to capture the electrolyte-preparation action, a closer text-supported operation would be ""extract"
Verified_Li_et_al__-_2024_-_Constructing_static_two-electron_lithium-bromide_b_reactions.json,Li_et_al__-_2024_-_Constructing_static_two-electron_lithium-bromide_b,low,synthesis,synthesis.steps[1].conditions,unknown,,False,0.73,,"The paper mentions Ar atmosphere only for characterization/safety contexts (e.g., TGA performed in Ar atmosphere; electrolyte preparation and cell assembly in an Ar-filled glovebox). It does not expli",Not specified (paper only notes Ar-filled glovebox for handling/assembly and Ar atmosphere for TGA measurement).
Verified_Li_et_al__-_2024_-_Constructing_static_two-electron_lithium-bromide_b_reactions.json,Li_et_al__-_2024_-_Constructing_static_two-electron_lithium-bromide_b,low,workflow,workflow.timeline[0],unknown,Fabrication of TBABr3 cathode,False,0.74,,"The paper does explicitly include a section titled “Fabrication of TBABr3 cathodes” describing how the TBABr3 cathode was made (mix TBABr3/PVDF/carbon black 7:2:1 in NMP, stir 1 hour, coat on carbon c","If the field is meant to capture a workflow step, use: “Fabrication of TBABr3 cathodes: mix TBABr3/PVDF/carbon black (7:2:1) in NMP, stir 1 h, coat on carbon cloth, vacuum-dry 70°C for 72 h; mass load"
Verified_Li_et_al__-_2024_-_Constructing_static_two-electron_lithium-bromide_b_reactions.json,Li_et_al__-_2024_-_Constructing_static_two-electron_lithium-bromide_b,low,workflow,workflow.timeline[1],unknown,Preparation of Cl-saturated electrolyte (CLE2),True,0.86,,The paper explicitly describes fabrication/preparation of a Cl−-saturated electrolyte and names the resulting electrolyte “CLE2.” In the Materials and Methods section it states: “Fabrication of Cl−-sa,
Verified_Li_et_al__-_2024_-_Constructing_static_two-electron_lithium-bromide_b_reactions.json,Li_et_al__-_2024_-_Constructing_static_two-electron_lithium-bromide_b,low,workflow,workflow.ambiguities[0],"Exact masses of TBABr3, PVDF, and carbon black not specified",,True,0.93,,"In the “Fabrication of TBABr3 cathodes” section, the paper states: “mix the active material (TBABr3 powders), polyvinylidene fluoride, and carbon black with a weight ratio of 7:2:1 in N-methylpyrrolid",
Verified_Li_et_al__-_2024_-_Constructing_static_two-electron_lithium-bromide_b_reactions.json,Li_et_al__-_2024_-_Constructing_static_two-electron_lithium-bromide_b,low,workflow,workflow.ambiguities[1],Amount of LiCl described as 'excessive' without specific value,,False,0.78,,"The paper does contain the phrase ""excessive LiCl powders were slowly added to different commercial electrolytes"" (Materials and Methods, Fabrication of Cl-saturated electrolyte), which supports that ","Revise to: ""LiCl was added in excess to saturate the electrolyte; after precipitation, the supernatant had a LiCl concentration of ~0.04 M (added mass not specified)."""
Verified_Li_et_al__-_2024_-_Constructing_static_two-electron_lithium-bromide_b_reactions.json,Li_et_al__-_2024_-_Constructing_static_two-electron_lithium-bromide_b,low,characterization,characterization[0],SEM with EDX mapping,SEM with EDX mapping,True,0.97,,The paper explicitly states that SEM with EDX elemental mapping showed a homogeneous Br distribution in TBABr3 powder: “EDX spectroscopy elemental mapping revealed a homogeneous distribution of elemen,
Verified_Li_et_al__-_2024_-_Constructing_static_two-electron_lithium-bromide_b_reactions.json,Li_et_al__-_2024_-_Constructing_static_two-electron_lithium-bromide_b,low,characterization,characterization[1],TGA,TGA,False,0.82,contradiction_clear,"The paper’s TGA statement says: “TBABr3 was capable of maintaining its weight up to 200°C” (Page 2). 200°C corresponds to ~473 K, but the text does not explicitly report 473 K. Since the extracted val","Report the thermal stability temperature as 200 °C (explicitly stated), or if Kelvin is required, note it as ~473 K converted from 200 °C."
Verified_Li_et_al__-_2024_-_Constructing_static_two-electron_lithium-bromide_b_reactions.json,Li_et_al__-_2024_-_Constructing_static_two-electron_lithium-bromide_b,low,characterization,characterization[2],Cyclic Voltammetry,Cyclic Voltammetry,True,0.98,,"Page 4 (Fig. 2C description in main text) explicitly states: “two pairs of prominent redox peaks were observed at 3.42/3.55 V and 3.68/3.85 V, coinciding with the reversible redox reaction of Br− and ",
Verified_Li_et_al__-_2024_-_Constructing_static_two-electron_lithium-bromide_b_reactions.json,Li_et_al__-_2024_-_Constructing_static_two-electron_lithium-bromide_b,low,characterization,characterization[3],Galvanostatic charge-discharge,Galvanostatic charge-discharge,True,0.93,,"The document explicitly reports all three metrics together: discharge capacity of 653 mAh g−1 (based on Br content), a voltage plateau at 3.8 V, and energy density of 2180 Wh kg−1 (also expressed as W",
Verified_Li_et_al__-_2024_-_Constructing_static_two-electron_lithium-bromide_b_reactions.json,Li_et_al__-_2024_-_Constructing_static_two-electron_lithium-bromide_b,low,characterization,characterization[4],EIS,EIS,True,0.98,,"The paper text explicitly states: “As shown in fig. S12, the charge transfer resistance (Rct) for CLE2 was estimated at 149.6 ohm…” in the EIS discussion (Page 5). This directly supports the extracted",
Verified_Li_et_al__-_2024_-_Constructing_static_two-electron_lithium-bromide_b_reactions.json,Li_et_al__-_2024_-_Constructing_static_two-electron_lithium-bromide_b,low,characterization,characterization[5],XPS,XPS,True,0.96,,"The paper’s Results section describing ex situ XPS explicitly states: “Fitted peaks also appeared at 71.8 and 73.1 eV … ascribed to positive Br+ cations” and refers to this as shown in Fig. 5A. Thus, ",
Verified_Li_et_al__-_2024_-_Constructing_static_two-electron_lithium-bromide_b_reactions.json,Li_et_al__-_2024_-_Constructing_static_two-electron_lithium-bromide_b,low,characterization,characterization[6],In situ Raman,In situ Raman,True,0.97,,The source text explicitly states (in the paragraph describing Fig. 5C) that in situ Raman shows “a new Raman peak emerged at 260 to 290 cm−1 when the voltage reached 3.6 V.” This directly supports th,
Verified_Li_et_al__-_2024_-_Constructing_static_two-electron_lithium-bromide_b_reactions.json,Li_et_al__-_2024_-_Constructing_static_two-electron_lithium-bromide_b,low,analysis,analysis.methods[0],unknown,,False,0.35,,"The paper explicitly describes multiple analysis/characterization methods (e.g., SEM with EDX elemental mapping, thermogravimetric analysis (TGA), ex situ XPS, in situ Raman spectroscopy, electrochemi","Populate the field with the analysis methods stated in the paper, e.g., ""SEM-EDX; TGA; XPS; in situ Raman; EIS (including in situ EIS); CV; LSV; GCD; GITT; DFT (VASP)""."
Verified_Li_et_al__-_2024_-_Constructing_static_two-electron_lithium-bromide_b_reactions.json,Li_et_al__-_2024_-_Constructing_static_two-electron_lithium-bromide_b,low,final_outcomes,final_outcomes,unknown,,True,0.98,,"The paper explicitly states the battery stability/cycle life as 1000 cycles in multiple places: Page 1 notes ""the battery functioning for 1000 cycles"" and Page 5 reports reversible operation ""more tha",
Verified_Liu_et_al__-_2021_-_In_situ_formation_of_a_Li_3_N-ri_reactions.json,Liu_et_al__-_2021_-_In_situ_formation_of_a_Li_3_N-ri,low,targets,targets[0],target_1,"Li6+xPS5−xNxCl (LPSNC-x, 0 ≤ x ≤ 1)",False,0.92,,"The extracted value for “Target Formula” is blank. The paper explicitly states target compositions/formulas for the synthesized materials, e.g., “Li6+xPS5−xNxCl (or LPSNC-x, x = 0, 0.125, 0.25, 0.375,","Li6+xPS5−xNxCl (LPSNC-x; x = 0, 0.125, 0.25, 0.375, 0.5, 0.75, 1). If a single target is required: Li6.25PS4.75N0.25Cl (LPSNC-0.25)."
Verified_Liu_et_al__-_2021_-_In_situ_formation_of_a_Li_3_N-ri_reactions.json,Liu_et_al__-_2021_-_In_situ_formation_of_a_Li_3_N-ri,low,targets,targets[1],target_2,Li6PS5Cl (LPSC),False,0.92,,"The document explicitly gives target compositions/formulas for the synthesized materials (e.g., “Li6+xPS5−xNxCl (or LPSNC-x, x = 0, 0.125, 0.25, 0.375, 0.5, 0.75, 1)” in the Experimental – Preparation","Li6+xPS5−xNxCl (LPSNC-x; x = 0, 0.125, 0.25, 0.375, 0.5, 0.75, 1). (Example composition: Li6.25PS4.75N0.25Cl for x = 0.25)"
Verified_Liu_et_al__-_2021_-_In_situ_formation_of_a_Li_3_N-ri_reactions.json,Liu_et_al__-_2021_-_In_situ_formation_of_a_Li_3_N-ri,low,targets,targets[2],target_3,LCO/Li6PS5Cl composite cathode,False,0.92,,"The extracted value for “Target Formula” is blank. The paper explicitly states multiple target material formulas in the Experimental/Preparation of materials section, including the general nitrogen-do","Li6+xPS5−xNxCl (LPSNC-x); e.g., Li6.25PS4.75N0.25Cl for LPSNC-0.25"
Verified_Liu_et_al__-_2021_-_In_situ_formation_of_a_Li_3_N-ri_reactions.json,Liu_et_al__-_2021_-_In_situ_formation_of_a_Li_3_N-ri,low,chemicals,chemicals[0],chem_1,Lithium sulfide,False,0.9,,"In the “Preparation of materials” section, the paper lists starting materials as Li2S, P2S5, LiCl, and Li3N. It states: “The total mass of the powder mixture was 2 g.” This 2 g refers to the total mix",Chemical identity: Li2S (lithium sulfide); Amount: not specified (only total starting powder mixture mass = 2 g).
Verified_Liu_et_al__-_2021_-_In_situ_formation_of_a_Li_3_N-ri_reactions.json,Liu_et_al__-_2021_-_In_situ_formation_of_a_Li_3_N-ri,low,chemicals,chemicals[1],chem_2,Phosphorus pentasulfide,False,0.95,,"In the “Experimental – Preparation of materials” section, the starting materials listed include Li2S, P2S5, LiCl, and Li3N. It states: “The total mass of the powder mixture was 2 g.” This 2 g refers t",Phosphorus pentasulfide (P2S5) | Amount: Not specified (individual amount). The paper only specifies total powder mixture mass = 2 g.
Verified_Liu_et_al__-_2021_-_In_situ_formation_of_a_Li_3_N-ri_reactions.json,Liu_et_al__-_2021_-_In_situ_formation_of_a_Li_3_N-ri,low,chemicals,chemicals[2],chem_3,Lithium chloride,False,0.92,,"In the Experimental – Preparation of materials section, LiCl is listed as a starting material, but no mass amount for LiCl is given. The only explicit “2 g” stated is: “The total mass of the powder mi","Lithium chloride (LiCl) is used as a starting material (99.9%, anhydrous, Alfa Aesar); amount not specified. Alternatively: Total mass of the powder mixture (Li2S + P2S5 + LiCl + Li3N) = 2 g."
Verified_Liu_et_al__-_2021_-_In_situ_formation_of_a_Li_3_N-ri_reactions.json,Liu_et_al__-_2021_-_In_situ_formation_of_a_Li_3_N-ri,low,chemicals,chemicals[3],chem_4,Lithium nitride,False,0.82,,"In the “Preparation of materials” section, the paper states that the starting materials include Li3N and that “The total mass of the powder mixture was 2 g.” This 2 g refers to the total mixed startin",Lithium nitride (Li3N) is used as a starting material; amount not specified (only total powder mixture mass = 2 g).
Verified_Liu_et_al__-_2021_-_In_situ_formation_of_a_Li_3_N-ri_reactions.json,Liu_et_al__-_2021_-_In_situ_formation_of_a_Li_3_N-ri,low,chemicals,chemicals[4],chem_5,Lithium cobalt oxide,True,0.83,,"The paper mentions lithium cobalt oxide (LiCoO2, LCO) as the cathode material (e.g., “commercial LCO” and “ASSLMBs employing LiCoO2 (LCO) as the cathode”). However, the document does not provide a sta",
Verified_Liu_et_al__-_2021_-_In_situ_formation_of_a_Li_3_N-ri_reactions.json,Liu_et_al__-_2021_-_In_situ_formation_of_a_Li_3_N-ri,low,chemicals,chemicals[5],chem_6,Argon,True,0.92,,"The paper explicitly states that the preparation/assembly steps were conducted in an “argon-filled” environment (argon gas filled zirconia pot; argon-filled glovebox). However, the text does not provi",
Verified_Liu_et_al__-_2021_-_In_situ_formation_of_a_Li_3_N-ri_reactions.json,Liu_et_al__-_2021_-_In_situ_formation_of_a_Li_3_N-ri,low,chemicals,chemicals[6],chem_7,Lithium metal,True,0.96,,"The paper repeatedly states the use of lithium metal/foil (e.g., “Two pieces of lithium metal were subsequently pressed…” and “Li foil … was placed…” in the “Cell assembly and electrochemical measurem",
Verified_Liu_et_al__-_2021_-_In_situ_formation_of_a_Li_3_N-ri_reactions.json,Liu_et_al__-_2021_-_In_situ_formation_of_a_Li_3_N-ri,low,synthesis,synthesis.steps[0].operations[0],weigh,,True,0.98,,The paper explicitly describes a weighing step in the synthesis procedure: in the 'Preparation of materials' section it states the starting materials 'were weighed stoichiometrically' before ball mill,
Verified_Liu_et_al__-_2021_-_In_situ_formation_of_a_Li_3_N-ri_reactions.json,Liu_et_al__-_2021_-_In_situ_formation_of_a_Li_3_N-ri,low,synthesis,synthesis.steps[0].operations[1],mix,,False,0.67,,"The paper does not explicitly state a synthesis operation described as ""mix"". It describes specific preparation steps such as weighing stoichiometrically, placing powders in a zirconia pot, mechanical","If the intent is the operation used during preparation, a supported value would be: ""mechanically milled (high-energy ball milling)""; alternatively for the cathode composite specifically: ""mixing by h"
Verified_Liu_et_al__-_2021_-_In_situ_formation_of_a_Li_3_N-ri_reactions.json,Liu_et_al__-_2021_-_In_situ_formation_of_a_Li_3_N-ri,low,synthesis,synthesis.steps[0].conditions,unknown,,False,0.78,,The paper does not state a single “synthesis temperature” of 298 K. The synthesis step explicitly states the ball-milled powder was “heated at 823 K for 5 h” to yield the final product. The only 298 K,823 K (heat treatment temperature used to synthesize the final argyrodite product; heated at 823 K for 5 h).
Verified_Liu_et_al__-_2021_-_In_situ_formation_of_a_Li_3_N-ri_reactions.json,Liu_et_al__-_2021_-_In_situ_formation_of_a_Li_3_N-ri,low,synthesis,synthesis.steps[1].operations[0],mill,,True,0.86,,"The paper explicitly describes a mechanical milling step during electrolyte synthesis: “The mixture was mechanically milled using a high energy ball milling apparatus (Retch, Emax) at 510 rpm for 13 h",
Verified_Liu_et_al__-_2021_-_In_situ_formation_of_a_Li_3_N-ri_reactions.json,Liu_et_al__-_2021_-_In_situ_formation_of_a_Li_3_N-ri,low,synthesis,synthesis.steps[1].conditions,unknown,,False,0.78,,"The paper does not state a single “synthesis temperature” of 298 K. Instead, it reports that the ball-milled powder was “heated at 823 K for 5 h” to yield the final argyrodite product. The value 298 K",823 K (heated for 5 h)
Verified_Liu_et_al__-_2021_-_In_situ_formation_of_a_Li_3_N-ri_reactions.json,Liu_et_al__-_2021_-_In_situ_formation_of_a_Li_3_N-ri,low,synthesis,synthesis.steps[2].operations[0],seal,,True,0.78,,"The paper explicitly states that after ball milling, “the resulting ball-milled powder was sealed in a quartz tube and heated at 823 K for 5 h” (Experimental – Preparation of materials). This supports",
Verified_Liu_et_al__-_2021_-_In_situ_formation_of_a_Li_3_N-ri_reactions.json,Liu_et_al__-_2021_-_In_situ_formation_of_a_Li_3_N-ri,low,synthesis,synthesis.steps[2].operations[1],heat,,True,0.62,,"The paper explicitly describes a heating step in the synthesis: after ball milling, the powder was “sealed in a quartz tube and heated at 823 K for 5 h to yield the final argyrodite product” (Experime",
Verified_Liu_et_al__-_2021_-_In_situ_formation_of_a_Li_3_N-ri_reactions.json,Liu_et_al__-_2021_-_In_situ_formation_of_a_Li_3_N-ri,low,synthesis,synthesis.steps[3].operations[0],mix,,False,0.78,,The paper does not explicitly describe a synthesis operation as “mix”. In the experimental section it states the starting materials were “weighed stoichiometrically” and the “mixture was mechanically ,If the intent is the electrolyte synthesis operation: “mechanical milling (ball milling) followed by heating/annealing (solid-state reaction)”. If the intent is the cathode composite preparation: “mix
Verified_Liu_et_al__-_2021_-_In_situ_formation_of_a_Li_3_N-ri_reactions.json,Liu_et_al__-_2021_-_In_situ_formation_of_a_Li_3_N-ri,low,synthesis,synthesis.steps[3].conditions,unknown,,False,0.86,contradiction_clear,"The paper does mention 298 K, but only as the lower bound of the temperature range used for temperature-dependent ionic conductivity measurements (“between 298 K and 338 K”). The synthesis/heat-treatm",823 K (heated at 823 K for 5 h to yield the final argyrodite product)
Verified_Liu_et_al__-_2021_-_In_situ_formation_of_a_Li_3_N-ri_reactions.json,Liu_et_al__-_2021_-_In_situ_formation_of_a_Li_3_N-ri,low,workflow,workflow.timeline[0],unknown,Weigh and mix precursors under Ar atmosphere.,False,0.92,,"The paper describes weighing starting materials stoichiometrically and conducting all assembly/preparation steps in an argon-filled glovebox (Page 2, Experimental: Preparation of materials; and later ","Weighed starting materials stoichiometrically, placed them in an argon gas-filled zirconia pot, and mechanically milled; preparation/assembling was conducted in an argon-filled glovebox."
Verified_Liu_et_al__-_2021_-_In_situ_formation_of_a_Li_3_N-ri_reactions.json,Liu_et_al__-_2021_-_In_situ_formation_of_a_Li_3_N-ri,low,workflow,workflow.timeline[1],unknown,Ball-mill mixture at 510 rpm for 13 h.,True,0.99,,"The Experimental section (Preparation of materials, Page 2) explicitly states: “The mixture was mechanically milled using a high energy ball milling apparatus (Retch, Emax) at 510 rpm for 13 h.” This ",
Verified_Liu_et_al__-_2021_-_In_situ_formation_of_a_Li_3_N-ri_reactions.json,Liu_et_al__-_2021_-_In_situ_formation_of_a_Li_3_N-ri,low,workflow,workflow.timeline[2],unknown,Anneal milled powder at 823 K for 5 h in sealed quartz tube to obtain LPSNC-x electrolyte.,True,0.97,,"The Experimental section (Page 2, “Preparation of materials”) explicitly states: after mechanical milling (510 rpm, 13 h), “the resulting ball-milled powder was sealed in a quartz tube and heated at 8",
Verified_Liu_et_al__-_2021_-_In_situ_formation_of_a_Li_3_N-ri_reactions.json,Liu_et_al__-_2021_-_In_situ_formation_of_a_Li_3_N-ri,low,workflow,workflow.timeline[3],unknown,Hand-mix LCO and Li6PS5Cl (7:3) for cathode composite.,True,0.98,,The paper explicitly states in the Experimental section (Preparation of materials) that the “LCO/Li6PS5Cl cathode composite was prepared via mixing commercial LCO and the as-prepared Li6PS5Cl electrol,
Verified_Liu_et_al__-_2021_-_In_situ_formation_of_a_Li_3_N-ri_reactions.json,Liu_et_al__-_2021_-_In_situ_formation_of_a_Li_3_N-ri,low,workflow,workflow.ambiguities[0],Exact stoichiometric masses of individual precursors not provided.,,True,0.93,,"The paper states in the Experimental/Preparation section that the starting materials (Li2S, P2S5, LiCl, Li3N) were “weighed stoichiometrically” and gives only the total powder mass (“The total mass of",
Verified_Liu_et_al__-_2021_-_In_situ_formation_of_a_Li_3_N-ri_reactions.json,Liu_et_al__-_2021_-_In_situ_formation_of_a_Li_3_N-ri,low,workflow,workflow.ambiguities[1],Thickness of electrolyte pellets approximated as “≈1 mm”; explicit value not given.,,True,0.96,,"The paper explicitly states the pellet thickness as an approximate value: “150 mg of LPSNC-x electrolyte powder was pressed into a pellet (10 mm in diameter, ~1 mm in thickness) …” in the Ionic conduc",
Verified_Liu_et_al__-_2021_-_In_situ_formation_of_a_Li_3_N-ri_reactions.json,Liu_et_al__-_2021_-_In_situ_formation_of_a_Li_3_N-ri,low,characterization,characterization[0],XRD,XRD,False,0.78,,"The paper’s XRD results do not say “cubic argyrodite phase confirmed for x ≤ 0.25.” Instead, it reports that the argyrodite phase remains the major phase up to x = 0.25 but with slight impurities at x","phase identification: XRD shows Li6PS5Cl (x=0) is single-phase argyrodite (ICSD #259205); at low N doping (x=0.125, 0.25) argyrodite remains the major phase but slight Li2S and LiCl impurities are obs"
Verified_Liu_et_al__-_2021_-_In_situ_formation_of_a_Li_3_N-ri_reactions.json,Liu_et_al__-_2021_-_In_situ_formation_of_a_Li_3_N-ri,low,characterization,characterization[1],Raman spectroscopy,Raman spectroscopy,True,0.95,,"The paper explicitly states in the Raman discussion (Page 4) that all samples (except x = 1) show “a peak at around 425 cm−1,” identified as the fingerprint of the A1 symmetric stretching vibration of",
Verified_Liu_et_al__-_2021_-_In_situ_formation_of_a_Li_3_N-ri_reactions.json,Liu_et_al__-_2021_-_In_situ_formation_of_a_Li_3_N-ri,low,characterization,characterization[2],SEM-EDS,SEM-EDS,True,0.97,,"The paper explicitly states that the SEM image and EDS mapping of Li6.25PS4.75N0.25Cl (LPSNC-0.25) (Fig. S1†) show a uniform distribution of each element (S, P, N, and Cl). This directly supports the ",
Verified_Liu_et_al__-_2021_-_In_situ_formation_of_a_Li_3_N-ri_reactions.json,Liu_et_al__-_2021_-_In_situ_formation_of_a_Li_3_N-ri,low,characterization,characterization[3],EIS,EIS,True,0.97,,Supported in Results & discussion around Fig. 2. The text states: “The Li6PS5Cl SE without N doping exhibits a high s of 3.86 mS cm−1” (ionic conductivity for x=0). It also states: “The calculated act,
Verified_Liu_et_al__-_2021_-_In_situ_formation_of_a_Li_3_N-ri_reactions.json,Liu_et_al__-_2021_-_In_situ_formation_of_a_Li_3_N-ri,low,characterization,characterization[4],Galvanostatic cycling (Li/Li symmetric),Galvanostatic cycling (Li/Li symmetric),True,0.97,,Both extracted metrics are explicitly stated in the paper’s galvanostatic Li/Li symmetric-cell results around Fig. 3. The text reports (i) CCD for optimized LPSNC-0.25 reaches 1.52 mA cm−2 at room tem,
Verified_Liu_et_al__-_2021_-_In_situ_formation_of_a_Li_3_N-ri_reactions.json,Liu_et_al__-_2021_-_In_situ_formation_of_a_Li_3_N-ri,low,characterization,characterization[5],Cyclic voltammetry,Cyclic voltammetry,False,0.98,,The paper explicitly reports cyclic voltammetry under “Cell assembly and electrochemical measurements”: “Cyclic voltammetry was conducted with a sweep rate of 0.1 mV s−1 in the voltage range of 0–5 V”,"Report that cyclic voltammetry was performed; e.g., ""Cyclic voltammetry (0.1 mV s−1, 0–5 V)"" (cell: Li|LPSC|LPSC(or LPSNC-0.25)+C semi-blocking)"
Verified_Liu_et_al__-_2021_-_In_situ_formation_of_a_Li_3_N-ri_reactions.json,Liu_et_al__-_2021_-_In_situ_formation_of_a_Li_3_N-ri,low,characterization,characterization[6],Galvanostatic charge-discharge (full cell),Galvanostatic charge-discharge (full cell),True,0.98,,"The full text (Results discussion around Fig. 6) explicitly reports: (1) “The specific capacity of the first discharge is 114.6 mA h g−1” at 0.05C, and (2) “The reversible specific capacity maintains ",
Verified_Liu_et_al__-_2021_-_In_situ_formation_of_a_Li_3_N-ri_reactions.json,Liu_et_al__-_2021_-_In_situ_formation_of_a_Li_3_N-ri,low,characterization,characterization[7],XPS,XPS,True,0.97,,"The paper explicitly states (in the Results/discussion section describing XPS, referring to Fig. 5) that XPS measurements on the Li/LPSNC-0.25 interface after cycling confirm an SEI composed of Li2S, ",
Verified_Liu_et_al__-_2021_-_In_situ_formation_of_a_Li_3_N-ri_reactions.json,Liu_et_al__-_2021_-_In_situ_formation_of_a_Li_3_N-ri,low,analysis,analysis.methods[0],unknown,,False,0.25,,"The paper explicitly lists several analysis/characterization methods (e.g., XRD, Raman, SEM/EDS, XPS) and computational DFT, but the extracted value for “Analysis Method” is blank/empty. Since the doc","Report the analysis methods mentioned under “Characterization methods” and “Computation details”, e.g., Powder X-ray diffraction (XRD), Raman spectroscopy, SEM with EDS mapping, XPS, and DFT calculati"
Verified_Liu_et_al__-_2021_-_In_situ_formation_of_a_Li_3_N-ri_reactions.json,Liu_et_al__-_2021_-_In_situ_formation_of_a_Li_3_N-ri,low,final_outcomes,final_outcomes,unknown,,False,0.9,,The paper does not report a cycle life value of 100 (as a generic number). The only explicit “100” related to cycling is that the full cell retains capacity “after 100 cycles” and the symmetric cell r,"If the intended metric is full-cell cycle life, the text supports: “after 100 cycles” (full cell at 0.1C). If the intended metric is symmetric-cell stability, the text supports: “over 1000 h” (not cyc"
Verified_Luo_et_al__-_2022_-_Nickel-rich_and_cobalt-free_layered_oxide_cathode__reactions.json,Luo_et_al__-_2022_-_Nickel-rich_and_cobalt-free_layered_oxide_cathode_,low,targets,targets[0],target_1,LiNiO2,True,0.98,,"The paper explicitly discusses the cathode material LiNiO2 repeatedly (e.g., Section 1.1 titled “LiNiO2 cathode material” on Page 2, and many subsequent mentions). Thus the target formula LiNiO2 is su",
Verified_Luo_et_al__-_2022_-_Nickel-rich_and_cobalt-free_layered_oxide_cathode__reactions.json,Luo_et_al__-_2022_-_Nickel-rich_and_cobalt-free_layered_oxide_cathode_,low,targets,targets[1],target_2,LiNi0.975Ti0.025O2,False,0.98,contradiction_clear,"The full text explicitly mentions the target composition as LiNi0.975Ti0.025O2 (e.g., in the Solid-state synthesis section discussing Kim et al. [75] and later in the molten salt section). It does not",
Verified_Luo_et_al__-_2022_-_Nickel-rich_and_cobalt-free_layered_oxide_cathode__reactions.json,Luo_et_al__-_2022_-_Nickel-rich_and_cobalt-free_layered_oxide_cathode_,low,targets,targets[2],target_3,LiNi0.96Mg0.02Ti0.02O2,True,0.99,,"The full text explicitly includes the target formula LiNi0.96Mg0.02Ti0.02O2 when discussing Mg/Ti multiple-elements doping and citing Mu et al. [83]. Specifically, it states: “the detailed electrochem",
Verified_Luo_et_al__-_2022_-_Nickel-rich_and_cobalt-free_layered_oxide_cathode__reactions.json,Luo_et_al__-_2022_-_Nickel-rich_and_cobalt-free_layered_oxide_cathode_,low,chemicals,chemicals[0],chem_1,Ni(OH)2,True,0.94,,"The paper mentions Ni(OH)2 multiple times (e.g., “a Ni(OH)2 precursor is mixed uniformly with LiOH…” citing Ref. [20]; and in the solid-state synthesis section: “Kim et al. [75]… LiOH, Ni(OH)2, and Ti",
Verified_Luo_et_al__-_2022_-_Nickel-rich_and_cobalt-free_layered_oxide_cathode__reactions.json,Luo_et_al__-_2022_-_Nickel-rich_and_cobalt-free_layered_oxide_cathode_,low,chemicals,chemicals[1],chem_2,LiOH,True,0.93,,"The paper repeatedly mentions LiOH as a lithium source/reagent but does not provide a specific amount (mass, molarity, equivalents, or ratio) for LiOH in the review text. Examples include: “Commonly u",
Verified_Luo_et_al__-_2022_-_Nickel-rich_and_cobalt-free_layered_oxide_cathode__reactions.json,Luo_et_al__-_2022_-_Nickel-rich_and_cobalt-free_layered_oxide_cathode_,low,chemicals,chemicals[2],chem_3,TiO2,True,0.95,,"The paper explicitly mentions TiO2 as a raw material in Ref. 75 (Kim et al. [75]) for solid-state synthesis: “LiOH, Ni(OH)2, and TiO2 were used as raw materials.” However, the text does not specify an",
Verified_Luo_et_al__-_2022_-_Nickel-rich_and_cobalt-free_layered_oxide_cathode__reactions.json,Luo_et_al__-_2022_-_Nickel-rich_and_cobalt-free_layered_oxide_cathode_,low,synthesis,synthesis.steps[0].operations[0],mix,,True,0.92,,The source text explicitly describes solid-state synthesis as involving “a simple mechanical means of mixing and refining raw materials” and repeatedly uses phrases like “mixed uniformly” and “mixed …,
Verified_Luo_et_al__-_2022_-_Nickel-rich_and_cobalt-free_layered_oxide_cathode__reactions.json,Luo_et_al__-_2022_-_Nickel-rich_and_cobalt-free_layered_oxide_cathode_,low,synthesis,synthesis.steps[0].operations[1],heat,,True,0.78,,"The paper repeatedly describes synthesis steps involving heating/heat treatment/calcination/sintering at elevated temperatures (e.g., “high-temperature solid-phase sintering,” “heated at 700 °C for 20",
Verified_Luo_et_al__-_2022_-_Nickel-rich_and_cobalt-free_layered_oxide_cathode__reactions.json,Luo_et_al__-_2022_-_Nickel-rich_and_cobalt-free_layered_oxide_cathode_,low,synthesis,synthesis.steps[0].operations[2],grind,,True,0.78,,"The source text explicitly mentions a grinding step: “removed for manual grinding, ground powder is heated…” in the described LiNiO2 preparation process (Section 1.3.1, page 6). This supports that a s",
Verified_Luo_et_al__-_2022_-_Nickel-rich_and_cobalt-free_layered_oxide_cathode__reactions.json,Luo_et_al__-_2022_-_Nickel-rich_and_cobalt-free_layered_oxide_cathode_,low,synthesis,synthesis.steps[0].operations[3],heat,,True,0.77,,"The paper repeatedly describes synthesis steps involving heating/sintering/calcination (i.e., applying heat) as core operations in preparing these cathode materials (e.g., “preheated at 485 °C… heated",
Verified_Luo_et_al__-_2022_-_Nickel-rich_and_cobalt-free_layered_oxide_cathode__reactions.json,Luo_et_al__-_2022_-_Nickel-rich_and_cobalt-free_layered_oxide_cathode_,low,synthesis,synthesis.steps[0].operations[4],heat,,True,0.78,,"The paper repeatedly describes synthesis routes involving heating/high-temperature treatment (e.g., “high-temperature solid-phase sintering,” “high-temperature calcination,” “preheated at 485 °C… heat",
Verified_Luo_et_al__-_2022_-_Nickel-rich_and_cobalt-free_layered_oxide_cathode__reactions.json,Luo_et_al__-_2022_-_Nickel-rich_and_cobalt-free_layered_oxide_cathode_,low,synthesis,synthesis.steps[0].conditions,unknown,,True,0.92,,"The paper explicitly states “sintering atmosphere is O2” in Section 1.3.1 (page 6), and multiple synthesis examples in Section 2 also report calcination/sintering “in O2 atmosphere.” Therefore, the ex",
Verified_Luo_et_al__-_2022_-_Nickel-rich_and_cobalt-free_layered_oxide_cathode__reactions.json,Luo_et_al__-_2022_-_Nickel-rich_and_cobalt-free_layered_oxide_cathode_,low,synthesis,synthesis.steps[1].operations[0],ball_mill,,True,0.97,,"The paper explicitly mentions ball milling as part of a solid-state synthesis example: “After ball milling for 24 h, sintered at 750 °C/30 h in O2 atmosphere.” (Section 2.1 Solid-state synthesis, desc",
Verified_Luo_et_al__-_2022_-_Nickel-rich_and_cobalt-free_layered_oxide_cathode__reactions.json,Luo_et_al__-_2022_-_Nickel-rich_and_cobalt-free_layered_oxide_cathode_,low,synthesis,synthesis.steps[1].operations[1],sinter,,True,0.86,,"The paper explicitly mentions sintering multiple times as part of synthesis processes (e.g., 'during sintering', 'High-temperature solid-phase sintering', 'sintered at 750 °C/30 h in O2 atmosphere', e",
Verified_Luo_et_al__-_2022_-_Nickel-rich_and_cobalt-free_layered_oxide_cathode__reactions.json,Luo_et_al__-_2022_-_Nickel-rich_and_cobalt-free_layered_oxide_cathode_,low,synthesis,synthesis.steps[1].conditions,unknown,,True,0.95,,"The paper explicitly mentions an oxygen synthesis atmosphere multiple times, e.g., “sintering atmosphere is O2” (Page 6) and several examples of materials “sintered … in O2 atmosphere” (Pages 8–9). Th",
Verified_Luo_et_al__-_2022_-_Nickel-rich_and_cobalt-free_layered_oxide_cathode__reactions.json,Luo_et_al__-_2022_-_Nickel-rich_and_cobalt-free_layered_oxide_cathode_,low,workflow,workflow.timeline[0],unknown,Synthesis of LiNiO2 via staged calcination,False,0.33,,The paper discusses LiNiO2 synthesis and mentions multi-stage behavior in an in-situ synthesis description (stages 1–final stage) and gives an example of a staged heating/calcination schedule in a cit,"If you want a text-supported statement: ""LiNiO2 synthesis can involve multiple heating stages (e.g., preheating at 485 °C with intermediate grinding, followed by calcination at 700 °C in O2)"" (from Se"
Verified_Luo_et_al__-_2022_-_Nickel-rich_and_cobalt-free_layered_oxide_cathode__reactions.json,Luo_et_al__-_2022_-_Nickel-rich_and_cobalt-free_layered_oxide_cathode_,low,workflow,workflow.timeline[1],unknown,Synthesis of Ti-doped LiNiO2 via ball milling and high-temp sintering,False,0.72,,The paper is a review and does not describe a single specific “workflow timeline” for synthesizing Ti-doped LiNiO2 as “via ball milling and high-temp sintering” in a general sense. While it does menti,"If the intent is to capture the specific synthesis route reported in the review: “Kim et al. [75] prepared LiNi1−xTixO2 by ball milling LiOH, Ni(OH)2, and TiO2 for 24 h, then sintering at 750 °C for 3"
Verified_Luo_et_al__-_2022_-_Nickel-rich_and_cobalt-free_layered_oxide_cathode__reactions.json,Luo_et_al__-_2022_-_Nickel-rich_and_cobalt-free_layered_oxide_cathode_,low,workflow,workflow.ambiguities[0],missing reactant quantities,,True,0.95,,"The paper explicitly contains the excerpt and describes the synthesis step without giving reactant quantities: “In a previous study [20], a Ni(OH)2 precursor is mixed uniformly with LiOH…” followed by",
Verified_Luo_et_al__-_2022_-_Nickel-rich_and_cobalt-free_layered_oxide_cathode__reactions.json,Luo_et_al__-_2022_-_Nickel-rich_and_cobalt-free_layered_oxide_cathode_,low,workflow,workflow.ambiguities[1],dopant level unspecified for general synthesis in step_2 (only example x=0.025 used),,False,0.83,,"The cited excerpt ""LiNi1−xTixO2 (0.025≤x≤0.2) materials"" (Ref. 75) does not support the claim that the dopant level is unspecified for the general synthesis and that only an example x=0.025 is used. I","Revise issue to: ""General dopant range specified (x=0.025–0.2) but only one specific performance example is reported for x=0.025 (LiNi0.975Ti0.025O2)."""
Verified_Luo_et_al__-_2022_-_Nickel-rich_and_cobalt-free_layered_oxide_cathode__reactions.json,Luo_et_al__-_2022_-_Nickel-rich_and_cobalt-free_layered_oxide_cathode_,low,characterization,characterization[0],electrochemical testing,electrochemical testing,False,0.7,,The review text does mention a discharge capacity of 225 mAh g−1 for LiNiO2 (LNO) in the context of comparing LiNiO2 vs Mg/Ti-doped LiNiO2 (“LiNiO2 (225 mAh g−1)”) in the discussion of Mu et al. [83].,"Update provenance and conditions to match the text: e.g., “LiNiO2 discharge capacity: 225 mAh g−1 (reported in discussion of Mg/Ti-doped LiNiO2 comparison; associated with Mu et al. [83]; rate not spe"
Verified_Luo_et_al__-_2022_-_Nickel-rich_and_cobalt-free_layered_oxide_cathode__reactions.json,Luo_et_al__-_2022_-_Nickel-rich_and_cobalt-free_layered_oxide_cathode_,low,characterization,characterization[1],electrochemical testing,electrochemical testing,True,0.98,,"The review explicitly reports both capacities with the cited references. In Section 2.1 (Solid-state synthesis), it states: “The LiNi0.0975Ti0.025O2 showed a capacity of 235 mAh g−1 …” and attributes ",
Verified_Luo_et_al__-_2022_-_Nickel-rich_and_cobalt-free_layered_oxide_cathode__reactions.json,Luo_et_al__-_2022_-_Nickel-rich_and_cobalt-free_layered_oxide_cathode_,low,characterization,characterization[2],electrochemical testing,electrochemical testing,True,0.97,,The review explicitly reports for Mg/Ti co-doped LiNiO2 (LiNi0.96Mg0.02Ti0.02O2) that its discharge capacity is 208 mAh g−1 (described in the discussion of Mu et al. [83]) and also tabulates its cycli,
Verified_Luo_et_al__-_2022_-_Nickel-rich_and_cobalt-free_layered_oxide_cathode__reactions.json,Luo_et_al__-_2022_-_Nickel-rich_and_cobalt-free_layered_oxide_cathode_,low,final_outcomes,final_outcomes,unknown,,False,0.95,,"The review paper discusses cycle life generally and reports many cycle counts (e.g., 20, 25, 30, 80, 100, 200, 350, 400, 500, 1000 cycles) in specific cited examples/tables, but it does not state a si","If the intent is a specific reported cycle count, the text explicitly supports several alternatives (e.g., 200 cycles; 150 cycles appears only as '90% (150 cycles at 0.5 C)' for LiNi0.96Mg0.02Ti0.02O2"
Verified_Luo_et_al__-_A_chemically_stabilized_sulfur_cathode_for_lean_el_reactions.json,Luo_et_al__-_A_chemically_stabilized_sulfur_cathode_for_lean_el,low,targets,targets[0],target_1,CPAPN–S composite,False,0.86,,"The paper discusses several materials/composites (e.g., CPAPN–S, CPAN–S, CPTCDA–S) and provides synthesis ratios and elemental composition, but it does not explicitly state a single “Target Formula” i","If the intended target is the cathode/composite identity, use “CPAPN–S (carbonized PTCDA–PAN–S composite; carbon/small sulfur composite)” rather than a chemical formula. If a true chemical formula is "
Verified_Luo_et_al__-_A_chemically_stabilized_sulfur_cathode_for_lean_el_reactions.json,Luo_et_al__-_A_chemically_stabilized_sulfur_cathode_for_lean_el,low,targets,targets[1],target_2,CPAN–S composite,False,0.9,,The extracted value for “Target Formula” is blank. The paper explicitly identifies the sulfur cathode material/composite as “CPAPN–S composite” (carbonized PTCDA–PAN–S) throughout the Results and Meth,CPAPN–S (carbonized PTCDA–PAN–S; a carbon/small-sulfur composite derived from PTCDA+PAN+sulfur).
Verified_Luo_et_al__-_A_chemically_stabilized_sulfur_cathode_for_lean_el_reactions.json,Luo_et_al__-_A_chemically_stabilized_sulfur_cathode_for_lean_el,low,targets,targets[2],target_3,CPTCDA–S composite,False,0.95,,"The field 'Target Formula' has an empty extracted value, but the paper clearly specifies the composition/formula of the target cathode material as the CPAPN–S carbon/small-sulfur composite (carbonized","Target Formula: CPAPN–S (carbonized PTCDA–PAN–S carbon/small-sulfur composite; elemental composition ~60 wt% S, 28 wt% C, 2 wt% N, 8 wt% O)."
Verified_Luo_et_al__-_A_chemically_stabilized_sulfur_cathode_for_lean_el_reactions.json,Luo_et_al__-_A_chemically_stabilized_sulfur_cathode_for_lean_el,low,chemicals,chemicals[0],chem_1,Sulfur,False,0.9,,"The paper explicitly specifies sulfur amounts/composition in multiple places, so the statement ""Amount: Not specified in text"" is incorrect. In Materials and Methods, sulfur is mixed with PTCDA and PA",Sulfur | Amount: mixed with PTCDA and PAN at 5:1:1 by weight (Materials and Methods); CPAPN–S composite contains 60 wt% sulfur (elemental analysis/TG discussion).
Verified_Luo_et_al__-_A_chemically_stabilized_sulfur_cathode_for_lean_el_reactions.json,Luo_et_al__-_A_chemically_stabilized_sulfur_cathode_for_lean_el,low,chemicals,chemicals[1],chem_2,"Perylene-3,4,9,10-tetracarboxylic dianhydride (PTCDA)",True,0.93,,"The paper explicitly identifies the chemical as perylene-3,4,9,10-tetracarboxylic dianhydride (PTCDA) in the Results section (page 2) and again in Materials and Methods (page 7). The specific standalo",
Verified_Luo_et_al__-_A_chemically_stabilized_sulfur_cathode_for_lean_el_reactions.json,Luo_et_al__-_A_chemically_stabilized_sulfur_cathode_for_lean_el,low,chemicals,chemicals[2],chem_3,Polyacrylonitrile (PAN),True,0.93,,"The paper explicitly identifies polyacrylonitrile (PAN) as a nitrogen-rich polymer used as a carbon precursor (e.g., Page 2: “a nitrogen-rich polymer (polyacrylonitrile, PAN) as carbon precursors”; Pa",
Verified_Luo_et_al__-_A_chemically_stabilized_sulfur_cathode_for_lean_el_reactions.json,Luo_et_al__-_A_chemically_stabilized_sulfur_cathode_for_lean_el,low,chemicals,chemicals[3],chem_4,Lithium hexafluorophosphate,True,0.98,,"The paper explicitly specifies the electrolyte composition as “1.0 M LiPF6” (lithium hexafluorophosphate) in multiple places, including Page 2 (intro) and in the “Electrochemical Measurements” section",
Verified_Luo_et_al__-_A_chemically_stabilized_sulfur_cathode_for_lean_el_reactions.json,Luo_et_al__-_A_chemically_stabilized_sulfur_cathode_for_lean_el,low,chemicals,chemicals[4],chem_5,Fluoroethylene carbonate (FEC),False,0.92,,"The paper explicitly specifies FEC as part of the electrolyte composition, including concentration and mixing ratio: “1.0 M LiPF6 in fluoroethylene carbonate/3,3,3-fluoroethylmethyl carbonate/1,1,2,2-","Fluoroethylene carbonate (FEC) | Amount: present in electrolyte as part of 1.0 M LiPF6 in FEC:FEMC:HFE = 2:6:2 by weight (i.e., FEC = 2 parts by weight in the solvent mixture)."
Verified_Luo_et_al__-_A_chemically_stabilized_sulfur_cathode_for_lean_el_reactions.json,Luo_et_al__-_A_chemically_stabilized_sulfur_cathode_for_lean_el,low,chemicals,chemicals[5],chem_6,"3,3,3-Fluoroethyl methyl carbonate (FEMC)",True,0.95,,"The paper explicitly includes FEMC as an electrolyte solvent component: “1.0 M LiPF6 in fluoroethylene carbonate/3,3,3-fluoroethylmethyl carbonate/… [FEC:FEMC:HFE, 2:6:2 by weight]” (page 2; also reit",
Verified_Luo_et_al__-_A_chemically_stabilized_sulfur_cathode_for_lean_el_reactions.json,Luo_et_al__-_A_chemically_stabilized_sulfur_cathode_for_lean_el,low,chemicals,chemicals[6],chem_7,"1,1,2,2-Tetrafluoroethyl-2′,2′,2′-trifluoroethyl ether (HFE)",False,0.74,contradiction_mixed,"The chemical identity is explicitly mentioned in the electrolyte composition as “1,1,2,2-tetrafluoroethyl-2′,2′,2′-trifluoroethyl ether [HFE]”. However, the extracted value claims the amount is “Not s","1,1,2,2-Tetrafluoroethyl-2′,2′,2′-trifluoroethyl ether (HFE) | Amount: present in electrolyte at FEC:FEMC:HFE = 2:6:2 by weight (i.e., HFE = 2 parts by weight; 20 wt% of the solvent mixture)."
Verified_Luo_et_al__-_A_chemically_stabilized_sulfur_cathode_for_lean_el_reactions.json,Luo_et_al__-_A_chemically_stabilized_sulfur_cathode_for_lean_el,low,synthesis,synthesis.steps[0].operations[0],mix,,True,0.93,,"The paper explicitly describes the synthesis as “annealing the mixture of carbon precursors … and sulfur” and, in Materials and Methods, states “Sulfur, … PTCDA, and PAN were mixed … and sealed…”. Thi",
Verified_Luo_et_al__-_A_chemically_stabilized_sulfur_cathode_for_lean_el_reactions.json,Luo_et_al__-_A_chemically_stabilized_sulfur_cathode_for_lean_el,low,synthesis,synthesis.steps[0].conditions,unknown,,False,0.92,,The paper specifies the synthesis atmosphere/conditions as being “sealed in a glass tube under vacuum” for annealing at 600 °C (Materials and Methods: “sealed in a glass tube under vacuum”). It also m,Synthesis atmosphere: sealed in a glass tube under vacuum (annealed at 600 °C for 3 h).
Verified_Luo_et_al__-_A_chemically_stabilized_sulfur_cathode_for_lean_el_reactions.json,Luo_et_al__-_A_chemically_stabilized_sulfur_cathode_for_lean_el,low,synthesis,synthesis.steps[1].operations[0],seal,,True,0.96,,"The paper explicitly states the synthesis involved sealing the reactant mixture: “Sulfur, ... were mixed ... and sealed in a glass tube under vacuum.” It also describes synthesis “in a sealed vacuum g",
Verified_Luo_et_al__-_A_chemically_stabilized_sulfur_cathode_for_lean_el_reactions.json,Luo_et_al__-_A_chemically_stabilized_sulfur_cathode_for_lean_el,low,synthesis,synthesis.steps[2].operations[0],heat,,False,0.83,contradiction_clear,The paper’s synthesis procedure is described as sealing the sulfur/PTCDA/PAN mixture in a vacuum glass tube and **annealing at 600 °C for 3 h** (followed by cooling). The term “heat” is not explicitly,anneal (carbonize) the sealed mixture at 600 °C for 3 h (then cool to room temperature)
Verified_Luo_et_al__-_A_chemically_stabilized_sulfur_cathode_for_lean_el_reactions.json,Luo_et_al__-_A_chemically_stabilized_sulfur_cathode_for_lean_el,low,synthesis,synthesis.steps[2].operations[1],cool,,False,0.82,contradiction_clear,"The paper’s synthesis procedure (Materials and Methods: “Synthesis of C/S Composites”) describes mixing precursors, sealing in a vacuum glass tube, annealing at 600 °C for 3 h, and then “cooled to roo",cooled to room temperature in 24 h
Verified_Luo_et_al__-_A_chemically_stabilized_sulfur_cathode_for_lean_el_reactions.json,Luo_et_al__-_A_chemically_stabilized_sulfur_cathode_for_lean_el,low,synthesis,synthesis.steps[2].conditions,unknown,,True,0.95,,"The paper explicitly states the synthesis was done in a sealed vacuum environment: (Results, page 2) “annealing the mixture … and sulfur in a sealed vacuum glass tube,” and (Materials and Methods, pag",
Verified_Luo_et_al__-_A_chemically_stabilized_sulfur_cathode_for_lean_el_reactions.json,Luo_et_al__-_A_chemically_stabilized_sulfur_cathode_for_lean_el,low,synthesis,synthesis.steps[3].operations[0],collect,,False,0.72,,The paper does not explicitly list a synthesis operation named/worded as “collect.” In the Materials and Methods section it states: “The carbon–small sulfur composites were collected as black powder.”,"If this field is meant to capture an explicit step, use: “anneal (600 °C for 3 h) and cool to room temperature (24 h); collect as black powder.” If only a single verb is allowed, “anneal” would be bet"
Verified_Luo_et_al__-_A_chemically_stabilized_sulfur_cathode_for_lean_el_reactions.json,Luo_et_al__-_A_chemically_stabilized_sulfur_cathode_for_lean_el,low,workflow,workflow.timeline[0],unknown,"Sulfur, PTCDA, and PAN mixed in 5:1:1 weight ratio",True,0.99,,"The Materials and Methods section explicitly states: “Sulfur, perylene-3, 4, 9, 10-tetracarboxylic dianhydride, and polyacrylonitrile were mixed with a ratio of 5:1:1 by weight…”. This directly suppor",
Verified_Luo_et_al__-_A_chemically_stabilized_sulfur_cathode_for_lean_el_reactions.json,Luo_et_al__-_A_chemically_stabilized_sulfur_cathode_for_lean_el,low,workflow,workflow.timeline[1],unknown,Mixture sealed under vacuum in glass tube,True,0.93,,The paper explicitly states that the carbon precursors and sulfur were “mixed … and sealed in a glass tube under vacuum.” This appears both in the Results section (“annealing the mixture … in a sealed,
Verified_Luo_et_al__-_A_chemically_stabilized_sulfur_cathode_for_lean_el_reactions.json,Luo_et_al__-_A_chemically_stabilized_sulfur_cathode_for_lean_el,low,workflow,workflow.timeline[2],unknown,"Annealed at 873 K for 180 min, then cooled to 298 K over 1440 min",False,0.93,,"The paper specifies the annealing step as “annealed … at 600 °C for 3 h, and … cooled to room temperature in 24 h” (Materials and Methods, Synthesis of C/S Composites). This corresponds to ~873 K for ","Annealed at 600 °C for 3 h, then cooled to room temperature in 24 h."
Verified_Luo_et_al__-_A_chemically_stabilized_sulfur_cathode_for_lean_el_reactions.json,Luo_et_al__-_A_chemically_stabilized_sulfur_cathode_for_lean_el,low,workflow,workflow.timeline[3],unknown,Black CPAPN–S powder collected,True,0.93,,"The source text explicitly states in the Materials and Methods section (Page 7, “Synthesis of C/S Composites”) that after annealing and cooling, “The carbon–small sulfur composites were collected as b",
Verified_Luo_et_al__-_A_chemically_stabilized_sulfur_cathode_for_lean_el_reactions.json,Luo_et_al__-_A_chemically_stabilized_sulfur_cathode_for_lean_el,low,workflow,workflow.ambiguities[0],Exact masses of reactants not provided,,True,0.93,,"The paper explicitly states only a weight ratio for the reactants without giving exact masses. In “Materials and Methods – Synthesis of C/S Composites” it says: “Sulfur, perylene-3, 4, 9, 10-tetracarb",
Verified_Luo_et_al__-_A_chemically_stabilized_sulfur_cathode_for_lean_el_reactions.json,Luo_et_al__-_A_chemically_stabilized_sulfur_cathode_for_lean_el,low,workflow,workflow.ambiguities[1],Atmosphere during mixing not explicitly defined,,True,0.93,,"The paper’s Materials and Methods explicitly states: “Sulfur, perylene-3,4,9,10-tetracarboxylic dianhydride, and polyacrylonitrile were mixed … and sealed in a glass tube under vacuum.” This confirms ",
Verified_Luo_et_al__-_A_chemically_stabilized_sulfur_cathode_for_lean_el_reactions.json,Luo_et_al__-_A_chemically_stabilized_sulfur_cathode_for_lean_el,low,characterization,characterization[0],XRD,XRD,False,0.93,,"The paper explicitly states that the materials were characterized by X-ray diffraction (XRD) and discusses XRD results (e.g., CPAPN–S Fig. 1A; SI Appendix Fig. S1 A–E). Therefore, an extracted value o","Indicate that XRD was performed; e.g., include: ""XRD (Fig. 1A)"" and summarize findings: CPTCDA/CPAN/CPAPN amorphous; CPAPN–S and CPAN–S remain amorphous after cocarbonization; CPTCDA–S shows crystalli"
Verified_Luo_et_al__-_A_chemically_stabilized_sulfur_cathode_for_lean_el_reactions.json,Luo_et_al__-_A_chemically_stabilized_sulfur_cathode_for_lean_el,low,characterization,characterization[1],Raman spectroscopy,Raman spectroscopy,True,0.96,,"In the Results section (Page 2), the Raman discussion explicitly states: “there are two sharp peaks at 475 cm−1 and 930 cm−1 and one small peak at 790 cm−1, representing S–S stretching mode, C–O vibra",
Verified_Luo_et_al__-_A_chemically_stabilized_sulfur_cathode_for_lean_el_reactions.json,Luo_et_al__-_A_chemically_stabilized_sulfur_cathode_for_lean_el,low,characterization,characterization[2],FTIR,FTIR,True,0.96,,"The paper explicitly reports FTIR peaks at 1,240 cm−1 and 1,510 cm−1 assigned to alicyclic chain vibrations and aromatic ring chain vibrations, and a small peak at ~790 cm−1 assigned to C–S vibration ",
Verified_Luo_et_al__-_A_chemically_stabilized_sulfur_cathode_for_lean_el_reactions.json,Luo_et_al__-_A_chemically_stabilized_sulfur_cathode_for_lean_el,low,characterization,characterization[3],XPS,XPS,True,0.96,,"The paper explicitly reports S 2p XPS binding energies for CPAPN–S with assignments. In the Results section (Page 3, describing Fig. 1F), it states: aromatic sulfur at 161.1/162.3 eV; sulfur in S–S an",
Verified_Luo_et_al__-_A_chemically_stabilized_sulfur_cathode_for_lean_el_reactions.json,Luo_et_al__-_A_chemically_stabilized_sulfur_cathode_for_lean_el,low,characterization,characterization[4],SEM,SEM,True,0.93,,Supported by the SEM/TEM morphology description in the Results section (page 3). The text states: “the particles of SSCCs decrease to nanoscale…” and “nanosized CPAPN–S particles aggregate into a micr,
Verified_Luo_et_al__-_A_chemically_stabilized_sulfur_cathode_for_lean_el_reactions.json,Luo_et_al__-_A_chemically_stabilized_sulfur_cathode_for_lean_el,low,characterization,characterization[5],TEM,TEM,False,0.88,,The paper explicitly reports use of transmission electron microscopy (TEM) and includes a TEM image (Fig. 1H) plus TEM/elemental mapping discussion (Page 2–3: “transmission electron microscopy (TEM)”;,TEM was performed; include at least: “TEM (Fig. 1H; SI Appendix Fig. S5; JEOL 2100F TEM used)” or similar.
Verified_Luo_et_al__-_A_chemically_stabilized_sulfur_cathode_for_lean_el_reactions.json,Luo_et_al__-_A_chemically_stabilized_sulfur_cathode_for_lean_el,low,characterization,characterization[6],Thermogravimetric analysis,Thermogravimetric analysis,True,0.95,,"The paper explicitly reports thermogravimetric (TG) analysis results: “only 4% weight loss of CPAPN–S composite was observed after annealing to 600 °C” (Page 3, Results; referring to SI Appendix Fig. ",
Verified_Luo_et_al__-_A_chemically_stabilized_sulfur_cathode_for_lean_el_reactions.json,Luo_et_al__-_A_chemically_stabilized_sulfur_cathode_for_lean_el,low,analysis,analysis.methods[0],unknown,,False,0.6,contradiction_clear,"The paper explicitly lists multiple analysis/characterization methods (e.g., XRD, Raman, FTIR, XPS, SEM, TEM, TG, PDF, CV, EIS, GITT) in the Results and Materials and Methods sections. However, the ex","Populate “Analysis Method” with the methods stated in the text, e.g., XRD; Raman spectroscopy; FTIR; XPS; SEM; TEM; thermogravimetric (TG) analysis; pair distribution function (PDF) experiments; cycli"
Verified_Luo_et_al__-_A_chemically_stabilized_sulfur_cathode_for_lean_el_reactions.json,Luo_et_al__-_A_chemically_stabilized_sulfur_cathode_for_lean_el,low,analysis,analysis.methods[1],unknown,,False,0.62,,"The extracted value for “Analysis Method” is blank. The paper explicitly reports multiple analysis/characterization methods (e.g., XRD, Raman spectroscopy, FTIR, XPS, SEM, TEM, TG/TGA, PDF, CV, EIS, G","List the analysis methods explicitly mentioned, e.g., XRD; Raman; FTIR; XPS; SEM; TEM; TG/TGA; pair distribution function (PDF); cyclic voltammetry (CV); electrochemical impedance spectroscopy (EIS); "
Verified_Luo_et_al__-_A_chemically_stabilized_sulfur_cathode_for_lean_el_reactions.json,Luo_et_al__-_A_chemically_stabilized_sulfur_cathode_for_lean_el,low,final_outcomes,final_outcomes,unknown,,True,0.97,,"The paper explicitly reports cycle performance over 200 cycles under lean electrolyte conditions: on Page 1 it states the C/S cathode “retains…for 200 cycles under lean electrolyte conditions,” and on",
Verified_Ma_and_Xu_-_2022_-_Enhanced_critical_current_density_of_Garnet_Li7La3_reactions.json,Ma_and_Xu_-_2022_-_Enhanced_critical_current_density_of_Garnet_Li7La3,low,targets,targets[0],target_1,xLiBr–LLZO pellet,False,0.86,,"The paper explicitly gives the nominal composition as “x LiBr–LLZO” where LLZO is Li7La3Zr2O12 and x = 0.00–0.25 mol (Experimental section, p.2), and also reports an ICP-derived stoichiometry for the ","Provide the target formula as stated in the text, e.g., nominal: Li7La3Zr2O12 (LLZO) or xLiBr–LLZO (x = 0–0.25); for the optimized sample: 0.15LiBr–LLZO (nominal) and ICP-derived: 0.136LiBr–Li6.88La2."
Verified_Ma_and_Xu_-_2022_-_Enhanced_critical_current_density_of_Garnet_Li7La3_reactions.json,Ma_and_Xu_-_2022_-_Enhanced_critical_current_density_of_Garnet_Li7La3,low,targets,targets[1],target_2,0.15LiBr–LLZO pellet,False,0.93,contradiction_clear,"The paper explicitly identifies the garnet electrolyte as cubic Li7La3Zr2O12 (LLZO) and discusses LiBr-added variants (xLiBr–LLZO). However, the extracted value for “Target Formula” is blank, and no b","Li7La3Zr2O12 (LLZO) (for the base garnet). If the target is the optimized LiBr-added electrolyte, use 0.15LiBr–LLZO; if a concrete measured formula is required, use 0.136LiBr–Li6.88La2.92Zr1.97O12 (IC"
Verified_Ma_and_Xu_-_2022_-_Enhanced_critical_current_density_of_Garnet_Li7La3_reactions.json,Ma_and_Xu_-_2022_-_Enhanced_critical_current_density_of_Garnet_Li7La3,low,chemicals,chemicals[0],chem_1,Lithium hydroxide monohydrate,True,0.98,,"In the Experimental section (2.1), the paper explicitly lists the starting material as “LiOH•H2O (Aladdin, 99.9%)”, i.e., lithium hydroxide monohydrate, but it does not provide a specific mass, molar ",
Verified_Ma_and_Xu_-_2022_-_Enhanced_critical_current_density_of_Garnet_Li7La3_reactions.json,Ma_and_Xu_-_2022_-_Enhanced_critical_current_density_of_Garnet_Li7La3,low,chemicals,chemicals[1],chem_2,Lanthanum oxide,False,0.97,,"The Experimental section explicitly lists the starting materials and includes lanthanum as La2O3 (lanthanum oxide), and it specifies that stoichiometric amounts were used (with 10% excess LiOH·H2O). T",Lanthanum oxide (La2O3) | Amount: stoichiometric amount (for nominal xLiBr–LLZO compositions; La2O3 dried at 900 °C for 12 h).
Verified_Ma_and_Xu_-_2022_-_Enhanced_critical_current_density_of_Garnet_Li7La3_reactions.json,Ma_and_Xu_-_2022_-_Enhanced_critical_current_density_of_Garnet_Li7La3,low,chemicals,chemicals[2],chem_3,Zirconium dioxide,False,0.93,,"The paper’s Experimental section lists the starting materials as LiOH·H2O, La2O3, ZrO2, Al2O3, and anhydrous LiBr. It does not mention “zirconium dioxide” by name; it uses the formula “ZrO2”. Therefor","Chemical identity: ZrO2 (zirconium dioxide). Amount: stoichiometric amount (no explicit mass given); nominal compositions xLiBr–LLZO with x = 0.00, 0.05, 0.10, 0.15, 0.20, 0.25 mol."
Verified_Ma_and_Xu_-_2022_-_Enhanced_critical_current_density_of_Garnet_Li7La3_reactions.json,Ma_and_Xu_-_2022_-_Enhanced_critical_current_density_of_Garnet_Li7La3,low,chemicals,chemicals[3],chem_4,Aluminium oxide,False,0.96,contradiction_clear,"The Experimental section explicitly lists Al2O3 (aluminum oxide) as a starting material: “LiOH·H2O…, La2O3…, ZrO2…, Al2O3…, and anhydrous LiBr… were used as the starting materials.” Therefore, the che",Aluminium oxide (Al2O3) | Amount: stoichiometric amount used as starting material (no explicit numeric quantity given).
Verified_Ma_and_Xu_-_2022_-_Enhanced_critical_current_density_of_Garnet_Li7La3_reactions.json,Ma_and_Xu_-_2022_-_Enhanced_critical_current_density_of_Garnet_Li7La3,low,chemicals,chemicals[4],chem_5,Lithium bromide,True,0.95,,"The paper clearly identifies the chemical as lithium bromide (LiBr) (e.g., Abstract: “we introduce lithium bromide (LiBr)…”, and Experimental section: “anhydrous LiBr”). However, there is no single fi",
Verified_Ma_and_Xu_-_2022_-_Enhanced_critical_current_density_of_Garnet_Li7La3_reactions.json,Ma_and_Xu_-_2022_-_Enhanced_critical_current_density_of_Garnet_Li7La3,low,chemicals,chemicals[5],chem_6,Isopropanol,True,0.78,,"The Experimental section states the powders were ball milled in isopropanol for 20 h, confirming the chemical identity (isopropanol). However, the text does not provide a quantity/volume for isopropan",
Verified_Ma_and_Xu_-_2022_-_Enhanced_critical_current_density_of_Garnet_Li7La3_reactions.json,Ma_and_Xu_-_2022_-_Enhanced_critical_current_density_of_Garnet_Li7La3,low,chemicals,chemicals[6],chem_7,Ethanol (anhydrous),True,0.93,,"The paper mentions use of ethanol explicitly as “anhydrous ethanol” for cleaning (“After polishing, the contaminants on the surface of the pellets were cleaned with anhydrous ethanol.”, Experimental s",
Verified_Ma_and_Xu_-_2022_-_Enhanced_critical_current_density_of_Garnet_Li7La3_reactions.json,Ma_and_Xu_-_2022_-_Enhanced_critical_current_density_of_Garnet_Li7La3,low,chemicals,chemicals[7],chem_8,Gold,False,0.92,contradiction_mixed,The paper explicitly mentions gold (Au) as an ultrathin layer deposited on both sides of the x LiBr–LLZO pellets by magnetron sputtering (“an ultrathin layer of gold (Au) was deposited… under ∼40 mA f,Gold (Au) ultrathin layer deposited on both sides of x LiBr–LLZO pellets by magnetron sputtering at ~40 mA for 5 min (thickness not specified).
Verified_Ma_and_Xu_-_2022_-_Enhanced_critical_current_density_of_Garnet_Li7La3_reactions.json,Ma_and_Xu_-_2022_-_Enhanced_critical_current_density_of_Garnet_Li7La3,low,chemicals,chemicals[8],chem_9,Lithium metal,True,0.92,,"The paper repeatedly references metallic lithium used as electrodes (e.g., “Symmetric Li | x LiBr–LLZO | Li cells were prepared using two Li-metal disks as electrodes” and “coin 2032-type cells were a",
Verified_Ma_and_Xu_-_2022_-_Enhanced_critical_current_density_of_Garnet_Li7La3_reactions.json,Ma_and_Xu_-_2022_-_Enhanced_critical_current_density_of_Garnet_Li7La3,low,chemicals,chemicals[9],chem_10,LiPF6,True,0.93,,The paper explicitly states in the Experimental section (cell assembly description) that a liquid electrolyte was used: “25 μL (1 M LiPF6 dissolved in ethyl carbonate and dimethyl carbonate; 1:1 in vo,
Verified_Ma_and_Xu_-_2022_-_Enhanced_critical_current_density_of_Garnet_Li7La3_reactions.json,Ma_and_Xu_-_2022_-_Enhanced_critical_current_density_of_Garnet_Li7La3,low,chemicals,chemicals[10],chem_11,Ethyl carbonate,False,0.93,,The paper does mention a liquid electrolyte component using “ethyl carbonate” in the Experimental section (Page 3): “1 M LiPF6 dissolved in ethyl carbonate and dimethyl carbonate; 1:1 in volume”. Howe,"Ethyl carbonate (in mixture with dimethyl carbonate, 1:1 v/v; solvent for 1 M LiPF6); Amount: 25 μL liquid electrolyte applied to wet the cathode/electrolyte interface."
Verified_Ma_and_Xu_-_2022_-_Enhanced_critical_current_density_of_Garnet_Li7La3_reactions.json,Ma_and_Xu_-_2022_-_Enhanced_critical_current_density_of_Garnet_Li7La3,low,chemicals,chemicals[11],chem_12,Dimethyl carbonate,False,0.92,contradiction_clear,The paper explicitly mentions dimethyl carbonate as part of the liquid electrolyte composition used to wet the cathode/electrolyte interface: “25 μL (1 M LiPF6 dissolved in ethyl carbonate and dimethy,Dimethyl carbonate (DMC) | Amount: present in 25 μL liquid electrolyte (1 M LiPF6 in ethyl carbonate:DMC = 1:1 v/v)
Verified_Ma_and_Xu_-_2022_-_Enhanced_critical_current_density_of_Garnet_Li7La3_reactions.json,Ma_and_Xu_-_2022_-_Enhanced_critical_current_density_of_Garnet_Li7La3,low,chemicals,chemicals[12],chem_13,Lithium iron phosphate,False,0.98,,"The paper discusses LiFePO4 (LFP) cathodes and specifies the cathode slurry composition as “70-wt% LFP” (Page 3, Section 2.2). However, it does not state “70 mass%” as a general chemical amount for li","Lithium iron phosphate (LiFePO4) | Amount: 70 wt% (in LFP cathode slurry formulation; slurry comprised 70-wt% LFP, 15-wt% carbon black, 15-wt% PVDF binder)."
Verified_Ma_and_Xu_-_2022_-_Enhanced_critical_current_density_of_Garnet_Li7La3_reactions.json,Ma_and_Xu_-_2022_-_Enhanced_critical_current_density_of_Garnet_Li7La3,low,chemicals,chemicals[13],chem_14,Carbon black,True,0.86,,"The paper explicitly mentions carbon black as a component of both cathode slurries (LFP and NCM): “15-wt% carbon black” (Page 3, Section 2.2). However, the prompt’s field asks for “Chemical Identity a","If the desired amount is the formulation fraction, update to: “Carbon black | Amount: 15 wt% (in both LFP and NCM cathode slurries).”"
Verified_Ma_and_Xu_-_2022_-_Enhanced_critical_current_density_of_Garnet_Li7La3_reactions.json,Ma_and_Xu_-_2022_-_Enhanced_critical_current_density_of_Garnet_Li7La3,low,chemicals,chemicals[14],chem_15,Poly(vinylidene fluoride),True,0.9,,"The paper explicitly identifies poly(vinylidene fluoride) (PVDF) as the binder used in the cathode slurry formulations (Page 3, Section 2.2: “15-wt% binder (poly(vinylidene fluoride), PVDF)” for LFP a",
Verified_Ma_and_Xu_-_2022_-_Enhanced_critical_current_density_of_Garnet_Li7La3_reactions.json,Ma_and_Xu_-_2022_-_Enhanced_critical_current_density_of_Garnet_Li7La3,low,chemicals,chemicals[15],chem_16,N-Methyl-2-pyrrolidone,True,0.98,,The Experimental section (cell assembly) explicitly states: “LiFePO4 (LFP) cathode slurry comprised ... and 1.7-mL N-methylpyrrolidinone (NMP).” This supports the extracted chemical identity (N-methyl,
Verified_Ma_and_Xu_-_2022_-_Enhanced_critical_current_density_of_Garnet_Li7La3_reactions.json,Ma_and_Xu_-_2022_-_Enhanced_critical_current_density_of_Garnet_Li7La3,low,chemicals,chemicals[16],chem_17,LiNi0.8Co0.1Mn0.1O2,False,0.95,,The paper does mention the cathode material LiNi0.8Co0.1Mn0.1O2 (NCM) and describes the NCM cathode slurry composition as containing 75-wt% NCM powders (with other components carbon black 15-wt% and P,LiNi0.8Co0.1Mn0.1O2 (NCM) cathode slurry comprised 75 wt% NCM powders (with 15 wt% carbon black and 10 wt% PVDF binder).
Verified_Ma_and_Xu_-_2022_-_Enhanced_critical_current_density_of_Garnet_Li7La3_reactions.json,Ma_and_Xu_-_2022_-_Enhanced_critical_current_density_of_Garnet_Li7La3,low,synthesis,synthesis.steps[0].operations[0],ball_mill,,True,0.98,,The paper explicitly states that the starting materials “were adequately ball milled in isopropanol for 20 h” in the Experimental section (Preparation and characterization of x LiBr–LLZO). This direct,
Verified_Ma_and_Xu_-_2022_-_Enhanced_critical_current_density_of_Garnet_Li7La3_reactions.json,Ma_and_Xu_-_2022_-_Enhanced_critical_current_density_of_Garnet_Li7La3,low,synthesis,synthesis.steps[1].operations[0],dry,,False,0.83,,"The paper describes the preparation via solid-state reaction with steps including ball milling in isopropanol, drying the prepared slurry, calcination, pressing pellets, sintering, polishing, and clea","If the field is meant to capture a specific operation mentioned in the synthesis, use: “dried the prepared slurry” (followed by “calcinated at 900 °C for 9 h”, “pressed into pellets”, “sintered at 116"
Verified_Ma_and_Xu_-_2022_-_Enhanced_critical_current_density_of_Garnet_Li7La3_reactions.json,Ma_and_Xu_-_2022_-_Enhanced_critical_current_density_of_Garnet_Li7La3,low,synthesis,synthesis.steps[1].operations[1],calcine,,True,0.88,,The paper explicitly describes a heat-treatment step where the dried slurry was “calcinated at 900 °C for 9 h to obtain x LiBr–LLZO powders” (Experimental section 2.1). This supports the synthesis ope,
Verified_Ma_and_Xu_-_2022_-_Enhanced_critical_current_density_of_Garnet_Li7La3_reactions.json,Ma_and_Xu_-_2022_-_Enhanced_critical_current_density_of_Garnet_Li7La3,low,synthesis,synthesis.steps[1].conditions,unknown,,False,0.74,,"The paper does not state that the synthesis/sintering atmosphere was air. It mentions specific steps in different environments: (1) TGA was performed “in air” (a characterization condition, not synthe","Not specified (sintering/calcination atmosphere not stated). If the field is intended to capture measurement atmosphere for TGA, then it should be 'air' for TGA only."
Verified_Ma_and_Xu_-_2022_-_Enhanced_critical_current_density_of_Garnet_Li7La3_reactions.json,Ma_and_Xu_-_2022_-_Enhanced_critical_current_density_of_Garnet_Li7La3,low,synthesis,synthesis.steps[2].operations[0],press,,True,0.93,,"The Experimental section explicitly states: “The x LiBr–LLZO powders were pressed into pellets and sintered…”. This directly supports that a synthesis operation used is pressing (i.e., ‘press’).",
Verified_Ma_and_Xu_-_2022_-_Enhanced_critical_current_density_of_Garnet_Li7La3_reactions.json,Ma_and_Xu_-_2022_-_Enhanced_critical_current_density_of_Garnet_Li7La3,low,synthesis,synthesis.steps[2].operations[1],sinter,,True,0.98,,"The paper explicitly describes a sintering step in the synthesis. In the Experimental section (2.1), it states the powders were pressed into pellets and “sintered at 1160 ◦C for 4 h,” and also referen",
Verified_Ma_and_Xu_-_2022_-_Enhanced_critical_current_density_of_Garnet_Li7La3_reactions.json,Ma_and_Xu_-_2022_-_Enhanced_critical_current_density_of_Garnet_Li7La3,low,synthesis,synthesis.steps[3].operations[0],polish,,True,0.96,,The paper explicitly states that the obtained x LiBr–LLZO pellets “were polished to a thickness of 1.4 mm using coarse and fine abrasive papers …” in the Experimental section (Preparation and characte,
Verified_Ma_and_Xu_-_2022_-_Enhanced_critical_current_density_of_Garnet_Li7La3_reactions.json,Ma_and_Xu_-_2022_-_Enhanced_critical_current_density_of_Garnet_Li7La3,low,synthesis,synthesis.steps[3].operations[1],clean,,False,0.78,,"The paper describes preparation steps (ball milling, drying, calcination, pressing, sintering, polishing, cleaning with anhydrous ethanol) but does not list a synthesis operation explicitly called ""cl","If the field is meant to capture a named operation, use ""polish"" or ""cleaned with anhydrous ethanol"" (post-polishing surface cleaning). If it is meant to capture a generic step label, it is not explic"
Verified_Ma_and_Xu_-_2022_-_Enhanced_critical_current_density_of_Garnet_Li7La3_reactions.json,Ma_and_Xu_-_2022_-_Enhanced_critical_current_density_of_Garnet_Li7La3,low,workflow,workflow.timeline[0],unknown,Precursor mixing and milling,False,0.74,,"The paper’s Experimental section describes the process as a two-step solid-state reaction: starting materials were ball milled in isopropanol for 20 h, then dried and calcined (900 °C, 9 h), then powd","If the workflow timeline item is meant to capture the first processing step, use: “Starting materials ball milled in isopropanol for 20 h (with 10% excess LiOH·H2O), then dried and calcined at 900 °C "
Verified_Ma_and_Xu_-_2022_-_Enhanced_critical_current_density_of_Garnet_Li7La3_reactions.json,Ma_and_Xu_-_2022_-_Enhanced_critical_current_density_of_Garnet_Li7La3,low,workflow,workflow.timeline[1],unknown,Calcination to obtain xLiBr–LLZO powders,True,0.96,,"The workflow step ""Calcination to obtain xLiBr–LLZO powders"" is explicitly stated in the Experimental section (2.1): ""The prepared slurry was dried and calcinated at 900 ◦C for 9 h to obtain x LiBr–LL",
Verified_Ma_and_Xu_-_2022_-_Enhanced_critical_current_density_of_Garnet_Li7La3_reactions.json,Ma_and_Xu_-_2022_-_Enhanced_critical_current_density_of_Garnet_Li7La3,low,workflow,workflow.timeline[2],unknown,Pellet formation and sintering to dense electrolyte,False,0.78,contradiction_clear,"The paper does describe pressing powders into pellets and sintering at 1160 °C for 4 h to obtain dense LLZO-based electrolytes (Experimental section 2.1), but the extracted phrase “Pellet formation an","If the field must reflect an explicit step from the text, use: “x LiBr–LLZO powders were pressed into pellets and sintered at 1160 °C for 4 h.”"
Verified_Ma_and_Xu_-_2022_-_Enhanced_critical_current_density_of_Garnet_Li7La3_reactions.json,Ma_and_Xu_-_2022_-_Enhanced_critical_current_density_of_Garnet_Li7La3,low,workflow,workflow.timeline[3],unknown,Post-processing of pellets,True,0.78,,"The paper explicitly describes post-processing steps applied to the sintered pellets: “The obtained x LiBr–LLZO pellets were polished to a thickness of 1.4 mm… After polishing, the contaminants on the",
Verified_Ma_and_Xu_-_2022_-_Enhanced_critical_current_density_of_Garnet_Li7La3_reactions.json,Ma_and_Xu_-_2022_-_Enhanced_critical_current_density_of_Garnet_Li7La3,low,workflow,workflow.ambiguities[0],Exact stoichiometric masses of reactants not provided,,True,0.93,,"Supported. In the Experimental section (2.1), the paper states only that “Stoichiometric amounts of LiOH·H2O, La2O3, ZrO2, Al2O3 and anhydrous LiBr … were used” and gives processing details plus “10% ",
Verified_Ma_and_Xu_-_2022_-_Enhanced_critical_current_density_of_Garnet_Li7La3_reactions.json,Ma_and_Xu_-_2022_-_Enhanced_critical_current_density_of_Garnet_Li7La3,low,workflow,workflow.ambiguities[1],Pressing pressure not specified,,True,0.96,,"In the Experimental section (2.1), the paper states: “The x LiBr–LLZO powders were pressed into pellets and sintered at 1160 ◦C for 4 h.” No pressing pressure, uniaxial/CIP method, dwell time, or tool",
Verified_Ma_and_Xu_-_2022_-_Enhanced_critical_current_density_of_Garnet_Li7La3_reactions.json,Ma_and_Xu_-_2022_-_Enhanced_critical_current_density_of_Garnet_Li7La3,low,characterization,characterization[0],XRD,XRD,True,0.93,,"Supported. In the discussion of Fig. 2a (XRD), the text states that all diffraction peaks match the standard Li-garnet phase pattern and explicitly concludes: “No impurity peaks were found… indicating",
Verified_Ma_and_Xu_-_2022_-_Enhanced_critical_current_density_of_Garnet_Li7La3_reactions.json,Ma_and_Xu_-_2022_-_Enhanced_critical_current_density_of_Garnet_Li7La3,low,characterization,characterization[1],Raman spectroscopy,Raman spectroscopy,True,0.86,,"The paper explicitly states that Raman spectroscopy confirms the cubic-phase garnet structure: in Results/Discussion section 3.1 describing Fig. 2b, it says “Raman analysis results further confirmed t",
Verified_Ma_and_Xu_-_2022_-_Enhanced_critical_current_density_of_Garnet_Li7La3_reactions.json,Ma_and_Xu_-_2022_-_Enhanced_critical_current_density_of_Garnet_Li7La3,low,characterization,characterization[2],EIS,EIS,True,0.97,,Supported by the paper text tied to Fig. 2c and Fig. 2d/Arrhenius analysis. The document explicitly states: (1) total ionic conductivity at 25 °C for 0.15 LiBr–LLZO is 7.62 × 10−4 S cm−1 (reported in ,
Verified_Ma_and_Xu_-_2022_-_Enhanced_critical_current_density_of_Garnet_Li7La3_reactions.json,Ma_and_Xu_-_2022_-_Enhanced_critical_current_density_of_Garnet_Li7La3,low,characterization,characterization[3],SEM,SEM,True,0.98,,The paper explicitly reports that the 0.15 LiBr–LLZO sample achieved a relative density of 96.27%. This appears in the abstract (Page 1) and again in the Results/Discussion describing Fig. 3: “0.15 Li,
Verified_Ma_and_Xu_-_2022_-_Enhanced_critical_current_density_of_Garnet_Li7La3_reactions.json,Ma_and_Xu_-_2022_-_Enhanced_critical_current_density_of_Garnet_Li7La3,low,characterization,characterization[4],CCD measurement (galvanostatic),CCD measurement (galvanostatic),True,0.97,,The paper explicitly reports a critical current density (CCD) of 1.0 mA cm−2 for the symmetric Li | 0.15LiBr–LLZO | Li cell at 25 °C. This appears in the abstract (Page 1) and again in the CCD discuss,
Verified_Ma_and_Xu_-_2022_-_Enhanced_critical_current_density_of_Garnet_Li7La3_reactions.json,Ma_and_Xu_-_2022_-_Enhanced_critical_current_density_of_Garnet_Li7La3,low,characterization,characterization[5],Battery cycling,Battery cycling,True,0.96,,The paper explicitly reports the Li|0.15LiBr–LLZO|LFP quasi-solid-state battery performance after 300 cycles: “delivered 141.1 mAh g−1 and the capacity retention reached 89.7%” in the Results/Discussi,
Verified_Ma_and_Xu_-_2022_-_Enhanced_critical_current_density_of_Garnet_Li7La3_reactions.json,Ma_and_Xu_-_2022_-_Enhanced_critical_current_density_of_Garnet_Li7La3,low,analysis,analysis.methods[0],unknown,,False,0.9,,"The extracted value for “Analysis Method” is blank. The paper explicitly describes multiple analysis/characterization methods (e.g., TGA, XRD, Raman, XPS, SEM, TEM, ICP–OES) and electrochemical testin",Analysis methods used include: TGA; XRD (Cu-Kα) and Rietveld refinement; Raman spectroscopy; XPS; density by Archimedes method; SEM (cross-sectional); TEM/HRTEM with EDS mapping and FFT; ICP–OES; elec
Verified_Ma_and_Xu_-_2022_-_Enhanced_critical_current_density_of_Garnet_Li7La3_reactions.json,Ma_and_Xu_-_2022_-_Enhanced_critical_current_density_of_Garnet_Li7La3,low,final_outcomes,final_outcomes,unknown,,True,0.95,,"The paper explicitly reports performance after “300 cycles” for the quasi-solid-state Li | LiFePO4 cell with 0.15LiBr–LLZO electrolyte: the abstract states “capacity retention … after 300 cycles,” and",
Verified_Marchiori_et_al__-_2020_-_Understanding_the_Electrochemical_Stability_Window_reactions.json,Marchiori_et_al__-_2020_-_Understanding_the_Electrochemical_Stability_Window,low,chemicals,chemicals[0],chem_1,Poly(ethylene oxide),True,0.9,,"The paper clearly identifies the polymer host as poly(ethylene oxide) (PEO) (e.g., Introduction: “materials based on poly(ethylene oxide) (PEO)”). However, the document is a computational/DFT modeling",
Verified_Marchiori_et_al__-_2020_-_Understanding_the_Electrochemical_Stability_Window_reactions.json,Marchiori_et_al__-_2020_-_Understanding_the_Electrochemical_Stability_Window,low,chemicals,chemicals[1],chem_2,Poly(ethylenimine),True,0.9,,"The paper explicitly mentions the polymer polyethylenimine (PEI) as one of the polymer hosts investigated (e.g., Page 2: “...PEO, PVA, PEC, PTMC, PCL, polyethylenimine (PEI), and polyacrylonitrile (PA",
Verified_Marchiori_et_al__-_2020_-_Understanding_the_Electrochemical_Stability_Window_reactions.json,Marchiori_et_al__-_2020_-_Understanding_the_Electrochemical_Stability_Window,low,chemicals,chemicals[2],chem_3,Poly(vinyl alcohol),True,0.93,,"The paper explicitly mentions poly(vinyl alcohol) (PVA) as one of the investigated polymer host materials (Introduction, Page 1). However, throughout the provided full text there is no explicit quanti",
Verified_Marchiori_et_al__-_2020_-_Understanding_the_Electrochemical_Stability_Window_reactions.json,Marchiori_et_al__-_2020_-_Understanding_the_Electrochemical_Stability_Window,low,chemicals,chemicals[3],chem_4,Polyacrylonitrile,False,0.86,contradiction_clear,"The paper explicitly mentions polyacrylonitrile (PAN) as one of the polymer host materials studied (e.g., listed among polymers investigated on Page 2 and discussed in Results on Page 4). However, the","Polyacrylonitrile (PAN) | Amount/size in model: oligomer of 5 monomer units (five-monomer oligomer, ethyl end-capped)."
Verified_Marchiori_et_al__-_2020_-_Understanding_the_Electrochemical_Stability_Window_reactions.json,Marchiori_et_al__-_2020_-_Understanding_the_Electrochemical_Stability_Window,low,chemicals,chemicals[4],chem_5,Poly(ethylene carbonate),True,0.94,false_positive_suspect,The paper explicitly mentions poly(ethylene carbonate) (PEC) as a polymer host material investigated (“poly(ethylene carbonate) (PEC)” in the Introduction). Nowhere in the provided full text is an exp,
Verified_Marchiori_et_al__-_2020_-_Understanding_the_Electrochemical_Stability_Window_reactions.json,Marchiori_et_al__-_2020_-_Understanding_the_Electrochemical_Stability_Window,low,chemicals,chemicals[5],chem_6,Poly(ε-caprolactone),True,0.93,false_positive_suspect,The paper explicitly identifies the polymer host material as the polyester poly(ε-caprolactone) (PCL) in the Introduction (page 1) and discusses PCL throughout as one of the studied polymers. Nowhere ,
Verified_Marchiori_et_al__-_2020_-_Understanding_the_Electrochemical_Stability_Window_reactions.json,Marchiori_et_al__-_2020_-_Understanding_the_Electrochemical_Stability_Window,low,chemicals,chemicals[6],chem_7,Poly(trimethylene carbonate),True,0.93,false_positive_suspect,"The paper explicitly mentions the polymer host material “poly(trimethylene carbonate) (PTMC)” in the Introduction (Page 1). However, nowhere in the provided full text does it specify an experimental o",
Verified_Marchiori_et_al__-_2020_-_Understanding_the_Electrochemical_Stability_Window_reactions.json,Marchiori_et_al__-_2020_-_Understanding_the_Electrochemical_Stability_Window,low,chemicals,chemicals[7],chem_8,Lithium bis(trifluoromethanesulfonyl)imide,True,0.93,false_positive_suspect,The paper explicitly names the salt lithium bis(trifluoromethanesulfonyl)imide (LiTFSI) among the three Li salts investigated (“...three different Li salts... lithium bis(trifluoromethanesulfonyl)imid,
Verified_Marchiori_et_al__-_2020_-_Understanding_the_Electrochemical_Stability_Window_reactions.json,Marchiori_et_al__-_2020_-_Understanding_the_Electrochemical_Stability_Window,low,chemicals,chemicals[8],chem_9,Lithium bis(fluorosulfonyl)imide,True,0.84,,"The paper explicitly includes lithium bis(fluorosulfonyl)imide (LiFSI) as one of the three Li-ion salts studied (Page 2: “lithium bis(fluorosulfonyl)imide (LiFSI)”). However, the document does not pro",
Verified_Marchiori_et_al__-_2020_-_Understanding_the_Electrochemical_Stability_Window_reactions.json,Marchiori_et_al__-_2020_-_Understanding_the_Electrochemical_Stability_Window,low,chemicals,chemicals[9],chem_10,Lithium trifluoromethanesulfonate,True,0.9,,"The paper explicitly includes lithium trifluoromethanesulfonate (LiCF3SO3) as one of the three Li-ion salts studied (Page 2: “...lithium trifluoromethanesulfonate (LiCF3SO3)”). However, the document d",
Verified_Marchiori_et_al__-_2020_-_Understanding_the_Electrochemical_Stability_Window_reactions.json,Marchiori_et_al__-_2020_-_Understanding_the_Electrochemical_Stability_Window,low,chemicals,chemicals[10],chem_11,Butyl ethanoate,False,0.62,contradiction_clear,"The paper explicitly mentions the chemical identity “butyl ethanoate” (as the chosen solvent) and even gives its dielectric constant (ε = 4.99). However, no explicit “amount” is provided, and the extr",Butyl ethanoate (used as solvent; ε = 4.99); Amount: not specified.
Verified_Marchiori_et_al__-_2020_-_Understanding_the_Electrochemical_Stability_Window_reactions.json,Marchiori_et_al__-_2020_-_Understanding_the_Electrochemical_Stability_Window,low,workflow,workflow.timeline[0],unknown,"Computational workflow: (1) Geometry optimizations with wB97XD/6-31G(d); (2) Frequency calculations for thermal corrections at 298 K; (3) Single-point energies at wB97XD/6-311G(d,p); (4) Solvation free energy with SMD in butyl ethanoate; (5) Calculation of Gibbs free energies and redox potentials via Nernst equation.",True,0.97,,The paper explicitly describes this computational workflow in the Methodology section (page 3). It states: geometries optimized at wB97XD/6-31G(d); vibrational frequency calculations at the same level,
Verified_Marchiori_et_al__-_2020_-_Understanding_the_Electrochemical_Stability_Window_reactions.json,Marchiori_et_al__-_2020_-_Understanding_the_Electrochemical_Stability_Window,low,workflow,workflow.ambiguities[0],Several oxidation and reduction potentials for some polymers are described qualitatively without explicit numeric values.,,False,0.76,,"The paper does not describe oxidation/reduction potentials for the polymers only “qualitatively without explicit numeric values.” In fact, it explicitly provides numeric values (or explicit numeric ES",Revise the issue to reflect that many potentials are reported numerically (often in Figure 1a/2) and in some cases described comparatively/qualitatively alongside those numbers. If you mean some speci
Verified_Marchiori_et_al__-_2020_-_Understanding_the_Electrochemical_Stability_Window_reactions.json,Marchiori_et_al__-_2020_-_Understanding_the_Electrochemical_Stability_Window,low,characterization,characterization[0],DFT,DFT,True,0.92,,"The extracted value is an empty list for “Characterization: DFT”, which implies no DFT characterization details were present. This is not correct: the paper explicitly states extensive DFT-based calcu","Populate the field with the DFT method details, e.g., ""DFT calculations using range-separated hybrid functional wB97XD; geometry optimizations at wB97XD/6-31G(d), single-point energies at wB97XD/6-311"
Verified_Marchiori_et_al__-_2020_-_Understanding_the_Electrochemical_Stability_Window_reactions.json,Marchiori_et_al__-_2020_-_Understanding_the_Electrochemical_Stability_Window,low,analysis,analysis.methods[0],unknown,,False,0.78,,"The extracted value for “Analysis Method” is blank, but the paper explicitly states the analysis/computational method used: it evaluates electrochemical stability windows via first-principles thermody","Analysis Method: First-principles thermodynamics/atomic-scale modeling using density functional theory (DFT) calculations (wB97XD; some M06 benchmarking), Gibbs free energy via Born–Haber cycle and re"
Verified_Nguyen_et_al__-_2021_-_Polypeptide_organic_radical_batteries_reactions.json,Nguyen_et_al__-_2021_-_Polypeptide_organic_radical_batteries,low,targets,targets[0],target_1,viologen-chloride polypeptide (viol-Cl),False,0.95,,"The extracted value for “Target Formula” is blank, but the paper clearly specifies the target active materials/formulations as two redox-active polypeptides: the viologen polypeptide (viol-Cl; also vi","Set Target Formula to the named target materials, e.g., “viol-Cl polypeptide (viologen polypeptide) and biTEMPO polypeptide” (full cell: viol-Cl–biTEMPO)."
Verified_Nguyen_et_al__-_2021_-_Polypeptide_organic_radical_batteries_reactions.json,Nguyen_et_al__-_2021_-_Polypeptide_organic_radical_batteries,low,targets,targets[1],target_2,biTEMPO polypeptide,False,0.92,,"The paper describes the materials as “viologen polypeptide” (viol-Cl / viol-I) and “biTEMPO polypeptide” and shows their chemical structures in Fig. 2, but it does not state a single explicit “Target ","If the intended field is the target active material identity, use: “viol-Cl (viologen-chloride polypeptide) and biTEMPO polypeptide (DP ≈ 50)”. If the field strictly requires a molecular formula, it i"
Verified_Nguyen_et_al__-_2021_-_Polypeptide_organic_radical_batteries_reactions.json,Nguyen_et_al__-_2021_-_Polypeptide_organic_radical_batteries,low,chemicals,chemicals[0],chem_1,L-glutamic acid,True,0.93,,"The paper clearly identifies the starting amino acid as “l-glutamic acid” (for example, “From l-glutamic acid as a common starting amino acid…” on page 1 and in the Fig. 2 caption/scheme). However, no",
Verified_Nguyen_et_al__-_2021_-_Polypeptide_organic_radical_batteries_reactions.json,Nguyen_et_al__-_2021_-_Polypeptide_organic_radical_batteries,low,chemicals,chemicals[1],chem_2,6-Chloro-1-hexanol,False,0.84,,"The paper explicitly includes 6-Chlorohexanol as a reagent in the Fig. 2b synthetic scheme and again in the Methods/Reagents list (“6-Chloro-1-hexanol … purchased from Alfa-Aesar”). However, the extra",6-Chloro-1-hexanol | Yield: 83% (Fig. 2b).
Verified_Nguyen_et_al__-_2021_-_Polypeptide_organic_radical_batteries_reactions.json,Nguyen_et_al__-_2021_-_Polypeptide_organic_radical_batteries,low,chemicals,chemicals[2],chem_3,Propargyl alcohol,True,0.86,,"The paper explicitly includes “Propargyl alcohol” as a reagent in the synthetic scheme (Fig. 2b) and also lists it in the Methods/Reagents section. However, no explicit quantity/amount (mass, volume, ",
Verified_Nguyen_et_al__-_2021_-_Polypeptide_organic_radical_batteries_reactions.json,Nguyen_et_al__-_2021_-_Polypeptide_organic_radical_batteries,low,chemicals,chemicals[3],chem_4,Trimethylsilyl chloride (TMSCl),True,0.88,,"The paper explicitly identifies TMSCl as trimethylsilyl chloride in the Fig. 2 caption/legend section (“TMSCl, trimethylsilyl chloride”). In the synthetic scheme (Fig. 2b), TMSCl is shown as a reagent",
Verified_Nguyen_et_al__-_2021_-_Polypeptide_organic_radical_batteries_reactions.json,Nguyen_et_al__-_2021_-_Polypeptide_organic_radical_batteries,low,chemicals,chemicals[4],chem_5,Triphosgene,False,0.88,,"The paper does mention triphosgene in the Fig. 2b synthetic scheme (used to convert PLG·HCl to PLG NCA) and again in the Methods/Reagents list (purchased from Sigma-Aldrich). However, the extracted ch",Triphosgene | Amount: Not specified in text (appears in Fig. 2b and listed under Methods—Reagents; no quantity given).
Verified_Nguyen_et_al__-_2021_-_Polypeptide_organic_radical_batteries_reactions.json,Nguyen_et_al__-_2021_-_Polypeptide_organic_radical_batteries,low,chemicals,chemicals[5],chem_6,n-Hexylamine,False,0.78,contradiction_clear,"The document explicitly includes n-hexylamine in the synthetic scheme (Fig. 2b) and in the Methods reagent list, but it does not give a specific quantity (mass, volume, mmol, concentration, equivalent",n-hexylamine | Amount: Not specified in text (identity appears in Fig. 2b; amount not provided anywhere in the paper text)
Verified_Nguyen_et_al__-_2021_-_Polypeptide_organic_radical_batteries_reactions.json,Nguyen_et_al__-_2021_-_Polypeptide_organic_radical_batteries,low,chemicals,chemicals[6],chem_7,"N,N-Dimethylformamide (DMF)",True,0.95,,"The Methods (Reagents section) explicitly lists N,N-dimethylformamide (DMF) as a reagent/solvent used in the work. However, no specific quantity/volume of DMF is provided in the main text; DMF only ap",
Verified_Nguyen_et_al__-_2021_-_Polypeptide_organic_radical_batteries_reactions.json,Nguyen_et_al__-_2021_-_Polypeptide_organic_radical_batteries,low,chemicals,chemicals[7],chem_8,Sodium iodide (NaI),False,0.55,contradiction_clear,"The paper text explicitly mentions sodium iodide (NaI) as a reagent used in the synthetic scheme (Fig. 2b) and in the Methods “Reagents” list, but it also provides reaction conditions/yield rather tha","Set is_supported=True. Provenance can be expanded to include Fig. 2b and Methods (Reagents), and keep amount as 'Not specified in text' (no mass/moles/concentration given for NaI)."
Verified_Nguyen_et_al__-_2021_-_Polypeptide_organic_radical_batteries_reactions.json,Nguyen_et_al__-_2021_-_Polypeptide_organic_radical_batteries,low,chemicals,chemicals[8],chem_9,Acetone,False,0.88,contradiction_clear,"The paper explicitly mentions acetone as a solvent in the Finkelstein reaction step shown in Fig. 2b: “NaI, acetone, Reflux, 3 d”. Therefore acetone is specified in the text/figure. However, the amoun","Acetone | Amount: Not specified in provided text (acetone is listed as solvent in Fig. 2b: NaI, acetone, reflux, 3 d)"
Verified_Nguyen_et_al__-_2021_-_Polypeptide_organic_radical_batteries_reactions.json,Nguyen_et_al__-_2021_-_Polypeptide_organic_radical_batteries,low,chemicals,chemicals[9],chem_10,"1-Methyl-[4,4′]bipyridylium iodide (MBPI)",False,0.68,,"The paper does mention the chemical identity: “1-methyl-[4,4′]bipyridylium iodide (MBPI; 1)” as the viologen precursor (described in the text on Page 2 and depicted in Fig. 2b). However, the extracted","1-Methyl-[4,4′]bipyridylium iodide (MBPI) | Amount: Not specified as a mass/volume in the provided main text; synthesis conditions/yield shown in Fig. 2b (MeI, DCM, 40 °C, 3 h, 95%)."
Verified_Nguyen_et_al__-_2021_-_Polypeptide_organic_radical_batteries_reactions.json,Nguyen_et_al__-_2021_-_Polypeptide_organic_radical_batteries,low,chemicals,chemicals[10],chem_11,"4,4′-Bipyridine",False,0.95,contradiction_clear,"The paper explicitly identifies 4,4′-bipyridine as the precursor used to prepare 1-methyl-[4,4′]bipyridylium iodide (MBPI) (“prepared via methylation of 4,4′-bipyridine (Fig. 2b)”). Therefore, the che","4,4′-Bipyridine (listed as 4,4′-dipyridine in Methods; used to prepare MBPI via methylation). Amount used for 4,4′-bipyridine: not specified in the paper."
Verified_Nguyen_et_al__-_2021_-_Polypeptide_organic_radical_batteries_reactions.json,Nguyen_et_al__-_2021_-_Polypeptide_organic_radical_batteries,low,chemicals,chemicals[11],chem_12,Methyl iodide,False,0.92,,"Fig. 2b (and surrounding text describing Fig. 2b) explicitly shows the reagent “MeI” (iodomethane / methyl iodide) used in the viologen-polypeptide synthesis step (""MeI, DCM, 40 °C, 3 h, 95%""). Theref","Methyl iodide (MeI) is used (Fig. 2b), but its amount is not specified in the provided paper text/figure."
Verified_Nguyen_et_al__-_2021_-_Polypeptide_organic_radical_batteries_reactions.json,Nguyen_et_al__-_2021_-_Polypeptide_organic_radical_batteries,low,chemicals,chemicals[12],chem_13,Tetrahydrofuran (THF),True,0.98,,"The paper explicitly identifies THF (tetrahydrofuran) as a reagent/solvent in the synthetic scheme (Fig. 2b / Fig. 2). In the viologen-polypeptide pathway it lists “Diphosgene, THF, N2, r.t., 24 h, 66",
Verified_Nguyen_et_al__-_2021_-_Polypeptide_organic_radical_batteries_reactions.json,Nguyen_et_al__-_2021_-_Polypeptide_organic_radical_batteries,low,chemicals,chemicals[13],chem_14,"N,N′-Dicyclohexylcarbodiimide (DCC)",True,0.9,,"The paper (Fig. 2b caption) explicitly identifies DCC as “N,N′-dicyclohexylcarbodiimide (DCC)”. Across the provided full text, DCC is mentioned as a reagent (Fig. 2b and Methods/Reagents), but no quan",
Verified_Nguyen_et_al__-_2021_-_Polypeptide_organic_radical_batteries_reactions.json,Nguyen_et_al__-_2021_-_Polypeptide_organic_radical_batteries,low,chemicals,chemicals[14],chem_15,4-Dimethylaminopyridine (DMAP),True,0.9,,"The paper explicitly identifies DMAP as 4-dimethylaminopyridine in the caption/abbreviation list associated with Fig. 2 (“DMAP, 4-dimethylaminopyridine”) and also lists DMAP among reagents in the Meth",
Verified_Nguyen_et_al__-_2021_-_Polypeptide_organic_radical_batteries_reactions.json,Nguyen_et_al__-_2021_-_Polypeptide_organic_radical_batteries,low,chemicals,chemicals[15],chem_16,DMSO,True,0.86,,"The paper explicitly includes DMSO (dimethylsulfoxide) in Fig. 2b reaction scheme/abbreviations (""DMSO, r.t., 3 h"") and also lists DMSO among reagents in the Methods section. However, no explicit volu",
Verified_Nguyen_et_al__-_2021_-_Polypeptide_organic_radical_batteries_reactions.json,Nguyen_et_al__-_2021_-_Polypeptide_organic_radical_batteries,low,chemicals,chemicals[16],chem_17,meta-Chloroperoxybenzoic acid (m-CPBA),True,0.96,,The paper explicitly mentions meta-chloroperoxybenzoic acid (m-CPBA) as the oxidant used in the activation step for biTEMPO polypeptide synthesis (“oxidative cleavage with meta-chloroperoxybenzoic aci,
Verified_Nguyen_et_al__-_2021_-_Polypeptide_organic_radical_batteries_reactions.json,Nguyen_et_al__-_2021_-_Polypeptide_organic_radical_batteries,low,chemicals,chemicals[17],chem_18,Tetrabutylammonium triflate (TBACF3SO3),True,0.99,,The paper explicitly states under “Electrochemical characterization” that cyclic voltammetry was performed in a metal-free electrolyte of “0.5 M tetrabutylammonium triflate (TBACF3SO3) in propylene ca,
Verified_Nguyen_et_al__-_2021_-_Polypeptide_organic_radical_batteries_reactions.json,Nguyen_et_al__-_2021_-_Polypeptide_organic_radical_batteries,low,chemicals,chemicals[18],chem_19,Propylene carbonate,True,0.93,,"The paper explicitly identifies propylene carbonate (PC) as the solvent in the electrolyte used for electrochemical characterization (e.g., “0.5 M TBACF3SO3 in propylene carbonate”; also “...TBACF3SO3",
Verified_Nguyen_et_al__-_2021_-_Polypeptide_organic_radical_batteries_reactions.json,Nguyen_et_al__-_2021_-_Polypeptide_organic_radical_batteries,low,chemicals,chemicals[19],chem_20,Carbon black,True,0.93,,"The paper explicitly includes carbon black as a component of the composite electrodes, but does not specify its mass/amount in absolute units. In the Fig. 4 caption it states the composite electrodes ",
Verified_Nguyen_et_al__-_2021_-_Polypeptide_organic_radical_batteries_reactions.json,Nguyen_et_al__-_2021_-_Polypeptide_organic_radical_batteries,low,chemicals,chemicals[20],chem_21,Polyvinylidene fluoride (PVDF),True,0.9,,"The paper explicitly identifies polyvinylidene fluoride (PVDF) as a component of the composite electrodes (e.g., Fig. 4 caption: “10 wt% polyvinylidene fluoride”; also Methods: “PVDF binder polymer (1",
Verified_Nguyen_et_al__-_2021_-_Polypeptide_organic_radical_batteries_reactions.json,Nguyen_et_al__-_2021_-_Polypeptide_organic_radical_batteries,low,synthesis,synthesis.steps[0].operations[0],esterification,,True,0.95,,The paper explicitly states: “Both pathways began with esterification reactions to install chloro or alkynyl groups at the γ-position …” in the “Syntheses of redox-active polypeptides” section (Page 1,
Verified_Nguyen_et_al__-_2021_-_Polypeptide_organic_radical_batteries_reactions.json,Nguyen_et_al__-_2021_-_Polypeptide_organic_radical_batteries,low,synthesis,synthesis.steps[1].operations[0],activation,,True,0.93,,The paper explicitly describes an “activation” step in the synthesis pathway. On page 2: “The synthesis of biTEMPO polypeptide involved … followed by activation to the nitroxide radical state (Fig. 2b,
Verified_Nguyen_et_al__-_2021_-_Polypeptide_organic_radical_batteries_reactions.json,Nguyen_et_al__-_2021_-_Polypeptide_organic_radical_batteries,low,synthesis,synthesis.steps[1].conditions,unknown,,False,0.75,,"The paper does mention nitrogen (N2) in a few specific contexts (for example, ring-opening polymerizations done under “N2 flow”, diphosgene in THF under N2, TGA performed under nitrogen atmosphere, an","Not specified (paper notes N2 in some individual steps, e.g., polymerization under N2 flow/THF under N2, but no single overall synthesis atmosphere is defined)."
Verified_Nguyen_et_al__-_2021_-_Polypeptide_organic_radical_batteries_reactions.json,Nguyen_et_al__-_2021_-_Polypeptide_organic_radical_batteries,low,synthesis,synthesis.steps[2].operations[0],ring-opening polymerization,,True,0.98,,The paper explicitly states that the chloro- and alkynyl-containing polypeptides were synthesized “via ring-opening polymerization of … N-carboxyanhydrides (CHLG NCAs; 3) and … (PLG NCAs; 11)” in the ,
Verified_Nguyen_et_al__-_2021_-_Polypeptide_organic_radical_batteries_reactions.json,Nguyen_et_al__-_2021_-_Polypeptide_organic_radical_batteries,low,synthesis,synthesis.steps[2].conditions,unknown,,False,0.92,,"The paper does mention nitrogen in several places (for example, polymerization in “DMF, N2 flow” and “THF, N2”, and TGA under nitrogen atmosphere; also drying with N2). However, it does not explicitly","If the intent is the atmosphere for specific synthesis steps, specify it stepwise (e.g., ring-opening polymerization: “DMF, N2 flow” (Fig. 2); NCA formation: “THF, N2” (Fig. 2); TGA: “nitrogen atmosph"
Verified_Nguyen_et_al__-_2021_-_Polypeptide_organic_radical_batteries_reactions.json,Nguyen_et_al__-_2021_-_Polypeptide_organic_radical_batteries,low,synthesis,synthesis.steps[3].operations[0],substitution,,True,0.93,,"The paper explicitly describes the viologen polypeptide being obtained via “SN2 substitution of halide-containing side chains by the viologen precursor” (Page 2, Syntheses of redox-active polypeptides",
Verified_Nguyen_et_al__-_2021_-_Polypeptide_organic_radical_batteries_reactions.json,Nguyen_et_al__-_2021_-_Polypeptide_organic_radical_batteries,low,synthesis,synthesis.steps[4].operations[0],SN2 substitution,,True,0.98,,The paper explicitly states: “The viologen-iodide (viol-I) polypeptide 6-I was obtained via SN2 substitution of halide-containing side chains…” in the main text (Page 2) and this corresponds to the sy,
Verified_Nguyen_et_al__-_2021_-_Polypeptide_organic_radical_batteries_reactions.json,Nguyen_et_al__-_2021_-_Polypeptide_organic_radical_batteries,low,synthesis,synthesis.steps[5].operations[0],ion exchange,,True,0.9,,"The paper explicitly includes an ion-exchange step in the viologen polypeptide synthesis. In the text it states: “The iodide ion was exchanged to chloride, resulting in the viologen-chloride (viol-Cl)",
Verified_Nguyen_et_al__-_2021_-_Polypeptide_organic_radical_batteries_reactions.json,Nguyen_et_al__-_2021_-_Polypeptide_organic_radical_batteries,low,synthesis,synthesis.steps[6].operations[0],modification,,True,0.86,,"The paper explicitly describes multiple post-polymerization modification steps (i.e., chemical modification of the polypeptides after polymerization). In the text it states: “...followed by cyclizatio",
Verified_Nguyen_et_al__-_2021_-_Polypeptide_organic_radical_batteries_reactions.json,Nguyen_et_al__-_2021_-_Polypeptide_organic_radical_batteries,low,synthesis,synthesis.steps[7].operations[0],activation,,True,0.95,,"The paper explicitly describes an ""activation"" step as part of the synthesis operations. On page 2 it states: ""The synthesis of biTEMPO polypeptide involved ... followed by activation to the nitroxide",
Verified_Nguyen_et_al__-_2021_-_Polypeptide_organic_radical_batteries_reactions.json,Nguyen_et_al__-_2021_-_Polypeptide_organic_radical_batteries,low,synthesis,synthesis.steps[7].conditions,unknown,,True,0.83,,"The paper explicitly mentions nitrogen (N2) being used as an atmosphere during synthesis-related steps. In the Methods it states that propargyl alcohol was “distilled under an atmosphere of N2”, and F",
Verified_Nguyen_et_al__-_2021_-_Polypeptide_organic_radical_batteries_reactions.json,Nguyen_et_al__-_2021_-_Polypeptide_organic_radical_batteries,low,synthesis,synthesis.steps[8].operations[0],ring-opening polymerization,,True,0.97,,"The paper explicitly states that the chloro- and alkynyl-containing polypeptides were synthesized “via ring-opening polymerization of … N-carboxyanhydrides” (Page 2, paragraph beginning “The chloro- a",
Verified_Nguyen_et_al__-_2021_-_Polypeptide_organic_radical_batteries_reactions.json,Nguyen_et_al__-_2021_-_Polypeptide_organic_radical_batteries,low,synthesis,synthesis.steps[8].conditions,unknown,,True,0.92,,"The paper explicitly indicates nitrogen (N2) is used during synthesis steps: Fig. 2 shows polymerization conditions including “DMF, N2 flow” and “Diphosgene, THF, N2”, and the Methods note propargyl a",
Verified_Nguyen_et_al__-_2021_-_Polypeptide_organic_radical_batteries_reactions.json,Nguyen_et_al__-_2021_-_Polypeptide_organic_radical_batteries,low,synthesis,synthesis.steps[9].operations[0],thiol-yne click,,True,0.96,,The paper explicitly states that terminal alkynes on the biTEMPO polypeptide side chain “allow for thiol-yne ‘click’ chemistry with thiol-decorated TEMPO precursors” and that the thiol was “clicked on,
Verified_Nguyen_et_al__-_2021_-_Polypeptide_organic_radical_batteries_reactions.json,Nguyen_et_al__-_2021_-_Polypeptide_organic_radical_batteries,low,synthesis,synthesis.steps[10].operations[0],oxidation,,False,0.9,,Fig. 2b (and the related synthesis description on page 2) describes post-polymerization modifications including an oxidative cleavage/oxidation step (m-CPBA) to activate TEMPO precursors to the nitrox,"activation (includes an oxidative step with m-CPBA to form the nitroxide radical state / oxidize thioethers to sulfones), or more specifically: oxidative cleavage/oxidation with m-CPBA as part of the "
Verified_Nguyen_et_al__-_2021_-_Polypeptide_organic_radical_batteries_reactions.json,Nguyen_et_al__-_2021_-_Polypeptide_organic_radical_batteries,low,workflow,workflow.timeline[0],unknown,Esterify glutamic acid to obtain CHLG.,False,0.86,,"The paper states that both synthetic pathways for the glutamate-based polypeptides began with esterification reactions, and it labels an intermediate as CHLG derived from L-glutamic acid (Fig. 2; text","Both pathways began with esterification reactions to install chloro or alkynyl groups at the γ-position (Fig. 2), generating chloro- or propargyl-decorated L-glutamic acid derivatives (e.g., CHLG show"
Verified_Nguyen_et_al__-_2021_-_Polypeptide_organic_radical_batteries_reactions.json,Nguyen_et_al__-_2021_-_Polypeptide_organic_radical_batteries,low,workflow,workflow.timeline[1],unknown,Convert CHLG to NCA.,False,0.97,,Nowhere in the provided paper text do the authors mention a workflow step or timeline described as “Convert CHLG to NCA.” The document does state that CHLG is converted to “CHLG NCA” (γ-(6-chlorohexyl,"If the intended workflow step is monomer synthesis, a text-supported phrasing would be: “Prepare CHLG NCA (γ-(6-chlorohexyl)-L-glutamate N-carboxyanhydride) from CHLG as part of the monomer synthesis "
Verified_Nguyen_et_al__-_2021_-_Polypeptide_organic_radical_batteries_reactions.json,Nguyen_et_al__-_2021_-_Polypeptide_organic_radical_batteries,low,workflow,workflow.timeline[2],unknown,Polymerize to PCHLG50.,False,0.74,,"The phrase/timeline step ""Polymerize to PCHLG50"" is not stated verbatim as a workflow timeline entry in the paper. The paper does state that ring-opening polymerization produces poly(γ-(6-chlorohexyl)","Replace with a text-supported statement such as: ""Ring-opening polymerization of CHLG NCA yields PCHLG (PCHLG50; DP ≈ 50)."""
Verified_Nguyen_et_al__-_2021_-_Polypeptide_organic_radical_batteries_reactions.json,Nguyen_et_al__-_2021_-_Polypeptide_organic_radical_batteries,low,workflow,workflow.timeline[3],unknown,Finkelstein exchange to iodide.,False,0.93,contradiction_clear,"The paper describes a Finkelstein reaction that replaces chlorine with iodine (to obtain an iodo-containing polypeptide) before installing the viologen, i.e., exchange *to iodide/iodine* is supported.",Activation step: replace chlorine atoms with iodine via Finkelstein reaction to obtain iodo-containing polypeptide (PIHLG50) prior to viologen installation.
Verified_Nguyen_et_al__-_2021_-_Polypeptide_organic_radical_batteries_reactions.json,Nguyen_et_al__-_2021_-_Polypeptide_organic_radical_batteries,low,workflow,workflow.timeline[4],unknown,Install viologen to yield viol-I.,False,0.62,,The paper discusses installation of viologen to obtain a viologen-iodide (viol-I) polypeptide (page 2: “The viologen-iodide (viol-I) polypeptide 6-I was obtained via SN2 substitution…”; Fig. 2 also la,"The viologen-iodide (viol-I) polypeptide 6-I was obtained via SN2 substitution of halide-containing side chains by the viologen precursor, 1-methyl-[4,4′]bipyridylium iodide (MBPI; 1), after an activa"
Verified_Nguyen_et_al__-_2021_-_Polypeptide_organic_radical_batteries_reactions.json,Nguyen_et_al__-_2021_-_Polypeptide_organic_radical_batteries,low,workflow,workflow.timeline[5],unknown,Ion exchange to viol-Cl (anode material).,True,0.93,,"The paper explicitly describes an ion exchange step converting viologen-iodide (viol-I) polypeptide to viologen-chloride (viol-Cl) polypeptide: “The iodide ion was exchanged to chloride, resulting in ",
Verified_Nguyen_et_al__-_2021_-_Polypeptide_organic_radical_batteries_reactions.json,Nguyen_et_al__-_2021_-_Polypeptide_organic_radical_batteries,low,workflow,workflow.timeline[6],unknown,Prepare propargyl glutamate precursor.,False,0.84,,The paper describes synthesis routes starting from L-glutamic acid and mentions “chloro- and propargyl-decorated L-glutamic acids” and γ-propargyl-L-glutamate NCAs (PLG NCA; 11) prepared from those de,"If a workflow-timeline item is needed, a text-supported phrasing would be: “Prepare γ-propargyl-L-glutamate N-carboxyanhydride (PLG NCA; 11) from propargyl-decorated L-glutamic acid, then polymerize t"
Verified_Nguyen_et_al__-_2021_-_Polypeptide_organic_radical_batteries_reactions.json,Nguyen_et_al__-_2021_-_Polypeptide_organic_radical_batteries,low,workflow,workflow.timeline[7],unknown,Convert to PLG NCA.,False,0.92,,The phrase/action “Convert to PLG NCA.” does not appear in the provided paper text as a workflow timeline step. The paper does mention “PLG NCA” (γ-propargyl-l-glutamate N-carboxyanhydrides; PLG NCAs;,"If the intended timeline step is the conversion shown in Fig. 2b, use something like: “Convert PLG HCl to PLG NCA (compound 10 → 11)” or “Prepare PLG NCA (11) from PLG HCl (10) using triphosgene in et"
Verified_Nguyen_et_al__-_2021_-_Polypeptide_organic_radical_batteries_reactions.json,Nguyen_et_al__-_2021_-_Polypeptide_organic_radical_batteries,low,workflow,workflow.timeline[8],unknown,Polymerize to PPLG50.,False,0.83,,"The source text does discuss polymerization to obtain poly(γ-propargyl-l-glutamate) with degree of polymerization ~50, explicitly denoted as “PPLG50” (e.g., “PPLG50; 12” obtained via ring-opening poly",Ring-opening polymerize PLG NCA (11) to obtain poly(γ-propargyl-l-glutamate) with DP ≈ 50 (PPLG50; 12).
Verified_Nguyen_et_al__-_2021_-_Polypeptide_organic_radical_batteries_reactions.json,Nguyen_et_al__-_2021_-_Polypeptide_organic_radical_batteries,low,workflow,workflow.timeline[9],unknown,Thiol-yne click with TEMPO precursor.,True,0.86,,"The paper explicitly describes that, in the biTEMPO polypeptide synthesis, terminal alkynes on the side chain were used for thiol-yne ‘click’ chemistry with thiol-decorated TEMPO precursors (Page 2: “",
Verified_Nguyen_et_al__-_2021_-_Polypeptide_organic_radical_batteries_reactions.json,Nguyen_et_al__-_2021_-_Polypeptide_organic_radical_batteries,low,workflow,workflow.timeline[10],unknown,Oxidize to biTEMPO polypeptide (cathode material).,False,0.78,,"The phrase/extracted step “Oxidize to biTEMPO polypeptide (cathode material)” is not stated as a workflow/timeline step in the paper. The paper does describe that, in synthesizing biTEMPO polypeptide,","Activation/oxidation step: after clicking thiol-decorated methyl-protected TEMPO onto PPLG50, oxidative cleavage with m-CPBA affords biTEMPO polypeptide 14 (TEMPO nitroxide radical cathode material)."
Verified_Nguyen_et_al__-_2021_-_Polypeptide_organic_radical_batteries_reactions.json,Nguyen_et_al__-_2021_-_Polypeptide_organic_radical_batteries,low,workflow,workflow.ambiguities[0],Temperature range not precisely specified (0 °C to r.t.),,True,0.93,,"The paper explicitly reports the reaction condition exactly as quoted: in Fig. 2b (synthetic scheme), the step from “6-Chlorohexanol” lists “THF, H2SO4, 0 °C to r.t., 24 h (83%)”. This inherently spec",
Verified_Nguyen_et_al__-_2021_-_Polypeptide_organic_radical_batteries_reactions.json,Nguyen_et_al__-_2021_-_Polypeptide_organic_radical_batteries,low,workflow,workflow.ambiguities[1],Reflux temperature not given for NaI substitution.,,True,0.9,,"The paper’s main text/figure (Fig. 2b synthetic scheme) lists the Finkelstein activation step as “NaI, acetone, Reflux, 3 d” for converting PCHLG50 (4) to PIHLG50 (5), but it does not provide an expli",
Verified_Nguyen_et_al__-_2021_-_Polypeptide_organic_radical_batteries_reactions.json,Nguyen_et_al__-_2021_-_Polypeptide_organic_radical_batteries,low,workflow,workflow.ambiguities[2],Conditions for ion exchange to chloride not described.,,True,0.78,,"The paper states: “The iodide ion was exchanged to chloride, resulting in the viologen-chloride (viol-Cl) polypeptide 6-Cl…” but provides no explicit description of the ion-exchange conditions (reagen",
Verified_Nguyen_et_al__-_2021_-_Polypeptide_organic_radical_batteries_reactions.json,Nguyen_et_al__-_2021_-_Polypeptide_organic_radical_batteries,low,characterization,characterization[0],ATR-FTIR,ATR-FTIR,True,0.98,,"The paper text explicitly reports ATR-FTIR absorbances at 1,650 cm−1 (amide I region) and 1,547 cm−1 (amide II region) in the context of Supplementary Fig. 6: “...absorbances in the Fourier transform ",
Verified_Nguyen_et_al__-_2021_-_Polypeptide_organic_radical_batteries_reactions.json,Nguyen_et_al__-_2021_-_Polypeptide_organic_radical_batteries,low,characterization,characterization[1],Circular dichroism,Circular dichroism,True,0.98,,The paper explicitly states that the circular dichroism spectra (Supplementary Fig. 3) show bands at 208 nm and 222 nm: “...bands at 208 nm and 222 nm in the circular dichroism spectra (Supplementary ,
Verified_Nguyen_et_al__-_2021_-_Polypeptide_organic_radical_batteries_reactions.json,Nguyen_et_al__-_2021_-_Polypeptide_organic_radical_batteries,low,characterization,characterization[2],Cyclic voltammetry,Cyclic voltammetry,True,0.98,,The paper explicitly reports cyclic voltammetry peak potentials for the polypeptides in the Electrochemical characterization section and refers to Fig. 3. It states: “The viol-Cl polypeptide exhibited,
Verified_Nguyen_et_al__-_2021_-_Polypeptide_organic_radical_batteries_reactions.json,Nguyen_et_al__-_2021_-_Polypeptide_organic_radical_batteries,low,analysis,analysis.methods[0],unknown,,False,0.9,,"The extracted value for “Analysis Method” is blank, but the paper explicitly describes the analysis/electrochemical methods used in connection with Fig. 4a–i (the cited provenance): cyclic voltammetry",Electrochemical analysis via cyclic voltammetry and galvanostatic charge–discharge cycling (half-cell and full-cell sandwich configurations); cycling response including Coulombic efficiency (Fig. 4a–i
Verified_Nguyen_et_al__-_2021_-_Polypeptide_organic_radical_batteries_reactions.json,Nguyen_et_al__-_2021_-_Polypeptide_organic_radical_batteries,low,analysis,analysis.methods[1],unknown,,False,0.72,,The extracted value for “Analysis Method” is blank. Fig. 4g–i (and the associated text describing Fig. 4g–i) clearly specifies electrochemical analysis methods used to generate those panels: cyclic vo,"Electrochemical characterization—cyclic voltammetry and galvanostatic charge–discharge cycling (cycling stability at 1C; Coulombic efficiency), as shown in Fig. 4g–i."
Verified_Nguyen_et_al__-_2021_-_Polypeptide_organic_radical_batteries_reactions.json,Nguyen_et_al__-_2021_-_Polypeptide_organic_radical_batteries,low,final_outcomes,final_outcomes,unknown,,True,0.95,,The paper explicitly reports that cycling stability of the polypeptide-based full cell was determined over 250 cycles (“Cycling stability of the polypeptide-based battery was determined over 250 cycle,
Verified_Park_et_al__-_2022_-_Introducing_high-valence_elements_into_cobalt-free_reactions.json,Park_et_al__-_2022_-_Introducing_high-valence_elements_into_cobalt-free,low,targets,targets[0],target_1,Li(Ni0.9Mn0.1)O2,False,0.93,contradiction_clear,"The extracted value for “Target Formula” is blank, but the paper explicitly states multiple target/cathode formulas throughout the text, especially in the Abstract and Methods (for example, Li(Ni0.9Mn",If the intended target is the main material studied: Li(Ni0.89Mn0.1Mo0.01)O2 (Mo–NM90). If the intended undoped baseline target: Li(Ni0.9Mn0.1)O2 (NM90).
Verified_Park_et_al__-_2022_-_Introducing_high-valence_elements_into_cobalt-free_reactions.json,Park_et_al__-_2022_-_Introducing_high-valence_elements_into_cobalt-free,low,targets,targets[1],target_2,Li(Ni0.89Mn0.1Mo0.01)O2,False,0.9,,"The field 'Target Formula' has an empty extracted value, but the paper explicitly states the target cathode compositions/formulae multiple times (e.g., Li(Ni0.9Mn0.1)O2 and the Mo-doped Li(Ni0.89Mn0.1","Set Target Formula to the main target material formula reported, e.g., Li(Ni0.9Mn0.1)O2 (NM90); for the optimized doped target: Li(Ni0.89Mn0.1Mo0.01)O2 (Mo–NM90)."
Verified_Park_et_al__-_2022_-_Introducing_high-valence_elements_into_cobalt-free_reactions.json,Park_et_al__-_2022_-_Introducing_high-valence_elements_into_cobalt-free,low,targets,targets[2],target_3,"Li(Ni0.89Mn0.1X0.01)O2 (X = Co, Al, Ti, Nb, Ta, W)",False,0.98,,"The paper explicitly states multiple target/cathode formulas throughout the text (e.g., Li(Ni0.9Mn0.1)O2; Li(Ni0.89Mn0.1Mo0.01)O2; also other doped variants in the Methods). The extracted value for “T",If the intended target is the main undoped material: Li(Ni0.9Mn0.1)O2. If the intended target is the primary improved/doped cathode highlighted: Li(Ni0.89Mn0.1Mo0.01)O2 (Mo–NM90).
Verified_Park_et_al__-_2022_-_Introducing_high-valence_elements_into_cobalt-free_reactions.json,Park_et_al__-_2022_-_Introducing_high-valence_elements_into_cobalt-free,low,chemicals,chemicals[0],chem_1,NiSO4·6H2O,False,0.92,contradiction_mixed,"The Methods section explicitly specifies the amount/concentration of NiSO4·6H2O used: it states an aqueous solution of ""2.0 M NiSO4·6H2O"" was used as starting material. Therefore the extracted claim t",NiSO4·6H2O | Amount: 2.0 M (aqueous solution concentration)
Verified_Park_et_al__-_2022_-_Introducing_high-valence_elements_into_cobalt-free_reactions.json,Park_et_al__-_2022_-_Introducing_high-valence_elements_into_cobalt-free,low,chemicals,chemicals[1],chem_2,MnSO4·H2O,False,0.93,,The Methods section explicitly specifies MnSO4·H2O as a starting material and gives its concentration (part of an aqueous solution of 2.0 M NiSO4·6H2O and MnSO4·H2O) with a Ni:Mn molar ratio of 90:10.,MnSO4·H2O | Amount: used in starting aqueous solution with 2.0 M NiSO4·6H2O and MnSO4·H2O at Ni:Mn molar ratio = 90:10 (MnSO4·H2O concentration not given explicitly).
Verified_Park_et_al__-_2022_-_Introducing_high-valence_elements_into_cobalt-free_reactions.json,Park_et_al__-_2022_-_Introducing_high-valence_elements_into_cobalt-free,low,chemicals,chemicals[2],chem_3,NH4OH (aq.),False,0.92,,"The Methods section explicitly specifies the NH4OH concentration and molar ratio: it states that “10.5 M NH4OH (aq.) (NH4OH:TM molar ratio = 1.2:1) were pumped separately into the reactor.” Therefore,",NH4OH (aq.) | Amount: 10.5 M (also given as NH4OH:TM molar ratio = 1.2:1)
Verified_Park_et_al__-_2022_-_Introducing_high-valence_elements_into_cobalt-free_reactions.json,Park_et_al__-_2022_-_Introducing_high-valence_elements_into_cobalt-free,low,chemicals,chemicals[3],chem_4,NaOH (aq.),True,0.93,,The Methods section explicitly lists the use of NaOH (aq.) during co-precipitation but does not specify a single added volume or mass amount for that NaOH feed. It states NaOH (aq.) is present in the ,
Verified_Park_et_al__-_2022_-_Introducing_high-valence_elements_into_cobalt-free_reactions.json,Park_et_al__-_2022_-_Introducing_high-valence_elements_into_cobalt-free,low,chemicals,chemicals[4],chem_5,Deionized water,True,0.93,,"The Methods section explicitly states that the reactor contained “a solution of deionized water, NH4OH (aq.) … and NaOH (aq.)”, confirming the chemical identity (deionized water). No quantity/volume f",
Verified_Park_et_al__-_2022_-_Introducing_high-valence_elements_into_cobalt-free_reactions.json,Park_et_al__-_2022_-_Introducing_high-valence_elements_into_cobalt-free,low,chemicals,chemicals[5],chem_6,N2 gas,True,0.9,,"The Methods explicitly state that the reactor was continuously purged with inert N2 gas to remove O2 (“The reactor was continuously purged with inert N2 gas to remove any O2.”). No flow rate, pressure",
Verified_Park_et_al__-_2022_-_Introducing_high-valence_elements_into_cobalt-free_reactions.json,Park_et_al__-_2022_-_Introducing_high-valence_elements_into_cobalt-free,low,chemicals,chemicals[6],chem_7,LiOH·H2O,True,0.83,,The Methods section explicitly states the precursor was mixed with “LiOH·H2O (Sigma-Aldrich)” but does not provide any mass/volume or absolute amount of LiOH·H2O used—only a molar ratio target “Li:(Ni,
Verified_Park_et_al__-_2022_-_Introducing_high-valence_elements_into_cobalt-free_reactions.json,Park_et_al__-_2022_-_Introducing_high-valence_elements_into_cobalt-free,low,chemicals,chemicals[7],chem_8,Co2O3,False,0.9,contradiction_mixed,"The paper explicitly mentions Co2O3 in the Methods as a dopant source, but it also specifies the amount: doped cathodes use x = 0.01 in a Li:(Ni+Mn):X molar ratio of 1.01:1−x:x, i.e., 1 mol% dopant. T","Co2O3 used as dopant precursor at x = 0.01 (1 mol% Co) in Li:(Ni+Mn):X = 1.01:1−x:x mixture (Methods, synthesis section)."
Verified_Park_et_al__-_2022_-_Introducing_high-valence_elements_into_cobalt-free_reactions.json,Park_et_al__-_2022_-_Introducing_high-valence_elements_into_cobalt-free,low,chemicals,chemicals[8],chem_9,Al(OH)3·3H2O,False,0.86,contradiction_clear,"In the Methods section, Al(OH)3·3H2O is explicitly listed as a dopant source: the precursor was mixed with LiOH·H2O and (for doped cathodes) “Co2O3, Al(OH)3·3H2O, TiO2, Nb2O5, Ta2O5, WO3 or MoO3 … to ","Al(OH)3·3H2O | Amount: dopant fraction x=0.01 (target 1 mol% Al), with Li:(Ni+Mn):Al molar ratio 1.01:0.99:0.01 for Al–NM90 powder mixture."
Verified_Park_et_al__-_2022_-_Introducing_high-valence_elements_into_cobalt-free_reactions.json,Park_et_al__-_2022_-_Introducing_high-valence_elements_into_cobalt-free,low,chemicals,chemicals[9],chem_10,TiO2,True,0.93,,"The Methods section lists TiO2 as a dopant precursor used “in the case of doped cathodes” alongside other oxides/hydroxides (“Co2O3, Al(OH)3·3H2O, TiO2, Nb2O5, Ta2O5, WO3 or MoO3”). However, the text ",
Verified_Park_et_al__-_2022_-_Introducing_high-valence_elements_into_cobalt-free_reactions.json,Park_et_al__-_2022_-_Introducing_high-valence_elements_into_cobalt-free,low,chemicals,chemicals[10],chem_11,Nb2O5,False,0.86,,"The paper explicitly specifies the amount of Nb2O5 used as the Nb dopant source during synthesis: in Methods, the precursor was mixed with LiOH·H2O and “(in the case of doped cathodes) … Nb2O5 … to ac","Nb2O5 | Amount: used to provide 1 mol% dopant (x=0.01) in Li:(Ni+Mn):X molar ratio 1.01:1−x:x (i.e., 1 mol% Nb via Nb2O5 in synthesis)."
Verified_Park_et_al__-_2022_-_Introducing_high-valence_elements_into_cobalt-free_reactions.json,Park_et_al__-_2022_-_Introducing_high-valence_elements_into_cobalt-free,low,chemicals,chemicals[11],chem_12,Ta2O5,True,0.83,,"The Methods section explicitly lists Ta2O5 as a dopant precursor used to prepare Ta–NM90: “(in the case of doped cathodes) Co2O3, Al(OH)3·3H2O, TiO2, Nb2O5, Ta2O5, WO3 or MoO3 … to achieve a Li:(Ni+Mn",
Verified_Park_et_al__-_2022_-_Introducing_high-valence_elements_into_cobalt-free_reactions.json,Park_et_al__-_2022_-_Introducing_high-valence_elements_into_cobalt-free,low,chemicals,chemicals[12],chem_13,WO3,False,0.93,contradiction_mixed,"WO3 is explicitly mentioned in the Methods as a dopant precursor (“...Co2O3, Al(OH)3·3H2O, TiO2, Nb2O5, Ta2O5, WO3 or MoO3...”) and the dopant level is explicitly given as x = 0.01 (1 mol%) for doped ",WO3 | Amount: used as W dopant precursor at x = 0.01 (1 mol%) in Li(Ni0.89Mn0.1W0.01)O2 synthesis (Li:(Ni+Mn):X = 1.01:1−x:x; x=0.01).
Verified_Park_et_al__-_2022_-_Introducing_high-valence_elements_into_cobalt-free_reactions.json,Park_et_al__-_2022_-_Introducing_high-valence_elements_into_cobalt-free,low,chemicals,chemicals[13],chem_14,MoO3,False,0.83,,"The paper explicitly states MoO3 is used as a dopant source in the Methods, but it also provides the quantitative dopant amount: doped cathodes use x = 0.01 in the Li:(Ni+Mn):X molar ratio (1.01:1−x:x",MoO3 | Amount: 1 mol% (x = 0.01 dopant level; Li:(Ni+Mn):Mo molar ratio 1.01:0.99:0.01 for Mo–NM90 synthesis)
Verified_Park_et_al__-_2022_-_Introducing_high-valence_elements_into_cobalt-free_reactions.json,Park_et_al__-_2022_-_Introducing_high-valence_elements_into_cobalt-free,low,chemicals,chemicals[14],chem_15,O2,True,0.93,,"The Methods section states: “The reactor was continuously purged with inert N2 gas to remove any O2.” This explicitly mentions O2 but does not provide any quantitative amount (no concentration, flow r",
Verified_Park_et_al__-_2022_-_Introducing_high-valence_elements_into_cobalt-free_reactions.json,Park_et_al__-_2022_-_Introducing_high-valence_elements_into_cobalt-free,low,synthesis,synthesis.steps[0].operations[0],mix,,True,0.72,,"The Methods section explicitly states that the precursor was “mixed with LiOH·H2O … and (in the case of doped cathodes) Co2O3, Al(OH)3·3H2O, TiO2, Nb2O5, Ta2O5, WO3 or MoO3…”. This supports that a syn",
Verified_Park_et_al__-_2022_-_Introducing_high-valence_elements_into_cobalt-free_reactions.json,Park_et_al__-_2022_-_Introducing_high-valence_elements_into_cobalt-free,low,synthesis,synthesis.steps[0].operations[1],pump,,True,0.83,,The paper’s Methods section explicitly states that the aqueous starting solution and additional NaOH/NH4OH solutions “were pumped into a reactor” during co-precipitation synthesis (“This aqueous solut,
Verified_Park_et_al__-_2022_-_Introducing_high-valence_elements_into_cobalt-free_reactions.json,Park_et_al__-_2022_-_Introducing_high-valence_elements_into_cobalt-free,low,synthesis,synthesis.steps[0].operations[2],pump,,True,0.83,,The Methods section explicitly states that the aqueous solution and other reagents were “pumped into a reactor” and that NaOH and NH4OH were “pumped separately into the reactor” during co-precipitatio,
Verified_Park_et_al__-_2022_-_Introducing_high-valence_elements_into_cobalt-free_reactions.json,Park_et_al__-_2022_-_Introducing_high-valence_elements_into_cobalt-free,low,synthesis,synthesis.steps[0].operations[3],pump,,True,0.78,,The Methods section explicitly describes solutions being “pumped into a reactor” and NaOH/NH4OH being “pumped separately into the reactor” during co-precipitation synthesis (“This aqueous solution was,
Verified_Park_et_al__-_2022_-_Introducing_high-valence_elements_into_cobalt-free_reactions.json,Park_et_al__-_2022_-_Introducing_high-valence_elements_into_cobalt-free,low,synthesis,synthesis.steps[0].operations[4],precipitate,,False,0.86,,"The paper describes the precursor synthesis explicitly as being done “via the co-precipitation method” and states “The formed precursor was washed, filtered and vacuum dried…”. It does not explicitly ",co-precipitation (co-precipitation method)
Verified_Park_et_al__-_2022_-_Introducing_high-valence_elements_into_cobalt-free_reactions.json,Park_et_al__-_2022_-_Introducing_high-valence_elements_into_cobalt-free,low,synthesis,synthesis.steps[0].operations[5],wash,,True,0.96,,"The Methods section explicitly states: “The formed precursor was washed, filtered and vacuum dried at 110 °C.” This directly supports the synthesis operation ‘wash’ occurring during precursor processi",
Verified_Park_et_al__-_2022_-_Introducing_high-valence_elements_into_cobalt-free_reactions.json,Park_et_al__-_2022_-_Introducing_high-valence_elements_into_cobalt-free,low,synthesis,synthesis.steps[0].operations[6],filter,,True,0.98,,"The Methods section explicitly states: “The formed precursor was washed, filtered and vacuum dried at 110 °C.” This describes a filtration step during synthesis, supporting the extracted synthesis ope",
Verified_Park_et_al__-_2022_-_Introducing_high-valence_elements_into_cobalt-free_reactions.json,Park_et_al__-_2022_-_Introducing_high-valence_elements_into_cobalt-free,low,synthesis,synthesis.steps[0].operations[7],dry,,True,0.88,,"The Methods section explicitly states: “The formed precursor was washed, filtered and vacuum dried at 110 °C.” This supports the synthesis operation being a drying step (“dry”).",
Verified_Park_et_al__-_2022_-_Introducing_high-valence_elements_into_cobalt-free_reactions.json,Park_et_al__-_2022_-_Introducing_high-valence_elements_into_cobalt-free,low,synthesis,synthesis.steps[0].conditions,unknown,,True,0.93,,"The Methods section explicitly states: “The reactor was continuously purged with inert N2 gas to remove any O2,” describing the synthesis environment (inert nitrogen atmosphere) during precursor co-pr",
Verified_Park_et_al__-_2022_-_Introducing_high-valence_elements_into_cobalt-free_reactions.json,Park_et_al__-_2022_-_Introducing_high-valence_elements_into_cobalt-free,low,synthesis,synthesis.steps[1].operations[0],mix,,True,0.78,,"The Methods section explicitly describes mixing steps in the synthesis: the precursor was ""mixed with LiOH·H2O"" and dopant sources to achieve a target molar ratio, and earlier the reactor contains dei",
Verified_Park_et_al__-_2022_-_Introducing_high-valence_elements_into_cobalt-free_reactions.json,Park_et_al__-_2022_-_Introducing_high-valence_elements_into_cobalt-free,low,synthesis,synthesis.steps[2].operations[0],calcine,,True,0.95,,"The Methods section explicitly states: “The powder mixtures were calcined in a tube furnace … at 770 °C under an O2 atmosphere…”. This directly supports that a calcination step (i.e., ‘calcine’) was p",
Verified_Park_et_al__-_2022_-_Introducing_high-valence_elements_into_cobalt-free_reactions.json,Park_et_al__-_2022_-_Introducing_high-valence_elements_into_cobalt-free,low,synthesis,synthesis.steps[2].conditions,unknown,,True,0.96,,"The Methods section explicitly states that the powder mixtures were calcined “at 770 °C under an O2 atmosphere,” which directly specifies the synthesis atmosphere as O2. It also notes the reactor was ",
Verified_Park_et_al__-_2022_-_Introducing_high-valence_elements_into_cobalt-free_reactions.json,Park_et_al__-_2022_-_Introducing_high-valence_elements_into_cobalt-free,low,workflow,workflow.timeline[0],unknown,Co-precipitation of hydroxide precursor (Ni0.9Mn0.1)(OH)2,True,0.96,,The Methods section explicitly states: “(Ni0.9Mn0.1)(OH)2 (cathode material precursor) was synthesized via the co-precipitation method…”. This directly supports the extracted workflow step “Co-precipi,
Verified_Park_et_al__-_2022_-_Introducing_high-valence_elements_into_cobalt-free_reactions.json,Park_et_al__-_2022_-_Introducing_high-valence_elements_into_cobalt-free,low,workflow,workflow.timeline[1],unknown,Mixing precursor with LiOH·H2O and dopant oxides,True,0.93,,"The Methods section explicitly states that to prepare each cathode material, the precursor ((Ni0.9Mn0.1)(OH)2) was mixed with LiOH·H2O and, for doped cathodes, dopant oxides (Co2O3, TiO2, Nb2O5, Ta2O5",
Verified_Park_et_al__-_2022_-_Introducing_high-valence_elements_into_cobalt-free_reactions.json,Park_et_al__-_2022_-_Introducing_high-valence_elements_into_cobalt-free,low,workflow,workflow.timeline[2],unknown,Calcination at 770 °C under O2 to yield final Li(Ni0.9Mn0.1Xx)O2 cathode material,False,0.83,contradiction_clear,"The paper does state that the powder mixtures were calcined at 770 C under an O2 atmosphere (Methods, Page 8). However, the extracted value adds details not stated: it claims this calcination step yie","Powder mixtures were calcined in a tube furnace at 770  C under an O2 atmosphere (heating/cooling rate: 2  C min91) to prepare NM90 and doped cathodes (e.g., Li(Ni0.9Mn0.1)O2 and Li(Ni0.89Mn0.1X0.01)"
Verified_Park_et_al__-_2022_-_Introducing_high-valence_elements_into_cobalt-free_reactions.json,Park_et_al__-_2022_-_Introducing_high-valence_elements_into_cobalt-free,low,workflow,workflow.ambiguities[0],Calcination duration not specified,,True,0.9,,"In the Methods section, the synthesis step states: “The powder mixtures were calcined in a tube furnace … at 770 °C under an O2 atmosphere (heating and cooling rate: 2 °C min−1).” No calcination holdi",
Verified_Park_et_al__-_2022_-_Introducing_high-valence_elements_into_cobalt-free_reactions.json,Park_et_al__-_2022_-_Introducing_high-valence_elements_into_cobalt-free,low,workflow,workflow.ambiguities[1],Flow rates and precipitation time not provided,,True,0.86,,"In the Methods section describing co-precipitation synthesis, the paper states that the metal sulfate solution and the 4.0 M NaOH / 10.5 M NH4OH solutions were “pumped into the reactor” (with molar ra",
Verified_Park_et_al__-_2022_-_Introducing_high-valence_elements_into_cobalt-free_reactions.json,Park_et_al__-_2022_-_Introducing_high-valence_elements_into_cobalt-free,low,characterization,characterization[0],XRD,XRD,False,0.95,,"The paper explicitly reports using XRD for crystal-structure characterization in the Methods (“The crystal structures… were characterized by XRD…”, with instrument and scan conditions) and discusses X","Replace [] with an affirmative XRD entry, e.g., [""XRD (Cu Kα; Empyrean PANalytical; 2θ=10–130°, step 0.02°; Rietveld refinement FullProf)"", ""in situ XRD (PIXcel 1D detector)""]"
Verified_Park_et_al__-_2022_-_Introducing_high-valence_elements_into_cobalt-free_reactions.json,Park_et_al__-_2022_-_Introducing_high-valence_elements_into_cobalt-free,low,characterization,characterization[1],SEM,SEM,True,0.88,,"The text explicitly states that reducing primary particle size to an ultrafine scale “(<500 nm)” is effective, and then discusses SEM results in relation to Fig. 2 showing that high-valence doped NM90",
Verified_Park_et_al__-_2022_-_Introducing_high-valence_elements_into_cobalt-free_reactions.json,Park_et_al__-_2022_-_Introducing_high-valence_elements_into_cobalt-free,low,characterization,characterization[2],TEM/SAED,TEM/SAED,True,0.92,,The paper explicitly states that cation ordering is enhanced in Mo–NM90. In the Abstract (page 1): “Enhanced cation ordering induced by the presence of Mo6+…”. In the main text (page 6): “...confirmin,
Verified_Park_et_al__-_2022_-_Introducing_high-valence_elements_into_cobalt-free_reactions.json,Park_et_al__-_2022_-_Introducing_high-valence_elements_into_cobalt-free,low,characterization,characterization[3],DSC,DSC,False,0.74,,"The paper explicitly reports that differential scanning calorimetry (DSC) was performed and refers to results in “Supplementary Fig. 16” (thermal stability comparison), and the Methods section describ","Indicate that DSC characterization was performed. For example: [""DSC (differential scanning calorimetry)""], with details if needed: charged to 4.4 V; 7 mg sample + 100 µL electrolyte; 5 °C/min; 50–350"
Verified_Park_et_al__-_2022_-_Introducing_high-valence_elements_into_cobalt-free_reactions.json,Park_et_al__-_2022_-_Introducing_high-valence_elements_into_cobalt-free,low,characterization,characterization[4],ICP-OES,ICP-OES,False,0.92,,"The paper explicitly states in the Methods/Analytical approach that chemical compositions were determined by ICP-OES (""inductively coupled plasma-optical emission spectrometry (ICP-OES; Optima 8300, P","[""ICP-OES (inductively coupled plasma–optical emission spectrometry; Optima 8300, PerkinElmer)""]"
Verified_Park_et_al__-_2022_-_Introducing_high-valence_elements_into_cobalt-free_reactions.json,Park_et_al__-_2022_-_Introducing_high-valence_elements_into_cobalt-free,low,characterization,characterization[5],XPS,XPS,False,0.83,,The paper explicitly states that XPS was used to confirm dopant oxidation states and cites “Supplementary Fig. 4” for the XPS analysis (“confirmed by X-ray photoelectron spectroscopy (XPS) analysis (S,"Indicate that XPS characterization was performed (e.g., [""XPS""], or a boolean flag such as true). If the field expects details, note that XPS was used to confirm oxidation states of dopants (Supplemen"
Verified_Park_et_al__-_2022_-_Introducing_high-valence_elements_into_cobalt-free_reactions.json,Park_et_al__-_2022_-_Introducing_high-valence_elements_into_cobalt-free,low,characterization,characterization[6],GITT,GITT,True,0.96,,"The paper explicitly states: “The Li+ diffusion coefficient, estimated using the galvanostatic intermittent titration technique (GITT), shows that Li+ diffusion slows during the H2 → H3 phase transiti",
Verified_Park_et_al__-_2022_-_Introducing_high-valence_elements_into_cobalt-free_reactions.json,Park_et_al__-_2022_-_Introducing_high-valence_elements_into_cobalt-free,low,analysis,analysis.methods[0],unknown,,False,0.92,,"The paper explicitly lists multiple analysis/characterization methods under the “Analytical approach” section (Methods), including ICP-OES, XPS, XRD (with Rietveld refinement), SEM, TEM/SAED/HR-TEM, D",Analytical approach includes: ICP-OES; XPS; XRD (Cu Kα) with Rietveld refinement (FullProf); SEM (with cross-sectional polisher); ImageJ particle size analysis; micro-compression testing; TEM (Cs-corr
Verified_Park_et_al__-_2022_-_Introducing_high-valence_elements_into_cobalt-free_reactions.json,Park_et_al__-_2022_-_Introducing_high-valence_elements_into_cobalt-free,low,final_outcomes,final_outcomes,unknown,,True,0.93,,"The paper explicitly reports performance after “1,000 cycles” (full cell capacity retention after 1,000 cycles; also mentioned in the abstract and Fig. 5 discussion). Thus a cycle-life value of 1000 c",
Verified_Ren_et_al__-_2015_-_Direct_observation_of_lithium_dendrites_inside_gar_reactions.json,Ren_et_al__-_2015_-_Direct_observation_of_lithium_dendrites_inside_gar,low,targets,targets[0],target_1,Li6.75La3Zr1.75Ta0.25O12 sintered pellet (LLZTO),True,0.99,,The paper explicitly states the material as “Al-contained Li6.75La3Zr1.75Ta0.25O12 (LLZTO)” in both the abstract (“This work investigated the resistance of Al-contained Li6.75La3Zr1.75Ta0.25O12…”) and,
Verified_Ren_et_al__-_2015_-_Direct_observation_of_lithium_dendrites_inside_gar_reactions.json,Ren_et_al__-_2015_-_Direct_observation_of_lithium_dendrites_inside_gar,low,chemicals,chemicals[0],chem_1,Lithium hydroxide monohydrate,False,0.88,,"In the Experimental section, the paper explicitly lists “stoichiometric amounts of LiOH·H2O (with 10 wt.% excess), La2O3, ZrO2, and Ta2O5 were mixed together…”. Thus lithium hydroxide monohydrate is m",Lithium hydroxide monohydrate (LiOH·H2O) | Amount: 10 wt.% excess (used with stoichiometric amounts of other precursors)
Verified_Ren_et_al__-_2015_-_Direct_observation_of_lithium_dendrites_inside_gar_reactions.json,Ren_et_al__-_2015_-_Direct_observation_of_lithium_dendrites_inside_gar,low,chemicals,chemicals[1],chem_2,Lanthanum oxide,True,0.93,,"The Experimental section lists the raw materials used for LLZTO synthesis, including “La2O3” (lanthanum oxide), but does not state a specific amount for La2O3 beyond saying “stoichiometric amounts ...",
Verified_Ren_et_al__-_2015_-_Direct_observation_of_lithium_dendrites_inside_gar_reactions.json,Ren_et_al__-_2015_-_Direct_observation_of_lithium_dendrites_inside_gar,low,chemicals,chemicals[2],chem_3,Zirconium dioxide,False,0.9,contradiction_clear,"In the Experimental section, zirconium dioxide is explicitly listed as a starting raw material: “stoichiometric amounts of LiOH·H2O (with 10 wt.% excess), La2O3, ZrO2, and Ta2O5 were mixed together…”.",Zirconium dioxide (ZrO2) | Amount: stoichiometric amount (as a raw material for Li6.75La3Zr1.75Ta0.25O12; Zr stoichiometry corresponds to 1.75 per formula unit of LLZTO; no gram/mass amount reported).
Verified_Ren_et_al__-_2015_-_Direct_observation_of_lithium_dendrites_inside_gar_reactions.json,Ren_et_al__-_2015_-_Direct_observation_of_lithium_dendrites_inside_gar,low,chemicals,chemicals[3],chem_4,Tantalum(V) oxide,True,0.93,,"The paper explicitly lists Ta2O5 (tantalum(V) oxide) as one of the raw materials in the Experimental section: “stoichiometric amounts of LiOH·H2O (with 10 wt.% excess), La2O3, ZrO2, and Ta2O5 were mix",
Verified_Ren_et_al__-_2015_-_Direct_observation_of_lithium_dendrites_inside_gar_reactions.json,Ren_et_al__-_2015_-_Direct_observation_of_lithium_dendrites_inside_gar,low,chemicals,chemicals[4],chem_5,Aluminium oxide,False,0.95,,"In the Experimental section, the paper states: ""LLZTO powder was synthesized by solid state reaction with Al2O3 (0.15 mol per mol LLZTO) intentionally added to the raw materials as sintering aid."" Thi",Aluminium oxide (Al2O3) | Amount: 0.15 mol per mol LLZTO (molar ratio; sintering aid)
Verified_Ren_et_al__-_2015_-_Direct_observation_of_lithium_dendrites_inside_gar_reactions.json,Ren_et_al__-_2015_-_Direct_observation_of_lithium_dendrites_inside_gar,low,chemicals,chemicals[5],chem_6,2-Propanol,True,0.9,,The Experimental section explicitly mentions 2-propanol as the ball-milling medium (“ball-milled in 2-propanol for 13 h”). No quantity/volume or mass of 2-propanol is provided anywhere else in the tex,
Verified_Ren_et_al__-_2015_-_Direct_observation_of_lithium_dendrites_inside_gar_reactions.json,Ren_et_al__-_2015_-_Direct_observation_of_lithium_dendrites_inside_gar,low,chemicals,chemicals[6],chem_7,Ethanol,True,0.93,false_positive_suspect,The paper explicitly mentions ethanol being used as the medium for Archimedes relative density measurements (“measured using the Archimedes method with ethanol as medium”) and also mentions immersing ,
Verified_Ren_et_al__-_2015_-_Direct_observation_of_lithium_dendrites_inside_gar_reactions.json,Ren_et_al__-_2015_-_Direct_observation_of_lithium_dendrites_inside_gar,low,chemicals,chemicals[7],chem_8,Lithium metal,True,0.93,,"The paper explicitly states that Li/LLZTO/Li symmetric cells were prepared by “sandwiching thin lithium metal plates and LLZTO pellets” (Experimental, page 2), confirming the chemical identity as lith",
Verified_Ren_et_al__-_2015_-_Direct_observation_of_lithium_dendrites_inside_gar_reactions.json,Ren_et_al__-_2015_-_Direct_observation_of_lithium_dendrites_inside_gar,low,chemicals,chemicals[8],chem_9,Gold,False,0.83,contradiction_clear,"The paper describes Au/LLZTO/Au cells (gold electrodes) and Li/LLZTO/Li cells, but it does not provide any amount (mass, thickness, loading, concentration, etc.) of gold used. It also does not explici",Chemical identity: Au (gold) electrode material; Amount: not specified in text.
Verified_Ren_et_al__-_2015_-_Direct_observation_of_lithium_dendrites_inside_gar_reactions.json,Ren_et_al__-_2015_-_Direct_observation_of_lithium_dendrites_inside_gar,low,synthesis,synthesis.steps[0].operations[0],mix,,True,0.85,,"The Experimental section explicitly states that the raw materials were “mixed together” before calcination (“stoichiometric amounts of LiOH·H2O… La2O3, ZrO2, and Ta2O5 were mixed together and calcined",
Verified_Ren_et_al__-_2015_-_Direct_observation_of_lithium_dendrites_inside_gar_reactions.json,Ren_et_al__-_2015_-_Direct_observation_of_lithium_dendrites_inside_gar,low,synthesis,synthesis.steps[1].operations[0],calcine,,True,0.95,,"The paper explicitly describes a calcination step in the synthesis: the mixed raw materials were “calcined at 900 °C for 6 h” (Experimental section, Page 1). Therefore the synthesis operation “calcine",
Verified_Ren_et_al__-_2015_-_Direct_observation_of_lithium_dendrites_inside_gar_reactions.json,Ren_et_al__-_2015_-_Direct_observation_of_lithium_dendrites_inside_gar,low,synthesis,synthesis.steps[2].operations[0],mill,,True,0.9,,The paper explicitly describes a milling step: “The as-calcined powders were ball-milled in 2-propanol for 13 h using planetary ball mill...” in the Experimental section. This supports the synthesis o,
Verified_Ren_et_al__-_2015_-_Direct_observation_of_lithium_dendrites_inside_gar_reactions.json,Ren_et_al__-_2015_-_Direct_observation_of_lithium_dendrites_inside_gar,low,synthesis,synthesis.steps[2].operations[1],dry,,True,0.9,,"The Experimental section states the powders were ball-milled in 2-propanol and then subjected to a ""drying process"" before pressing into pellets (Page 1). This explicitly supports that a drying (i.e.,",
Verified_Ren_et_al__-_2015_-_Direct_observation_of_lithium_dendrites_inside_gar_reactions.json,Ren_et_al__-_2015_-_Direct_observation_of_lithium_dendrites_inside_gar,low,synthesis,synthesis.steps[3].operations[0],press,,True,0.98,,The Experimental section explicitly states: “The powder was then pressed into pellets and sintered…”. This directly supports that a synthesis operation was pressing (press).,
Verified_Ren_et_al__-_2015_-_Direct_observation_of_lithium_dendrites_inside_gar_reactions.json,Ren_et_al__-_2015_-_Direct_observation_of_lithium_dendrites_inside_gar,low,synthesis,synthesis.steps[4].operations[0],sinter,,True,0.99,,"The paper explicitly describes a sintering step in the experimental procedure: powders were pressed into pellets and “sintered in alumina crucibles at various temperatures from 1050 to 1150 °C,” and r",
Verified_Ren_et_al__-_2015_-_Direct_observation_of_lithium_dendrites_inside_gar_reactions.json,Ren_et_al__-_2015_-_Direct_observation_of_lithium_dendrites_inside_gar,low,workflow,workflow.timeline[0],unknown,Raw material mixing with sintering aid,True,0.68,,"The Experimental section explicitly describes this workflow step: “stoichiometric amounts of LiOH·H2O… La2O3, ZrO2, and Ta2O5 were mixed together” with Al2O3 “intentionally added to the raw materials ",
Verified_Ren_et_al__-_2015_-_Direct_observation_of_lithium_dendrites_inside_gar_reactions.json,Ren_et_al__-_2015_-_Direct_observation_of_lithium_dendrites_inside_gar,low,workflow,workflow.timeline[1],unknown,Calcination at 900 °C for 6 h,True,0.99,,The Experimental section explicitly states the mixed raw materials were “calcined at 900 oC for 6 h.” This directly matches the extracted workflow timeline value “Calcination at 900 °C for 6 h.”,
Verified_Ren_et_al__-_2015_-_Direct_observation_of_lithium_dendrites_inside_gar_reactions.json,Ren_et_al__-_2015_-_Direct_observation_of_lithium_dendrites_inside_gar,low,workflow,workflow.timeline[2],unknown,Ball milling in 2-propanol and drying,True,0.9,,The Experimental section explicitly states: “The as-calcined powders were ball-milled in 2-propanol for 13 h … followed by drying process.” This directly supports the workflow step “Ball milling in 2-,
Verified_Ren_et_al__-_2015_-_Direct_observation_of_lithium_dendrites_inside_gar_reactions.json,Ren_et_al__-_2015_-_Direct_observation_of_lithium_dendrites_inside_gar,low,workflow,workflow.timeline[3],unknown,Pressing into green pellets,False,0.83,contradiction_clear,"The paper describes pellet fabrication as: ""The powder was then pressed into pellets and sintered..."" and later mentions ""pores originated from the green body"". However, it never explicitly uses the w",Pressed the powder into pellets (green bodies) and then sintered at 1050–1150 °C.
Verified_Ren_et_al__-_2015_-_Direct_observation_of_lithium_dendrites_inside_gar_reactions.json,Ren_et_al__-_2015_-_Direct_observation_of_lithium_dendrites_inside_gar,low,workflow,workflow.timeline[4],unknown,Sintering at 1050–1150 °C to obtain dense LLZTO electrolytes,True,0.93,,"The paper explicitly states in the Experimental section that the pressed LLZTO powder was “sintered in alumina crucibles at various temperatures from 1050 to 1150 oC,” and discusses relative density/m",
Verified_Ren_et_al__-_2015_-_Direct_observation_of_lithium_dendrites_inside_gar_reactions.json,Ren_et_al__-_2015_-_Direct_observation_of_lithium_dendrites_inside_gar,low,workflow,workflow.ambiguities[0],Amounts of individual reactants not specified,,True,0.92,,"Supported. In the Experimental section, the paper states that LLZTO powder was synthesized using “stoichiometric amounts of LiOH·H2O (with 10 wt.% excess), La2O3, ZrO2, and Ta2O5” mixed and calcined. ",
Verified_Ren_et_al__-_2015_-_Direct_observation_of_lithium_dendrites_inside_gar_reactions.json,Ren_et_al__-_2015_-_Direct_observation_of_lithium_dendrites_inside_gar,low,workflow,workflow.ambiguities[1],Sintering time not specified,,True,0.93,,"In the Experimental section, the paper states the pellets were “sintered in alumina crucibles at various temperatures from 1050 to 1150 oC” but gives no dwell/sintering time for this sintering step. T",
Verified_Ren_et_al__-_2015_-_Direct_observation_of_lithium_dendrites_inside_gar_reactions.json,Ren_et_al__-_2015_-_Direct_observation_of_lithium_dendrites_inside_gar,low,characterization,characterization[0],ICP-OES,ICP-OES,True,0.98,,"The Experimental section explicitly states: “the atomic ratio of La/Al measured in the LLZTO-1100 is 3.00/0.39,” determined by ICP-OES. This directly matches the extracted metric and value.",
Verified_Ren_et_al__-_2015_-_Direct_observation_of_lithium_dendrites_inside_gar_reactions.json,Ren_et_al__-_2015_-_Direct_observation_of_lithium_dendrites_inside_gar,low,characterization,characterization[1],Archimedes density,Archimedes density,False,0.84,,"The paper states that “relative densities of the pellets were measured using the Archimedes method with ethanol as medium” (Experimental), but it does not report any Archimedes density values (numeric",If this field is intended to capture the reported Archimedes density values: Not specified (no numerical Archimedes/relative density values are given in the provided text). If it is intended to captur
Verified_Ren_et_al__-_2015_-_Direct_observation_of_lithium_dendrites_inside_gar_reactions.json,Ren_et_al__-_2015_-_Direct_observation_of_lithium_dendrites_inside_gar,low,characterization,characterization[2],XRD,XRD,True,0.9,,"The paper’s Experimental section describes characterization methods including SEM (SE/BSE) and EDX, and mentions X-ray diffraction only in the context of calculating theoretical density from lattice p",
Verified_Ren_et_al__-_2015_-_Direct_observation_of_lithium_dendrites_inside_gar_reactions.json,Ren_et_al__-_2015_-_Direct_observation_of_lithium_dendrites_inside_gar,low,characterization,characterization[3],Electrochemical Impedance Spectroscopy,Electrochemical Impedance Spectroscopy,False,0.93,contradiction_clear,The paper explicitly reports Electrochemical Impedance Spectroscopy (EIS) measurements: impedance profiles of Au/LLZTO/Au cells (Agilent 4294A) and EIS of Li/LLZTO/Li cells (1 Hz–8 MHz) using a Zahner,"Indicate that Electrochemical Impedance Spectroscopy was performed (e.g., ""EIS measured (Au/LLZTO/Au: 100 Hz–110 MHz with Agilent 4294A; Li/LLZTO/Li: 1 Hz–8 MHz with Zahner IM6)"")."
Verified_Ren_et_al__-_2015_-_Direct_observation_of_lithium_dendrites_inside_gar_reactions.json,Ren_et_al__-_2015_-_Direct_observation_of_lithium_dendrites_inside_gar,low,characterization,characterization[4],Electrochemical Impedance Spectroscopy,Electrochemical Impedance Spectroscopy,True,0.98,,The paper explicitly reports the lithium dendrite resistance parameter r3 and gives its value. On Page 4 in the Results/Discussion describing post–short-circuit EIS analysis: “the resistance (r3) of t,
Verified_Ren_et_al__-_2015_-_Direct_observation_of_lithium_dendrites_inside_gar_reactions.json,Ren_et_al__-_2015_-_Direct_observation_of_lithium_dendrites_inside_gar,low,characterization,characterization[5],SEM,SEM,True,0.9,,"The text describing Fig. 2 explicitly reports that after short-circuiting, “some dark regions… appear” and that EDX suggests these dark regions are “rich in Li element,” leading the authors to suggest",
Verified_Ren_et_al__-_2015_-_Direct_observation_of_lithium_dendrites_inside_gar_reactions.json,Ren_et_al__-_2015_-_Direct_observation_of_lithium_dendrites_inside_gar,low,characterization,characterization[6],EDX line scan,EDX line scan,True,0.93,,"The text explicitly describes the EDX line scan across a dark region (Fig. 2f) showing decreased amounts of La, Zr, Ta, and O in the dark region, and interprets this as the dark region being rich in L",
Verified_Ren_et_al__-_2015_-_Direct_observation_of_lithium_dendrites_inside_gar_reactions.json,Ren_et_al__-_2015_-_Direct_observation_of_lithium_dendrites_inside_gar,low,analysis,analysis.methods[0],unknown,,False,0.93,,"The paper explicitly states multiple analysis/characterization methods (e.g., SEM in SE mode, BSE imaging, line-scan EDX, ICP-OES, XRD, EIS/impedance spectroscopy, Archimedes density), but the extract",Scanning electron microscopy (SEM; SE and BSE modes) with line-scan EDX; electrochemical impedance spectroscopy (EIS); ICP-OES; X-ray diffraction (XRD); Archimedes density measurement.
Verified_Senevirathne_et_al__-_2013_-_A_new_crystalline_LiPON_electrolyte_Synthesis__pr_reactions.json,Senevirathne_et_al__-_2013_-_A_new_crystalline_LiPON_electrolyte_Synthesis__pr,low,targets,targets[0],target_1,SD-Li2PO2N,True,0.99,,"The paper explicitly identifies the new crystalline compound as Li2PO2N multiple times, including the Abstract (“The new crystalline compound, Li2PO2N, was synthesized…”) and Methods 2.1 where the syn",
Verified_Senevirathne_et_al__-_2013_-_A_new_crystalline_LiPON_electrolyte_Synthesis__pr_reactions.json,Senevirathne_et_al__-_2013_-_A_new_crystalline_LiPON_electrolyte_Synthesis__pr,low,targets,targets[1],target_2,Li4P2O7,False,0.95,contradiction_clear,The paper’s primary target compound is SD-Li2PO2N. Li4P2O7 appears only as an oxidation/decomposition product formed above ~600–700 °C in air (Section 3.4: reaction shown and XRD identification). Ther,Li2PO2N (SD-Li2PO2N)
Verified_Senevirathne_et_al__-_2013_-_A_new_crystalline_LiPON_electrolyte_Synthesis__pr_reactions.json,Senevirathne_et_al__-_2013_-_A_new_crystalline_LiPON_electrolyte_Synthesis__pr,low,chemicals,chemicals[0],chem_1,Lithium oxide,True,0.93,,"The paper identifies lithium oxide (Li2O) as a precursor material in Methods 2.1 (“The precursor materials, lithium oxide (Li2O, 99.5% purity, Alfa Aesar)…”), confirming the chemical identity. However",
Verified_Senevirathne_et_al__-_2013_-_A_new_crystalline_LiPON_electrolyte_Synthesis__pr_reactions.json,Senevirathne_et_al__-_2013_-_A_new_crystalline_LiPON_electrolyte_Synthesis__pr,low,chemicals,chemicals[1],chem_2,Phosphorus pentoxide,True,0.93,,"The paper explicitly identifies phosphorus pentoxide (P2O5) as a precursor in Methods 2.1 (“phosphorous pentoxide (P2O5, 99.99% purity, Sigma-Aldrich)”). However, it does not give a standalone mass/am",
Verified_Senevirathne_et_al__-_2013_-_A_new_crystalline_LiPON_electrolyte_Synthesis__pr_reactions.json,Senevirathne_et_al__-_2013_-_A_new_crystalline_LiPON_electrolyte_Synthesis__pr,low,chemicals,chemicals[2],chem_3,Triphosphorus pentanitride,True,0.98,,The paper explicitly identifies triphosphorus pentanitride as a precursor (“triphosphorous pentanitride (P3N5)”) in Methods 2.1. The text does not provide a standalone mass/amount for P3N5; it only gi,
Verified_Senevirathne_et_al__-_2013_-_A_new_crystalline_LiPON_electrolyte_Synthesis__pr_reactions.json,Senevirathne_et_al__-_2013_-_A_new_crystalline_LiPON_electrolyte_Synthesis__pr,low,chemicals,chemicals[3],chem_4,Argon,True,0.93,,"The paper explicitly mentions argon as a chemical used (e.g., precursors weighed in an “argon filled glove box”; impedance collected in an “Ar atmosphere”). However, no quantitative amount/volume/flow",
Verified_Senevirathne_et_al__-_2013_-_A_new_crystalline_LiPON_electrolyte_Synthesis__pr_reactions.json,Senevirathne_et_al__-_2013_-_A_new_crystalline_LiPON_electrolyte_Synthesis__pr,low,chemicals,chemicals[4],chem_5,Ethanol,True,0.96,,"In Methods 2.2.2 (Transmission electron microscopy), the paper states the powder was “dispersed in ethanol by sonication for ~5 min,” but it does not give an amount/volume/concentration of ethanol. Th",
Verified_Senevirathne_et_al__-_2013_-_A_new_crystalline_LiPON_electrolyte_Synthesis__pr_reactions.json,Senevirathne_et_al__-_2013_-_A_new_crystalline_LiPON_electrolyte_Synthesis__pr,low,chemicals,chemicals[5],chem_6,Silver ink,True,0.97,,"Section 2.2.5 (Impedance measurements) explicitly states that “Silver ink and silver wires were attached to the Li2PO2N pellets, serving as ion-blocking electrodes.” No quantity/amount of silver ink i",
Verified_Senevirathne_et_al__-_2013_-_A_new_crystalline_LiPON_electrolyte_Synthesis__pr_reactions.json,Senevirathne_et_al__-_2013_-_A_new_crystalline_LiPON_electrolyte_Synthesis__pr,low,chemicals,chemicals[6],chem_7,Silver wire,True,0.95,,"In Methods section 2.2.5 (Impedance measurements), the paper explicitly states: “Silver ink and silver wires were attached to the Li2PO2N pellets, serving as ion-blocking electrodes.” This supports th",
Verified_Senevirathne_et_al__-_2013_-_A_new_crystalline_LiPON_electrolyte_Synthesis__pr_reactions.json,Senevirathne_et_al__-_2013_-_A_new_crystalline_LiPON_electrolyte_Synthesis__pr,low,synthesis,synthesis.steps[0].operations[0],weigh,,True,0.97,,"In Methods section 2.1 (Synthesis methods), the text explicitly states that the precursor materials “were weighed in an argon filled glove box in the molar ratio of 1:0.2:0.3…”. This directly supports",
Verified_Senevirathne_et_al__-_2013_-_A_new_crystalline_LiPON_electrolyte_Synthesis__pr_reactions.json,Senevirathne_et_al__-_2013_-_A_new_crystalline_LiPON_electrolyte_Synthesis__pr,low,synthesis,synthesis.steps[0].operations[1],grind,,True,0.9,,"In Methods section 2.1 (Synthesis methods), the text explicitly states the precursor materials were “ground for approximately 15 min to form a homogenous mixture” and later that “The gray microcrystal",
Verified_Senevirathne_et_al__-_2013_-_A_new_crystalline_LiPON_electrolyte_Synthesis__pr_reactions.json,Senevirathne_et_al__-_2013_-_A_new_crystalline_LiPON_electrolyte_Synthesis__pr,low,synthesis,synthesis.steps[0].conditions,unknown,,True,0.94,,The paper explicitly states that precursor materials were weighed and all manipulations were done inside an argon-filled glove box (“weighed in an argon filled glove box”; “All manipulations were done,
Verified_Senevirathne_et_al__-_2013_-_A_new_crystalline_LiPON_electrolyte_Synthesis__pr_reactions.json,Senevirathne_et_al__-_2013_-_A_new_crystalline_LiPON_electrolyte_Synthesis__pr,low,synthesis,synthesis.steps[1].operations[0],press,,True,0.97,,Methods 2.1 explicitly states: “0.25 g of the powder was pressed into a cylindrical pellet using a hand-held pellet press…”. This directly supports the synthesis operation being a press/pressed-pellet,
Verified_Senevirathne_et_al__-_2013_-_A_new_crystalline_LiPON_electrolyte_Synthesis__pr_reactions.json,Senevirathne_et_al__-_2013_-_A_new_crystalline_LiPON_electrolyte_Synthesis__pr,low,synthesis,synthesis.steps[1].conditions,unknown,,False,0.9,,The paper mentions an argon-filled glove box for weighing/handling precursors (“weighed in an argon filled glove box”; “All manipulations were done inside an argon filled glove box”) and also mentions,Vacuum (sealed under vacuum); note that precursor handling/manipulations were in an argon-filled glove box.
Verified_Senevirathne_et_al__-_2013_-_A_new_crystalline_LiPON_electrolyte_Synthesis__pr_reactions.json,Senevirathne_et_al__-_2013_-_A_new_crystalline_LiPON_electrolyte_Synthesis__pr,low,synthesis,synthesis.steps[2].operations[0],evacuate,,True,0.86,,Methods section 2.1 states that the quartz tube containing the pressed pellet was “connected to a high vacuum line for 45 min prior to sealing under vacuum.” This describes an evacuation step (evacuat,
Verified_Senevirathne_et_al__-_2013_-_A_new_crystalline_LiPON_electrolyte_Synthesis__pr_reactions.json,Senevirathne_et_al__-_2013_-_A_new_crystalline_LiPON_electrolyte_Synthesis__pr,low,synthesis,synthesis.steps[2].operations[1],seal,,True,0.86,,"In Methods 2.1 (Synthesis methods), the text states: “The quartz tube… was connected to a high vacuum line for 45 min prior to sealing under vacuum. Sealed tubes were heated…”. This explicitly support",
Verified_Senevirathne_et_al__-_2013_-_A_new_crystalline_LiPON_electrolyte_Synthesis__pr_reactions.json,Senevirathne_et_al__-_2013_-_A_new_crystalline_LiPON_electrolyte_Synthesis__pr,low,synthesis,synthesis.steps[2].conditions,unknown,,True,0.95,,"The synthesis procedure explicitly states the quartz tube was “connected to a high vacuum line for 45 min prior to sealing under vacuum” (Methods 2.1, Page 2). This directly supports that the synthesi",
Verified_Senevirathne_et_al__-_2013_-_A_new_crystalline_LiPON_electrolyte_Synthesis__pr_reactions.json,Senevirathne_et_al__-_2013_-_A_new_crystalline_LiPON_electrolyte_Synthesis__pr,low,synthesis,synthesis.steps[3].operations[0],heat,,True,0.97,,Methods section 2.1 explicitly states: “Sealed tubes were heated at 950 °C for 10 h…” during synthesis of SD-Li2PO2N. This directly supports the synthesis operation being ‘heat’.,
Verified_Senevirathne_et_al__-_2013_-_A_new_crystalline_LiPON_electrolyte_Synthesis__pr_reactions.json,Senevirathne_et_al__-_2013_-_A_new_crystalline_LiPON_electrolyte_Synthesis__pr,low,synthesis,synthesis.steps[3].conditions,unknown,,True,0.98,,"The Methods section explicitly states that the powder pellet was placed in a quartz tube, connected to a high vacuum line, and then the tube was “seal[ed] under vacuum” prior to heating (“Sealed tubes",
Verified_Senevirathne_et_al__-_2013_-_A_new_crystalline_LiPON_electrolyte_Synthesis__pr_reactions.json,Senevirathne_et_al__-_2013_-_A_new_crystalline_LiPON_electrolyte_Synthesis__pr,low,synthesis,synthesis.steps[4].operations[0],grind,,True,0.93,,Methods section 2.1 explicitly states the precursors were “ground for approximately 15 min to form a homogenous mixture” and later that the product “was ground using mortar and pestle prior to further,
Verified_Senevirathne_et_al__-_2013_-_A_new_crystalline_LiPON_electrolyte_Synthesis__pr_reactions.json,Senevirathne_et_al__-_2013_-_A_new_crystalline_LiPON_electrolyte_Synthesis__pr,low,workflow,workflow.timeline[0],unknown,"Mix Li2O, P2O5, P3N5 in 1:0.2:0.3 molar ratio, grind 15 min in Ar glove box.",True,0.98,,"The Methods section (2.1 Synthesis methods, page 2) explicitly states that Li2O, P2O5, and P3N5 were weighed in an argon-filled glove box in the molar ratio 1:0.2:0.3 and ground for approximately 15 m",
Verified_Senevirathne_et_al__-_2013_-_A_new_crystalline_LiPON_electrolyte_Synthesis__pr_reactions.json,Senevirathne_et_al__-_2013_-_A_new_crystalline_LiPON_electrolyte_Synthesis__pr,low,workflow,workflow.timeline[1],unknown,Press 0.25 g of mixture into cylindrical pellet.,True,0.98,,"Page 2 (Methods → 2.1 Synthesis methods) explicitly states: “Then, 0.25 g of the powder was pressed into a cylindrical pellet using a hand-held pellet press …”. This supports the extracted workflow st",
Verified_Senevirathne_et_al__-_2013_-_A_new_crystalline_LiPON_electrolyte_Synthesis__pr_reactions.json,Senevirathne_et_al__-_2013_-_A_new_crystalline_LiPON_electrolyte_Synthesis__pr,low,workflow,workflow.timeline[2],unknown,Evacuate pellet in quartz tube for 45 min and seal under vacuum.,True,0.97,,Page 2 (Methods → 2.1 Synthesis methods) explicitly states: “The quartz tube … was connected to a high vacuum line for 45 min prior to sealing under vacuum.” This matches the extracted workflow step “,
Verified_Senevirathne_et_al__-_2013_-_A_new_crystalline_LiPON_electrolyte_Synthesis__pr_reactions.json,Senevirathne_et_al__-_2013_-_A_new_crystalline_LiPON_electrolyte_Synthesis__pr,low,workflow,workflow.timeline[3],unknown,Heat sealed tube at 1223 K for 600 min (5 °C min⁻¹ ramp) then cool; obtain gray microcrystalline SD-Li2PO2N.,False,0.92,,"The paper states: sealed quartz tubes were heated at 950 °C for 10 h with a heating/cooling rate of 5 °C/min, producing a gray microcrystalline product (SD-Li2PO2N). The extracted value incorrectly gi","Seal the quartz tube under vacuum, then heat at 950 °C (1223 K) for 10 h (600 min) with heating and cooling rates of 5 °C/min; grind the resulting gray microcrystalline SD-Li2PO2N."
Verified_Senevirathne_et_al__-_2013_-_A_new_crystalline_LiPON_electrolyte_Synthesis__pr_reactions.json,Senevirathne_et_al__-_2013_-_A_new_crystalline_LiPON_electrolyte_Synthesis__pr,low,workflow,workflow.timeline[4],unknown,Grind product powder for characterization.,True,0.96,,The Methods section explicitly states: “The gray microcrystalline product was ground using mortar and pestle prior to further characterizations.” This supports the workflow step of grinding the produc,
Verified_Senevirathne_et_al__-_2013_-_A_new_crystalline_LiPON_electrolyte_Synthesis__pr_reactions.json,Senevirathne_et_al__-_2013_-_A_new_crystalline_LiPON_electrolyte_Synthesis__pr,low,workflow,workflow.ambiguities[0],Vacuum pressure not specified,,True,0.93,false_positive_suspect,"In Methods 2.1 (Synthesis methods), the paper states: “The quartz tube… was connected to a high vacuum line for 45 min prior to sealing under vacuum.” Nowhere in the provided text is a numerical vacuu",
Verified_Senevirathne_et_al__-_2013_-_A_new_crystalline_LiPON_electrolyte_Synthesis__pr_reactions.json,Senevirathne_et_al__-_2013_-_A_new_crystalline_LiPON_electrolyte_Synthesis__pr,low,characterization,characterization[0],Powder X-ray diffraction,Powder X-ray diffraction,True,0.99,,"The paper explicitly states that Li2PO2N crystallizes in the orthorhombic space group Cmc21 (#36) with lattice constants a=9.0692(4) Å, b=5.3999(2) Å, and c=4.6856(2) Å (given in the abstract on Page ",
Verified_Senevirathne_et_al__-_2013_-_A_new_crystalline_LiPON_electrolyte_Synthesis__pr_reactions.json,Senevirathne_et_al__-_2013_-_A_new_crystalline_LiPON_electrolyte_Synthesis__pr,low,characterization,characterization[1],Transmission Electron Microscopy,Transmission Electron Microscopy,True,0.93,,TEM Results section 3.3 states: “particles exhibit irregular shape morphology with particle sizes in the micron range.” No specific particle size value is reported. Therefore the extractor’s value=Non,
Verified_Senevirathne_et_al__-_2013_-_A_new_crystalline_LiPON_electrolyte_Synthesis__pr_reactions.json,Senevirathne_et_al__-_2013_-_A_new_crystalline_LiPON_electrolyte_Synthesis__pr,low,characterization,characterization[2],Thermogravimetric Analysis,Thermogravimetric Analysis,False,0.85,,"The paper reports a prominent TGA weight gain starting at approximately 600 °C and completing by 900 °C, with a total weight gain similar to the theoretical 11% (Results 3.4, Fig. 4a). However, the ex","Change 'weight gain onset' to 'approximately 600 °C' (or, if you allow conversion, note '≈873 K' but mark as converted). Keep 'total weight gain: 11%'."
Verified_Senevirathne_et_al__-_2013_-_A_new_crystalline_LiPON_electrolyte_Synthesis__pr_reactions.json,Senevirathne_et_al__-_2013_-_A_new_crystalline_LiPON_electrolyte_Synthesis__pr,low,characterization,characterization[3],FTIR Spectroscopy,FTIR Spectroscopy,True,0.92,,"Supported in Results 3.5 / Table 2. The paper explicitly lists measured (Exp) FTIR transmission peaks at 662, 696, 857, 935, 1013, 1060, and 1117 cm−1 (with minor noted comparison peaks like 669, 698,",
Verified_Senevirathne_et_al__-_2013_-_A_new_crystalline_LiPON_electrolyte_Synthesis__pr_reactions.json,Senevirathne_et_al__-_2013_-_A_new_crystalline_LiPON_electrolyte_Synthesis__pr,low,characterization,characterization[4],Electrochemical Impedance Spectroscopy,Electrochemical Impedance Spectroscopy,True,0.97,,"Section 3.7 (Ionic conductivity) explicitly reports: for the 78% dense sample, conductivity increases from 8.8×10−7 S/cm at 80 °C to 1.2×10−3 S/cm at 330 °C, and states the activation energy remains t",
Verified_Senevirathne_et_al__-_2013_-_A_new_crystalline_LiPON_electrolyte_Synthesis__pr_reactions.json,Senevirathne_et_al__-_2013_-_A_new_crystalline_LiPON_electrolyte_Synthesis__pr,low,analysis,analysis.methods[0],unknown,,False,0.93,,"The extracted value for “Analysis Method” is blank, but the paper explicitly lists multiple analysis methods in Section 2.2 (Analysis methods): X-ray powder diffraction (Bruker D2 Phaser; EVA/TOPAS wi","Analysis methods include: powder X-ray diffraction (XRD; indexing/ab initio structure determination and Rietveld refinement), transmission electron microscopy (TEM), thermogravimetric analysis (TGA), "
Verified_Senevirathne_et_al__-_2013_-_A_new_crystalline_LiPON_electrolyte_Synthesis__pr_reactions.json,Senevirathne_et_al__-_2013_-_A_new_crystalline_LiPON_electrolyte_Synthesis__pr,low,final_outcomes,final_outcomes,unknown,,True,0.98,,"Page 3, Section 3.1 states: “Approximately 90% yield relative to initial weight of the precursor mixture was recovered after the completion of the reaction.” This directly supports a final yield of 90",
Verified_Sha_et_al__-_2013_-_Solid_lithium_electrolyte-Li4Ti5O12_composites_as__reactions.json,Sha_et_al__-_2013_-_Solid_lithium_electrolyte-Li4Ti5O12_composites_as_,low,targets,targets[0],target_1,La-incorporated Li4Ti5O12 composite,False,0.92,contradiction_clear,"The field “Target Formula” is blank in the extracted value, but the paper explicitly names the target/anode material as Li4Ti5O12 (lithium titanate) and specifically discusses La-incorporated Li4Ti5O1",Li4Ti5O12 (for pristine target); for the composite/La-incorporated samples: La-incorporated Li4Ti5O12 / lithium lanthanum titanate–Li4Ti5O12 composite.
Verified_Sha_et_al__-_2013_-_Solid_lithium_electrolyte-Li4Ti5O12_composites_as__reactions.json,Sha_et_al__-_2013_-_Solid_lithium_electrolyte-Li4Ti5O12_composites_as_,low,targets,targets[1],target_2,Pristine Li4Ti5O12,True,0.99,,The paper repeatedly and explicitly identifies the target anode material as spinel-type Li4Ti5O12. In the Experimental section (2.1 Material preparation) it states “The La-incorporated Li4Ti5O12…” and,
Verified_Sha_et_al__-_2013_-_Solid_lithium_electrolyte-Li4Ti5O12_composites_as__reactions.json,Sha_et_al__-_2013_-_Solid_lithium_electrolyte-Li4Ti5O12_composites_as_,low,chemicals,chemicals[0],chem_1,Lithium nitrate,False,0.9,contradiction_clear,"The paper explicitly states the lithium nitrate amount used in the typical combustion synthesis: “we took ... 0.043 mol LiNO3” (Experimental section, Material preparation, page 2). 0.043 mol equals 43","Provenance should cite Experimental section 2.1 (Material preparation, page 2): “0.043 mol LiNO3” (i.e., 43 mmol)."
Verified_Sha_et_al__-_2013_-_Solid_lithium_electrolyte-Li4Ti5O12_composites_as__reactions.json,Sha_et_al__-_2013_-_Solid_lithium_electrolyte-Li4Ti5O12_composites_as_,low,chemicals,chemicals[1],chem_2,Lanthanum nitrate hexahydrate,False,0.9,,The paper explicitly lists the chemical as “lanthanum nitrate (La(NO3)3·6H2O) (AR)” in the Material preparation section. It also provides a quantified amount used in a typical synthesis: “specific mol,"Lanthanum nitrate hexahydrate (La(NO3)3·6H2O) | Amount: used in specific molar amount corresponding to La:Ti molar ratios 1:500, 1:250, 1:150, 1:100, or 1:50 (with 0.050 mol Ti(C4H9O)4 per batch)."
Verified_Sha_et_al__-_2013_-_Solid_lithium_electrolyte-Li4Ti5O12_composites_as__reactions.json,Sha_et_al__-_2013_-_Solid_lithium_electrolyte-Li4Ti5O12_composites_as_,low,chemicals,chemicals[2],chem_3,Tetrabutyl titanate,False,0.95,contradiction_clear,"In the Experimental section (2.1 Material preparation), the paper specifies: “for one single combustion synthesis, we took 0.050 mol Ti(C4H9O)4” (tetrabutyl titanate). 0.050 mol equals 50 mmol, but th",Tetrabutyl titanate (Ti(C4H9O)4) | Amount: 0.050 mol
Verified_Sha_et_al__-_2013_-_Solid_lithium_electrolyte-Li4Ti5O12_composites_as__reactions.json,Sha_et_al__-_2013_-_Solid_lithium_electrolyte-Li4Ti5O12_composites_as_,low,chemicals,chemicals[3],chem_4,Glycine,True,0.97,,"In the Experimental section 2.1 (Material preparation), the paper explicitly states: “for one single combustion synthesis, we took … 0.15 mol glycine … as raw materials.” 0.15 mol equals 150 mmol, mat",
Verified_Sha_et_al__-_2013_-_Solid_lithium_electrolyte-Li4Ti5O12_composites_as__reactions.json,Sha_et_al__-_2013_-_Solid_lithium_electrolyte-Li4Ti5O12_composites_as_,low,chemicals,chemicals[4],chem_5,De-ionized water,True,0.93,,"In Experimental section 2.1 (Material preparation), the text explicitly states: “De-ionized water was slowly dropped into Ti(C4H9O)4…”. No quantity/volume of de-ionized water is provided anywhere in t",
Verified_Sha_et_al__-_2013_-_Solid_lithium_electrolyte-Li4Ti5O12_composites_as__reactions.json,Sha_et_al__-_2013_-_Solid_lithium_electrolyte-Li4Ti5O12_composites_as_,low,chemicals,chemicals[5],chem_6,Nitric acid,True,0.93,,"The paper explicitly mentions nitric acid (HNO3) in the material preparation section: cotton fiber was activated with HNO3 before use, and later “Nitric acid was then introduced…” to form a titanyl ni",
Verified_Sha_et_al__-_2013_-_Solid_lithium_electrolyte-Li4Ti5O12_composites_as__reactions.json,Sha_et_al__-_2013_-_Solid_lithium_electrolyte-Li4Ti5O12_composites_as_,low,chemicals,chemicals[6],chem_7,Natural cotton fiber (cellulose),True,0.95,,The paper explicitly identifies the cellulose source as “De-seeded natural cotton fiber” used in the one-pot cellulose-assisted combustion synthesis (“De-seeded natural cotton fiber was applied as the,
Verified_Sha_et_al__-_2013_-_Solid_lithium_electrolyte-Li4Ti5O12_composites_as__reactions.json,Sha_et_al__-_2013_-_Solid_lithium_electrolyte-Li4Ti5O12_composites_as_,low,chemicals,chemicals[7],chem_8,Super P conductive carbon,True,0.9,,"The paper explicitly identifies “conductive Super P” as a component of the working electrode formulation in the Electrochemical test section (2.3). However, the text does not provide the mass loading ",
Verified_Sha_et_al__-_2013_-_Solid_lithium_electrolyte-Li4Ti5O12_composites_as__reactions.json,Sha_et_al__-_2013_-_Solid_lithium_electrolyte-Li4Ti5O12_composites_as_,low,chemicals,chemicals[8],chem_9,Polyvinylidene fluoride (PVDF),False,0.93,,"The paper explicitly states PVDF (polyvinylidene fluoride, Aldrich) is used in the working electrodes and gives the electrode composition ratio as active material : Super P : PVDF = 85:8:7 by weight (","Polyvinylidene fluoride (PVDF, Aldrich) | Amount: 7 wt% in the electrode mixture (active material:Super P:PVDF = 85:8:7 by weight)."
Verified_Sha_et_al__-_2013_-_Solid_lithium_electrolyte-Li4Ti5O12_composites_as__reactions.json,Sha_et_al__-_2013_-_Solid_lithium_electrolyte-Li4Ti5O12_composites_as_,low,chemicals,chemicals[9],chem_10,N-methyl-2-pyrrolidone,True,0.93,,"The paper explicitly identifies NMP as N-methyl-2-pyrrolidone in the Electrochemical test section: “...PVDF ... (85:8:7 in weight) in NMP (N-methyl-2-pyrrolidone).” However, the text does not provide ",
Verified_Sha_et_al__-_2013_-_Solid_lithium_electrolyte-Li4Ti5O12_composites_as__reactions.json,Sha_et_al__-_2013_-_Solid_lithium_electrolyte-Li4Ti5O12_composites_as_,low,chemicals,chemicals[10],chem_11,LiPF6,True,0.97,,The source text explicitly states in the Electrochemical test section that the electrolyte was “a mixture solution composed of 1 mol L−1 LiPF6 and ethylene carbonate (EC)/diethyl carbonate (DMC) (1:1 ,
Verified_Sha_et_al__-_2013_-_Solid_lithium_electrolyte-Li4Ti5O12_composites_as__reactions.json,Sha_et_al__-_2013_-_Solid_lithium_electrolyte-Li4Ti5O12_composites_as_,low,chemicals,chemicals[11],chem_12,Ethylene carbonate,True,0.93,,The paper explicitly states the electrolyte is “a mixture solution composed of 1 mol L−1 LiPF6 and ethylene carbonate (EC)/diethyl carbonate (DMC) (1:1 by volume)” in the Electrochemical test section ,
Verified_Sha_et_al__-_2013_-_Solid_lithium_electrolyte-Li4Ti5O12_composites_as__reactions.json,Sha_et_al__-_2013_-_Solid_lithium_electrolyte-Li4Ti5O12_composites_as_,low,chemicals,chemicals[12],chem_13,Diethyl carbonate,False,0.93,,The paper mentions an electrolyte of “1 mol L−1 LiPF6 and ethylene carbonate (EC)/diethyl carbonate (DMC) (1:1 by volume)” in the Electrochemical test section. It does not mention diethyl carbonate; i,"Dimethyl carbonate (DMC) (with ethylene carbonate, EC) | Amount: electrolyte is 1 mol L−1 LiPF6 in EC/DMC (1:1 by volume)."
Verified_Sha_et_al__-_2013_-_Solid_lithium_electrolyte-Li4Ti5O12_composites_as__reactions.json,Sha_et_al__-_2013_-_Solid_lithium_electrolyte-Li4Ti5O12_composites_as_,low,chemicals,chemicals[13],chem_14,Metallic lithium,True,0.96,,"The paper explicitly states in the Electrochemical test section that half-cells were assembled using a “metallic lithium film” as the reference electrode and also the counter electrode. No mass, thick",
Verified_Sha_et_al__-_2013_-_Solid_lithium_electrolyte-Li4Ti5O12_composites_as__reactions.json,Sha_et_al__-_2013_-_Solid_lithium_electrolyte-Li4Ti5O12_composites_as_,low,synthesis,synthesis.steps[0].operations[0],soak,,False,0.93,,"The paper’s synthesis procedure is a one-pot cellulose-assisted combustion method: solutions are prepared, absorbed into activated cotton fibers, dried, then heated to trigger self-combustion, followe","Replace “soak” with an operation explicitly stated, e.g., “absorb (impregnate) mixed solution into activated cotton fibers,” or more generally “one-pot cellulose-assisted combustion synthesis (impregn"
Verified_Sha_et_al__-_2013_-_Solid_lithium_electrolyte-Li4Ti5O12_composites_as__reactions.json,Sha_et_al__-_2013_-_Solid_lithium_electrolyte-Li4Ti5O12_composites_as_,low,synthesis,synthesis.steps[1].operations[0],hydrolyze,,False,0.92,,The paper’s synthesis procedure is a one-pot cellulose-assisted combustion method. It explicitly describes adding deionized water to tetrabutyl titanate to form a white precipitate of TiO(OH)2 (a hydr,"one-pot cellulose-assisted combustion synthesis (auto-combustion), followed by calcination at 800 °C (with an initial hydrolysis of Ti(C4H9O)4 to TiO(OH)2 during solution preparation)"
Verified_Sha_et_al__-_2013_-_Solid_lithium_electrolyte-Li4Ti5O12_composites_as__reactions.json,Sha_et_al__-_2013_-_Solid_lithium_electrolyte-Li4Ti5O12_composites_as_,low,synthesis,synthesis.steps[2].operations[0],add,,False,0.63,,"The paper’s synthesis/procedure text uses specific verbs like “slowly dropped”, “introduced”, and “added slowly into the solution in sequence” (Experimental, 2.1), but it does not explicitly state a s","If the field expects a verb describing the operation, use the wording from the text, e.g., “added slowly into the solution in sequence” (reagents added) or list specific operations: “drop deionized wa"
Verified_Sha_et_al__-_2013_-_Solid_lithium_electrolyte-Li4Ti5O12_composites_as__reactions.json,Sha_et_al__-_2013_-_Solid_lithium_electrolyte-Li4Ti5O12_composites_as_,low,synthesis,synthesis.steps[3].operations[0],add,,False,0.83,contradiction_clear,"The paper describes multiple synthesis steps using verbs such as “slowly dropped”, “introduced”, and explicitly “added slowly into the solution in sequence” (LiNO3, La(NO3)3·6H2O and glycine), but it ","If the field allows a more specific operation, use: “add slowly into the solution in sequence (LiNO3, La(NO3)3·6H2O, and glycine)” or “dropwise addition of de-ionized water into Ti(C4H9O)4; then add/i"
Verified_Sha_et_al__-_2013_-_Solid_lithium_electrolyte-Li4Ti5O12_composites_as__reactions.json,Sha_et_al__-_2013_-_Solid_lithium_electrolyte-Li4Ti5O12_composites_as_,low,synthesis,synthesis.steps[4].operations[0],impregnate,,True,0.95,,"The paper explicitly describes an impregnation step: in Results/Discussion (Particulate morphology), it states that after “the impregnation with metal nitrates and glycine fuel” the fibers became robu",
Verified_Sha_et_al__-_2013_-_Solid_lithium_electrolyte-Li4Ti5O12_composites_as__reactions.json,Sha_et_al__-_2013_-_Solid_lithium_electrolyte-Li4Ti5O12_composites_as_,low,synthesis,synthesis.steps[5].operations[0],dry,,False,0.84,contradiction_clear,The paper describes several heating steps and explicitly uses the word “drying” only in phrases like “After drying at around 80 °C” (solid precursor) and “Disk-shape pieces…were dried in a vacuum at 1,"If the field expects an operation, use the explicit phrases from the text, e.g., “drying at ~80 °C” (precursor) and/or “vacuum drying at 100 °C for 12 h” (electrode). If it must be a single-word categ"
Verified_Sha_et_al__-_2013_-_Solid_lithium_electrolyte-Li4Ti5O12_composites_as__reactions.json,Sha_et_al__-_2013_-_Solid_lithium_electrolyte-Li4Ti5O12_composites_as_,low,synthesis,synthesis.steps[6].operations[0],heat,,True,0.86,,"The paper explicitly describes multiple heating steps during synthesis: after drying at ~80 °C, the precursor was ""further heated at 250 °C in an electric oven"" to trigger self-combustion, and the pro",
Verified_Sha_et_al__-_2013_-_Solid_lithium_electrolyte-Li4Ti5O12_composites_as__reactions.json,Sha_et_al__-_2013_-_Solid_lithium_electrolyte-Li4Ti5O12_composites_as_,low,synthesis,synthesis.steps[7].operations[0],grind,,True,0.93,,The paper explicitly describes a grinding step in the synthesis: “The as-obtained primary products… were grinded and subjected for further calcinations at 800 °C for 5 h to result in the final product,
Verified_Sha_et_al__-_2013_-_Solid_lithium_electrolyte-Li4Ti5O12_composites_as__reactions.json,Sha_et_al__-_2013_-_Solid_lithium_electrolyte-Li4Ti5O12_composites_as_,low,synthesis,synthesis.steps[8].operations[0],calcine,,True,0.93,,"The paper explicitly describes a calcination step: in Experimental 2.1 it states the products were ""subjected for further calcinations at 800 °C for 5 h to result in the final products."" Calcination c",
Verified_Sha_et_al__-_2013_-_Solid_lithium_electrolyte-Li4Ti5O12_composites_as__reactions.json,Sha_et_al__-_2013_-_Solid_lithium_electrolyte-Li4Ti5O12_composites_as_,low,synthesis,synthesis.steps[8].conditions,unknown,,False,0.9,,"The paper does not state that the synthesis atmosphere was air in general. While it mentions calcination “at 800 °C in air” (page 3) for the final product, other key steps occur in different environme","If the field refers specifically to the calcination atmosphere: ""air"" (calcined at 800 °C in air). Otherwise: ""Not specified/Multiple (calcination in air; other steps not specified)""."
Verified_Sha_et_al__-_2013_-_Solid_lithium_electrolyte-Li4Ti5O12_composites_as__reactions.json,Sha_et_al__-_2013_-_Solid_lithium_electrolyte-Li4Ti5O12_composites_as_,low,workflow,workflow.timeline[0],unknown,Activation of cotton template with nitric acid,True,0.93,,"Supported. In the Experimental section (2.1 Material preparation), the paper states: ""De-seeded natural cotton fiber was applied as the cellulose source which was activated with HNO3 before use."" This",
Verified_Sha_et_al__-_2013_-_Solid_lithium_electrolyte-Li4Ti5O12_composites_as__reactions.json,Sha_et_al__-_2013_-_Solid_lithium_electrolyte-Li4Ti5O12_composites_as_,low,workflow,workflow.timeline[1],unknown,Hydrolysis of Ti precursor,False,0.32,,"The paper’s experimental procedure explicitly describes adding deionized water to tetrabutyl titanate, which “leading to the formation of white precipitate of TiO(OH)2,” i.e., hydrolysis/precipitation","If the field is meant to capture an explicit step in the synthesis workflow, use wording tied to the text: “Deionized water was slowly dropped into Ti(C4H9O)4 under vigorous stirring, forming TiO(OH)2"
Verified_Sha_et_al__-_2013_-_Solid_lithium_electrolyte-Li4Ti5O12_composites_as__reactions.json,Sha_et_al__-_2013_-_Solid_lithium_electrolyte-Li4Ti5O12_composites_as_,low,workflow,workflow.timeline[2],unknown,Formation of titanyl nitrate solution,True,0.93,,"The workflow step “Formation of titanyl nitrate solution” is explicitly described in the Experimental section (Material preparation): after forming TiO(OH)2 precipitate, “Nitric acid was then introduc",
Verified_Sha_et_al__-_2013_-_Solid_lithium_electrolyte-Li4Ti5O12_composites_as__reactions.json,Sha_et_al__-_2013_-_Solid_lithium_electrolyte-Li4Ti5O12_composites_as_,low,workflow,workflow.timeline[3],unknown,Addition of Li/La nitrates and glycine,True,0.83,,"The Experimental section (2.1 Material preparation) explicitly states: “Proper amounts of LiNO3, La(NO3)3·6H2O and glycine were added slowly into the solution in sequence.” This directly supports the ",
Verified_Sha_et_al__-_2013_-_Solid_lithium_electrolyte-Li4Ti5O12_composites_as__reactions.json,Sha_et_al__-_2013_-_Solid_lithium_electrolyte-Li4Ti5O12_composites_as_,low,workflow,workflow.timeline[4],unknown,Impregnation into cotton fibres,False,0.93,,The paper describes a cellulose (cotton fiber) assisted combustion synthesis where a mixed metal nitrate/glycine solution was absorbed into dried activated cotton fibers (“The mixed solution was then ,"Replace with an explicit step as written in the Experimental section, e.g., “The mixed solution was absorbed into dried activated cotton fibers (impregnation with metal nitrates and glycine fuel), the"
Verified_Sha_et_al__-_2013_-_Solid_lithium_electrolyte-Li4Ti5O12_composites_as__reactions.json,Sha_et_al__-_2013_-_Solid_lithium_electrolyte-Li4Ti5O12_composites_as_,low,workflow,workflow.timeline[5],unknown,Drying at 80 °C,True,0.95,,"The Experimental section (2.1 Material preparation, Page 2) explicitly states: “After drying at around 80 °C, the solid precursor was further heated at 250 °C…”. This supports the workflow timeline st",
Verified_Sha_et_al__-_2013_-_Solid_lithium_electrolyte-Li4Ti5O12_composites_as__reactions.json,Sha_et_al__-_2013_-_Solid_lithium_electrolyte-Li4Ti5O12_composites_as_,low,workflow,workflow.timeline[6],unknown,Self-combustion at 250 °C,True,0.95,,"The Experimental section (2.1 Material preparation, Page 2) explicitly states that after drying, “the solid precursor was further heated at 250 °C in an electric oven, a high temperature self-combusti",
Verified_Sha_et_al__-_2013_-_Solid_lithium_electrolyte-Li4Ti5O12_composites_as__reactions.json,Sha_et_al__-_2013_-_Solid_lithium_electrolyte-Li4Ti5O12_composites_as_,low,workflow,workflow.timeline[7],unknown,Grinding of combusted product,True,0.9,,"The workflow step “Grinding of combusted product” is explicitly described in the Experimental section: after the 250 °C self-combustion, “The as-obtained primary products ... were grinded and subjecte",
Verified_Sha_et_al__-_2013_-_Solid_lithium_electrolyte-Li4Ti5O12_composites_as__reactions.json,Sha_et_al__-_2013_-_Solid_lithium_electrolyte-Li4Ti5O12_composites_as_,low,workflow,workflow.timeline[8],unknown,Calcination at 800 °C for 5 h to yield composite,True,0.97,,"The Experimental section (2.1 Material preparation, Page 2) explicitly states that the as-obtained products were “subjected for further calcinations at 800 °C for 5 h to result in the final products.”",
Verified_Sha_et_al__-_2013_-_Solid_lithium_electrolyte-Li4Ti5O12_composites_as__reactions.json,Sha_et_al__-_2013_-_Solid_lithium_electrolyte-Li4Ti5O12_composites_as_,low,workflow,workflow.ambiguities[0],Unspecified drying time at 80 °C,,True,0.97,,"The Methods section states: “After drying at around 80 °C, the solid precursor was further heated at 250 °C…”. No duration/time is given for the drying step at ~80 °C anywhere else in the provided ful",
Verified_Sha_et_al__-_2013_-_Solid_lithium_electrolyte-Li4Ti5O12_composites_as__reactions.json,Sha_et_al__-_2013_-_Solid_lithium_electrolyte-Li4Ti5O12_composites_as_,low,workflow,workflow.ambiguities[1],Duration of gentle combustion not quantified,,True,0.93,,The Experimental section explicitly states: “a gentle combustion was followed which lasted for several minutes” after an initial 10–15 s self-combustion. This provides only a qualitative duration (“se,
Verified_Sha_et_al__-_2013_-_Solid_lithium_electrolyte-Li4Ti5O12_composites_as__reactions.json,Sha_et_al__-_2013_-_Solid_lithium_electrolyte-Li4Ti5O12_composites_as_,low,characterization,characterization[0],XRD,XRD,True,0.95,,"Supported by the XRD discussion in Section 3.2 and Fig. 5 caption. The text states that at low La:Ti ratios the XRD peaks match spinel Li4Ti5O12 (Fd3m) with no impurities, while at higher La content (",
Verified_Sha_et_al__-_2013_-_Solid_lithium_electrolyte-Li4Ti5O12_composites_as__reactions.json,Sha_et_al__-_2013_-_Solid_lithium_electrolyte-Li4Ti5O12_composites_as_,low,characterization,characterization[1],SEM,SEM,True,0.93,,"Fig. 2 is discussed in Section 3.1 (Particulate morphology), where the text explicitly states that after calcination the products are composed of irregular grains with size mainly in the range of 0.20",
Verified_Sha_et_al__-_2013_-_Solid_lithium_electrolyte-Li4Ti5O12_composites_as__reactions.json,Sha_et_al__-_2013_-_Solid_lithium_electrolyte-Li4Ti5O12_composites_as_,low,characterization,characterization[2],TEM,TEM,True,0.96,,"The paper explicitly states (Page 4, in the TEM discussion referencing Fig. 3) that “the primary particles … have the size mainly in the range of 0.05e0.35 mm,” and Fig. 3 is the TEM image set for pri",
Verified_Sha_et_al__-_2013_-_Solid_lithium_electrolyte-Li4Ti5O12_composites_as__reactions.json,Sha_et_al__-_2013_-_Solid_lithium_electrolyte-Li4Ti5O12_composites_as_,low,characterization,characterization[3],BET N2 adsorption,BET N2 adsorption,True,0.95,,"The paper explicitly reports BET N2 adsorption specific surface areas: ""only 1.4... and ...5.9 m2 g−1 for pristine Li4Ti5O12 ... and ... La-incorporated Li4Ti5O12 with La to Ti molar ratios ... 1:50, ",
Verified_Sha_et_al__-_2013_-_Solid_lithium_electrolyte-Li4Ti5O12_composites_as__reactions.json,Sha_et_al__-_2013_-_Solid_lithium_electrolyte-Li4Ti5O12_composites_as_,low,characterization,characterization[4],XPS,XPS,True,0.97,,"Supported. In the text discussing Fig. 7 (XPS), the authors state: “We further analyzed the oxidation states of titanium in the pristine Li4Ti5O12 and La-Li4Ti5O12 (La:Ti = 1:50) by XPS with the resul",
Verified_Sha_et_al__-_2013_-_Solid_lithium_electrolyte-Li4Ti5O12_composites_as__reactions.json,Sha_et_al__-_2013_-_Solid_lithium_electrolyte-Li4Ti5O12_composites_as_,low,characterization,characterization[5],Galvanostatic charge–discharge,Galvanostatic charge–discharge,True,0.95,,"The full text explicitly reports, in the Fig. 8 discussion, that the first discharge capacity at 1 C for La-incorporated Li4Ti5O12 with La:Ti = 1:50 is 168.7 mA h g−1 (“...168.7 mA h g−1... for ... La",
Verified_Sha_et_al__-_2013_-_Solid_lithium_electrolyte-Li4Ti5O12_composites_as__reactions.json,Sha_et_al__-_2013_-_Solid_lithium_electrolyte-Li4Ti5O12_composites_as_,low,characterization,characterization[6],Electrochemical impedance spectroscopy,Electrochemical impedance spectroscopy,True,0.98,,The paper explicitly reports the Li+ diffusion coefficient (~D) for La-incorporated Li4Ti5O12 with La:Ti = 1:50 as 4.6 × 10^-8 cm^2 s^-1. This appears in the EIS/Warburg diffusion analysis section and,
Verified_Sha_et_al__-_2013_-_Solid_lithium_electrolyte-Li4Ti5O12_composites_as__reactions.json,Sha_et_al__-_2013_-_Solid_lithium_electrolyte-Li4Ti5O12_composites_as_,low,analysis,analysis.methods[0],unknown,,False,0.76,,"The paper explicitly reports multiple analysis/characterization methods (e.g., XRD, SEM/ESEM, TEM/HR-TEM/SAED, BET N2 adsorption, XPS, electrochemical tests including charge–discharge, cyclic voltamme",Populate “Analysis Method” with the methods stated in Section 2.2–2.3 and Results: XRD; (E)SEM; TEM/HR-TEM/SAED; BET N2 adsorption–desorption; XPS; galvanostatic charge–discharge; cyclic voltammetry; 
Verified_Sha_et_al__-_2013_-_Solid_lithium_electrolyte-Li4Ti5O12_composites_as__reactions.json,Sha_et_al__-_2013_-_Solid_lithium_electrolyte-Li4Ti5O12_composites_as_,low,final_outcomes,final_outcomes,unknown,,True,0.9,,"The paper explicitly reports cycling performance over 150 cycles: “The capacity after the 150 times of cycling still reached 111.3 mA h g−1, with capacity retention as high as 98%.” This supports a cy",
Verified_Shin_et_al__-_2015_-_Synergistic_multi-doping_effects_on_the_Li7La3Zr2O_reactions.json,Shin_et_al__-_2015_-_Synergistic_multi-doping_effects_on_the_Li7La3Zr2O,low,targets,targets[0],target_1,Single Al-doped cubic LLZO,True,0.97,,"The paper explicitly gives the target composition using the formula Li7−3x−yAlxLa3Zr2−yTayO12 and specifies the single Al-doped case as x = 0.2, y = 0. This appears in the Results section describing F",
Verified_Shin_et_al__-_2015_-_Synergistic_multi-doping_effects_on_the_Li7La3Zr2O_reactions.json,Shin_et_al__-_2015_-_Synergistic_multi-doping_effects_on_the_Li7La3Zr2O,low,targets,targets[1],target_2,Multi-doped cubic LLZO,True,0.97,,"The paper explicitly gives the target composition in the Results section describing Fig. 2a: “Li7−3x−yAlxLa3Zr2−yTayO12; x = 0.2, y = 0.2” for the multi-doped LLZO. This matches the extracted value ex",
Verified_Shin_et_al__-_2015_-_Synergistic_multi-doping_effects_on_the_Li7La3Zr2O_reactions.json,Shin_et_al__-_2015_-_Synergistic_multi-doping_effects_on_the_Li7La3Zr2O,low,chemicals,chemicals[0],chem_1,Li2CO3,True,0.96,,"The Methods section explicitly lists Li2CO3 as a precursor material (“Li2CO3 (99.9%), La2O3 (99.9%), ZrO2 (99.9%), Al2O3..., Ta2O5...”), supporting the chemical identity. However, the text does not pr",
Verified_Shin_et_al__-_2015_-_Synergistic_multi-doping_effects_on_the_Li7La3Zr2O_reactions.json,Shin_et_al__-_2015_-_Synergistic_multi-doping_effects_on_the_Li7La3Zr2O,low,chemicals,chemicals[1],chem_2,La2O3,True,0.96,,"The Methods section explicitly lists La2O3 (99.9%) as a precursor (“Li2CO3 (99.9%), La2O3 (99.9%), ZrO2 (99.9%), … were purchased… and used as received.”). However, the text does not provide a mass, m",
Verified_Shin_et_al__-_2015_-_Synergistic_multi-doping_effects_on_the_Li7La3Zr2O_reactions.json,Shin_et_al__-_2015_-_Synergistic_multi-doping_effects_on_the_Li7La3Zr2O,low,chemicals,chemicals[2],chem_3,ZrO2,True,0.92,,"The Methods section explicitly lists ZrO2 (99.9%) as a precursor material (“Li2CO3…, La2O3…, ZrO2 (99.9%), …”). However, the text does not provide a specific mass, molar amount, or wt% for ZrO2; it on",
Verified_Shin_et_al__-_2015_-_Synergistic_multi-doping_effects_on_the_Li7La3Zr2O_reactions.json,Shin_et_al__-_2015_-_Synergistic_multi-doping_effects_on_the_Li7La3Zr2O,low,chemicals,chemicals[3],chem_4,Al2O3 nanopowder,True,0.95,,"The Methods section explicitly lists “Al2O3 nanopowder (<50 nm particle size)” among the purchased precursor materials, supporting the chemical identity. The Methods text does not provide any mass, mo",
Verified_Shin_et_al__-_2015_-_Synergistic_multi-doping_effects_on_the_Li7La3Zr2O_reactions.json,Shin_et_al__-_2015_-_Synergistic_multi-doping_effects_on_the_Li7La3Zr2O,low,chemicals,chemicals[4],chem_5,Ta2O5,True,0.93,,"The Methods section explicitly lists Ta2O5 (99.9%) as a purchased precursor (“Li2CO3…, Al2O3…, Ta2O5 (99.9%)…”), supporting the chemical identity Ta2O5. Nowhere in the paper is a specific mass, molar ",
Verified_Shin_et_al__-_2015_-_Synergistic_multi-doping_effects_on_the_Li7La3Zr2O_reactions.json,Shin_et_al__-_2015_-_Synergistic_multi-doping_effects_on_the_Li7La3Zr2O,low,chemicals,chemicals[5],chem_6,Isopropyl alcohol,True,0.93,,"The Methods section explicitly states that the precursor materials were “mixed by planetary ball-milling in isopropyl alcohol at 200 rpm for 10 h,” confirming the chemical identity (isopropyl alcohol)",
Verified_Shin_et_al__-_2015_-_Synergistic_multi-doping_effects_on_the_Li7La3Zr2O_reactions.json,Shin_et_al__-_2015_-_Synergistic_multi-doping_effects_on_the_Li7La3Zr2O,low,chemicals,chemicals[6],chem_7,Boron nitride,True,0.9,,"The Methods section states that an Al2O3 crucible with boron nitride (BN) coating was used (“Al2O3 crucible with boron nitride (BN) coating was used…”), confirming the chemical identity as boron nitri",
Verified_Shin_et_al__-_2015_-_Synergistic_multi-doping_effects_on_the_Li7La3Zr2O_reactions.json,Shin_et_al__-_2015_-_Synergistic_multi-doping_effects_on_the_Li7La3Zr2O,low,chemicals,chemicals[7],chem_8,Copper,False,0.92,,"The paper’s Methods and main text list precursor chemicals and dopants as Li2CO3, La2O3, ZrO2, Al2O3, and Ta2O5, and discusses Al and Ta doping into LLZO. Copper (Cu) is only mentioned as an evaporate","If the intended chemical is a dopant/precursor: Al (from Al2O3) and/or Ta (from Ta2O5) are the relevant dopants; amounts are given via stoichiometry (e.g., Li7−3x−yAlxLa3Zr2−yTayO12 with x=0.2, y=0 or"
Verified_Shin_et_al__-_2015_-_Synergistic_multi-doping_effects_on_the_Li7La3Zr2O_reactions.json,Shin_et_al__-_2015_-_Synergistic_multi-doping_effects_on_the_Li7La3Zr2O,low,synthesis,synthesis.steps[0].operations[0],weigh,,True,0.92,,"In the Methods section (“Preparation of the single Al-doped and multi-doped…”), the paper explicitly states: “The whole precursor materials were weighed according to the stoichiometry…”. This supports",
Verified_Shin_et_al__-_2015_-_Synergistic_multi-doping_effects_on_the_Li7La3Zr2O_reactions.json,Shin_et_al__-_2015_-_Synergistic_multi-doping_effects_on_the_Li7La3Zr2O,low,synthesis,synthesis.steps[0].operations[1],mix,,True,0.64,,"The Methods section explicitly states that the precursor materials were “weighed according to the stoichiometry and mixed by planetary ball-milling in isopropyl alcohol at 200 rpm for 10 h,” which sup",
Verified_Shin_et_al__-_2015_-_Synergistic_multi-doping_effects_on_the_Li7La3Zr2O_reactions.json,Shin_et_al__-_2015_-_Synergistic_multi-doping_effects_on_the_Li7La3Zr2O,low,synthesis,synthesis.steps[1].operations[0],dry,,False,0.93,,"The paper’s Methods section describes solid-state synthesis steps including planetary ball-milling in isopropyl alcohol, followed by *drying* the mixture, calcination, regrinding, pressing, and sinter",If the field is meant to capture a specific operation mentioned: use “drying” (as in “After drying the mixture...”). If it is meant to capture the overall synthesis route: “solid-state reaction (plane
Verified_Shin_et_al__-_2015_-_Synergistic_multi-doping_effects_on_the_Li7La3Zr2O_reactions.json,Shin_et_al__-_2015_-_Synergistic_multi-doping_effects_on_the_Li7La3Zr2O,low,synthesis,synthesis.steps[2].operations[0],calcine,,True,0.93,,"The paper explicitly describes a calcination step in the Methods: “After drying the mixture, the collected powder was calcined at 1000 °C for 2–4 h to obtain the cubic LLZO powder.” It also mentions “",
Verified_Shin_et_al__-_2015_-_Synergistic_multi-doping_effects_on_the_Li7La3Zr2O_reactions.json,Shin_et_al__-_2015_-_Synergistic_multi-doping_effects_on_the_Li7La3Zr2O,low,synthesis,synthesis.steps[3].operations[0],grind,,False,0.95,,"The Methods section describes mixing by planetary ball-milling, drying, calcination, regrinding, pressing, and sintering. While “reground” implies a grinding step, the paper does not explicitly state ",reground (after calcination)
Verified_Shin_et_al__-_2015_-_Synergistic_multi-doping_effects_on_the_Li7La3Zr2O_reactions.json,Shin_et_al__-_2015_-_Synergistic_multi-doping_effects_on_the_Li7La3Zr2O,low,synthesis,synthesis.steps[4].operations[0],press,,True,0.92,,The Methods section explicitly states: “The calcined LLZO powder was reground and pressed into a pellet at 50 MPa.” This directly supports that a pressing operation (“press”) was part of the synthesis,
Verified_Shin_et_al__-_2015_-_Synergistic_multi-doping_effects_on_the_Li7La3Zr2O_reactions.json,Shin_et_al__-_2015_-_Synergistic_multi-doping_effects_on_the_Li7La3Zr2O,low,synthesis,synthesis.steps[4].conditions,unknown,,False,0.93,,"The full text describes synthesis steps including calcination at 1000 °C, pellet pressing at 50 MPa, and sintering at 1200 °C, but nowhere mentions applying a synthesis pressure of 500 bar. The only p","Not specified (no synthesis pressure in bar is stated). If the intended field was pellet pressing pressure, the paper states 50 MPa (≈500 bar), but it is not reported in bar."
Verified_Shin_et_al__-_2015_-_Synergistic_multi-doping_effects_on_the_Li7La3Zr2O_reactions.json,Shin_et_al__-_2015_-_Synergistic_multi-doping_effects_on_the_Li7La3Zr2O,low,synthesis,synthesis.steps[5].operations[0],sinter,,True,0.98,,"The paper explicitly describes a sintering step multiple times, e.g., stating an “optimized sintering process” (12 h at 1200 °C) and in Methods: “Finally, the pellet was sintered at 1200 ˚C from 1 to ",
Verified_Shin_et_al__-_2015_-_Synergistic_multi-doping_effects_on_the_Li7La3Zr2O_reactions.json,Shin_et_al__-_2015_-_Synergistic_multi-doping_effects_on_the_Li7La3Zr2O,low,synthesis,synthesis.steps[6].operations[0],coat,,False,0.93,,"The paper describes synthesis via solid-state reaction, including mixing by planetary ball-milling in isopropyl alcohol, drying, calcination (1000 °C), pellet pressing, and sintering (1200 °C). Nowher",Replace “coat” with “solid-state reaction” (mix/ball-mill → dry → calcine → press pellet → sinter).
Verified_Shin_et_al__-_2015_-_Synergistic_multi-doping_effects_on_the_Li7La3Zr2O_reactions.json,Shin_et_al__-_2015_-_Synergistic_multi-doping_effects_on_the_Li7La3Zr2O,low,workflow,workflow.timeline[0],unknown,Ball milling of precursors in isopropyl alcohol for 10 h at 200 rpm,True,0.98,,"The Methods section explicitly states: ""The whole precursor materials were weighed according to the stoichiometry and mixed by planetary ball-milling in isopropyl alcohol at 200 rpm for 10 h."" This di",
Verified_Shin_et_al__-_2015_-_Synergistic_multi-doping_effects_on_the_Li7La3Zr2O_reactions.json,Shin_et_al__-_2015_-_Synergistic_multi-doping_effects_on_the_Li7La3Zr2O,low,workflow,workflow.timeline[1],unknown,Drying of milled slurry,False,0.93,contradiction_clear,"The Methods section describes mixing by planetary ball-milling in isopropyl alcohol, then ""After drying the mixture, the collected powder was calcined..."" However, the phrase ""Drying of milled slurry""",After drying the mixture (following planetary ball-milling in isopropyl alcohol for 10 h)
Verified_Shin_et_al__-_2015_-_Synergistic_multi-doping_effects_on_the_Li7La3Zr2O_reactions.json,Shin_et_al__-_2015_-_Synergistic_multi-doping_effects_on_the_Li7La3Zr2O,low,workflow,workflow.timeline[2],unknown,Calcination at 1000 °C (2–4 h) to obtain cubic LLZO powder,True,0.96,,"The Methods section explicitly states: “After drying the mixture, the collected powder was calcined at 1000 °C for 2–4 h to obtain the cubic LLZO powder.” This directly supports the extracted workflow",
Verified_Shin_et_al__-_2015_-_Synergistic_multi-doping_effects_on_the_Li7La3Zr2O_reactions.json,Shin_et_al__-_2015_-_Synergistic_multi-doping_effects_on_the_Li7La3Zr2O,low,workflow,workflow.timeline[3],unknown,Regrinding of calcined powder,True,0.93,,The Methods section explicitly states: “The calcined LLZO powder was reground and pressed into a pellet at 50 MPa.” This directly supports the workflow step “Regrinding of calcined powder.”,
Verified_Shin_et_al__-_2015_-_Synergistic_multi-doping_effects_on_the_Li7La3Zr2O_reactions.json,Shin_et_al__-_2015_-_Synergistic_multi-doping_effects_on_the_Li7La3Zr2O,low,workflow,workflow.timeline[4],unknown,Cold pressing into pellets at 50 MPa,True,0.98,,The Methods section explicitly states: “The calcined LLZO powder was reground and pressed into a pellet at 50 MPa.” This directly supports the extracted workflow timeline item “Cold pressing into pell,
Verified_Shin_et_al__-_2015_-_Synergistic_multi-doping_effects_on_the_Li7La3Zr2O_reactions.json,Shin_et_al__-_2015_-_Synergistic_multi-doping_effects_on_the_Li7La3Zr2O,low,workflow,workflow.timeline[5],unknown,Sintering at 1200 °C (1–24 h; optimal 12 h) with mother powder cover,True,0.94,,"The Methods section states: “Finally, the pellet was sintered at 1200C from 1 to 24 h…” and “In the sintering step, the pellet was covered with the mother LLZO power to minimize the Li loss…”. In th",
Verified_Shin_et_al__-_2015_-_Synergistic_multi-doping_effects_on_the_Li7La3Zr2O_reactions.json,Shin_et_al__-_2015_-_Synergistic_multi-doping_effects_on_the_Li7La3Zr2O,low,workflow,workflow.timeline[6],unknown,Cu evaporation (~6 µm) on pellet surfaces for impedance testing,True,0.98,,"The Methods/Characterization section explicitly states: “Prior to measurement, the ~6 μm thick Cu electrode was evaporated on both sides of LLZO pellet to form the current collector.” This supports th",
Verified_Shin_et_al__-_2015_-_Synergistic_multi-doping_effects_on_the_Li7La3Zr2O_reactions.json,Shin_et_al__-_2015_-_Synergistic_multi-doping_effects_on_the_Li7La3Zr2O,low,workflow,workflow.ambiguities[0],Exact precursor masses not specified,,True,0.92,,"The Methods section states: “The whole precursor materials were weighed according to the stoichiometry…”, but nowhere in the paper are the actual precursor masses (e.g., grams of Li2CO3, La2O3, ZrO2, ",
Verified_Shin_et_al__-_2015_-_Synergistic_multi-doping_effects_on_the_Li7La3Zr2O_reactions.json,Shin_et_al__-_2015_-_Synergistic_multi-doping_effects_on_the_Li7La3Zr2O,low,workflow,workflow.ambiguities[1],Drying conditions unspecified,,True,0.87,,"In the Methods section, the synthesis procedure states: “After drying the mixture, the collected powder was calcined at 1000 °C for 2–4 h…”, but it does not specify any drying conditions (temperature,",
Verified_Shin_et_al__-_2015_-_Synergistic_multi-doping_effects_on_the_Li7La3Zr2O_reactions.json,Shin_et_al__-_2015_-_Synergistic_multi-doping_effects_on_the_Li7La3Zr2O,low,workflow,workflow.ambiguities[2],Atmosphere during calcination and sintering not stated,,True,0.9,,"In the Methods section, the paper states the calcination and sintering temperatures/times (“calcined at 1000 °C for 2–4 h… sintered at 1200 °C from 1 to 24 h”) but does not specify the atmosphere (e.g",
Verified_Shin_et_al__-_2015_-_Synergistic_multi-doping_effects_on_the_Li7La3Zr2O_reactions.json,Shin_et_al__-_2015_-_Synergistic_multi-doping_effects_on_the_Li7La3Zr2O,low,characterization,characterization[0],XRD,XRD,True,0.93,,"The text explicitly supports that XRD confirms cubic LLZO formation and that multi-doping accelerates/stabilizes the cubic phase with shorter treatment. In the Results section describing Fig. 2a, it s",
Verified_Shin_et_al__-_2015_-_Synergistic_multi-doping_effects_on_the_Li7La3Zr2O_reactions.json,Shin_et_al__-_2015_-_Synergistic_multi-doping_effects_on_the_Li7La3Zr2O,low,characterization,characterization[1],SEM,SEM,True,0.86,,"The text describing Fig. 3a,b explicitly states: “In the initial stage of the sintering, the pellet had porous microstructures…” and that the “12 h sintered pellets” indicate an “internal dense struct",
Verified_Shin_et_al__-_2015_-_Synergistic_multi-doping_effects_on_the_Li7La3Zr2O_reactions.json,Shin_et_al__-_2015_-_Synergistic_multi-doping_effects_on_the_Li7La3Zr2O,low,characterization,characterization[2],AC impedance spectroscopy,AC impedance spectroscopy,True,0.97,,"The paper explicitly reports the room-temperature total ionic conductivities for 12 h sintered pellets as 6.14 × 10−4 S cm−1 (multi-doped) and 2.54 × 10−4 S cm−1 (single Al-doped) (Results, Page 3; al",
Verified_Shin_et_al__-_2015_-_Synergistic_multi-doping_effects_on_the_Li7La3Zr2O_reactions.json,Shin_et_al__-_2015_-_Synergistic_multi-doping_effects_on_the_Li7La3Zr2O,low,analysis,analysis.methods[0],unknown,,False,0.77,,"The paper explicitly describes multiple analysis/characterization methods (e.g., X-ray diffraction (XRD) including Rietveld refinement, scanning electron microscopy (SEM), AC impedance spectroscopy fo","Specify the analysis methods used, e.g., XRD (with Rietveld refinement), SEM, AC impedance spectroscopy, DFT calculations, and bond valence method (BVM) for diffusion pathway visualization."
Verified_Su_et_al__-_2024_-_A_scalable_Li-Al-Cl_stratified_structure_for_stabl_reactions.json,Su_et_al__-_2024_-_A_scalable_Li-Al-Cl_stratified_structure_for_stabl,low,targets,targets[0],target_1,Li-Al-Cl stratified structure (LACSS),False,0.86,,"The field 'Target Formula' is blank in the extracted value. The paper does explicitly state the target material/structure and its composition: the Li–Al–Cl stratified structure (LACSS) consists of Li,","Li–Al–Cl stratified structure (LACSS), composed of Li + Li9Al4 + LiCl (overall phases indexed to Li, LiCl, and Li9Al4; Eq. (1): 21 Li + 4 AlCl3 → Li9Al4 + 12 LiCl)."
Verified_Su_et_al__-_2024_-_A_scalable_Li-Al-Cl_stratified_structure_for_stabl_reactions.json,Su_et_al__-_2024_-_A_scalable_Li-Al-Cl_stratified_structure_for_stabl,low,targets,targets[1],target_2,Li5.5PS4.5Cl1.5 (LPSC),True,0.98,,The paper explicitly uses the electrolyte composition Li5.5PS4.5Cl1.5 and names it LPSC. On Page 2 it states: “the LACSS symmetric cell using Li5.5PS4.5Cl1.5 (LPSC) electrolytes…”. This directly suppo,
Verified_Su_et_al__-_2024_-_A_scalable_Li-Al-Cl_stratified_structure_for_stabl_reactions.json,Su_et_al__-_2024_-_A_scalable_Li-Al-Cl_stratified_structure_for_stabl,low,chemicals,chemicals[0],chem_1,Lithium,False,0.83,contradiction_clear,"The paper clearly identifies the presence/use of lithium (Li metal/foil) throughout (e.g., “Lithium (Li) foil (99.95%...)” in Methods; Li in Eq. (1) and figures discussing Li metal). However, the extr",Lithium (Li) foil/metal is used; amounts are specified in places such as: 100 μm-thick bare Li (full cells) and 60 μm-thick LACSS; also LPSC pellets use 150 mg LPSC and full-cell electrolyte uses 120 
Verified_Su_et_al__-_2024_-_A_scalable_Li-Al-Cl_stratified_structure_for_stabl_reactions.json,Su_et_al__-_2024_-_A_scalable_Li-Al-Cl_stratified_structure_for_stabl,low,chemicals,chemicals[1],chem_2,Aluminum trichloride,False,0.75,,"The paper explicitly identifies AlCl3 (aluminum trichloride) as the precursor (e.g., “nano-AlCl3 precursors”, “gas-state AlCl3 (99.99%, Macklin)”, and the reaction 21Li + 4AlCl3 → Li9Al4 + 12LiCl). Ho","Aluminum trichloride (AlCl3) | Amount: AlCl3 gas concentration 3.6 g L−1 (deposition at 178 °C); deposition amount controlled by exposure time (e.g., 40 s; also 20 s and 60 s for low/high loading)."
Verified_Su_et_al__-_2024_-_A_scalable_Li-Al-Cl_stratified_structure_for_stabl_reactions.json,Su_et_al__-_2024_-_A_scalable_Li-Al-Cl_stratified_structure_for_stabl,low,chemicals,chemicals[2],chem_3,Li9Al4,True,0.83,,"The paper explicitly identifies Li9Al4 as a phase/product in the Li-Al-Cl stratified structure (e.g., XRD indexing to Li, LiCl, and Li9Al4; reaction equation 21 Li + 4 AlCl3 = Li9Al4 + 12 LiCl; and TE",
Verified_Su_et_al__-_2024_-_A_scalable_Li-Al-Cl_stratified_structure_for_stabl_reactions.json,Su_et_al__-_2024_-_A_scalable_Li-Al-Cl_stratified_structure_for_stabl,low,chemicals,chemicals[3],chem_4,Lithium chloride,False,0.86,,"The document discusses lithium chloride (LiCl) as a reaction product in the Li-Al-Cl stratified structure (e.g., XRD indexed to Li, LiCl, Li9Al4; Eq. (1) produces 12 LiCl; Methods also lists LiCl as a","Lithium chloride (LiCl) | Amount: Produced stoichiometrically as 12 LiCl in the reaction 21 Li + 4 AlCl3 → Li9Al4 + 12 LiCl (Eq. 1). (If the intent is experimental mass/loading of LiCl, then specify: "
Verified_Su_et_al__-_2024_-_A_scalable_Li-Al-Cl_stratified_structure_for_stabl_reactions.json,Su_et_al__-_2024_-_A_scalable_Li-Al-Cl_stratified_structure_for_stabl,low,chemicals,chemicals[4],chem_5,Lithium sulfide,False,0.9,,"The paper does not mention “lithium sulfide” as a reagent/material identity for the reported synthesis or cell fabrication. Instead, the Methods explicitly list Li metal foil, AlCl3, and for electroly","Replace with: “Li2S (99.98%, Sigma-Aldrich) | Amount: stoichiometric (not numerically specified)” as an LPSC precursor (Methods: ‘Stoichiometric Li2S, P2S5, and LiCl… mechanically milled…’). If the in"
Verified_Su_et_al__-_2024_-_A_scalable_Li-Al-Cl_stratified_structure_for_stabl_reactions.json,Su_et_al__-_2024_-_A_scalable_Li-Al-Cl_stratified_structure_for_stabl,low,chemicals,chemicals[5],chem_6,Phosphorus pentasulfide,False,0.93,contradiction_mixed,"The paper does not mention using phosphorus pentasulfide (P2S5) in the main-text Methods or elsewhere as a standalone reagent for any synthesis except as part of preparing the LPSC electrolyte, where ",P2S5 (phosphorus pentasulfide); Amount: stoichiometric (no numerical amount given).
Verified_Su_et_al__-_2024_-_A_scalable_Li-Al-Cl_stratified_structure_for_stabl_reactions.json,Su_et_al__-_2024_-_A_scalable_Li-Al-Cl_stratified_structure_for_stabl,low,chemicals,chemicals[6],chem_7,Zr/F–doped LiNi0.83Co0.12Mn0.05O2 (NCM83125),False,0.77,,"The paper does identify the cathode as “Zr/F doped NCM83125” and also states the composition “LiNi0.83Co0.12Mn0.05O2 (NCM83125)”. However, it does not explicitly state the chemical identity as “Zr/F–d",Chemical identity: Zr/F doped NCM83125 (where NCM83125 = LiNi0.83Co0.12Mn0.05O2). Amount/loading: composite positive electrode NCM83125:LPSC = 70:30 wt%; cathode loading = 1.78 mAh cm−2 (long-term cyc
Verified_Su_et_al__-_2024_-_A_scalable_Li-Al-Cl_stratified_structure_for_stabl_reactions.json,Su_et_al__-_2024_-_A_scalable_Li-Al-Cl_stratified_structure_for_stabl,low,synthesis,synthesis.steps[0].operations[0],polish,,True,0.96,,"The Methods section explicitly states: ""Lithium (Li) foil ... was first polished by a plastic scraper to remove the native oxidation layer."" This directly supports the synthesis operation 'polish'.",
Verified_Su_et_al__-_2024_-_A_scalable_Li-Al-Cl_stratified_structure_for_stabl_reactions.json,Su_et_al__-_2024_-_A_scalable_Li-Al-Cl_stratified_structure_for_stabl,low,synthesis,synthesis.steps[0].conditions,unknown,,True,0.88,,"The paper explicitly states that “All the solid-state cells were assembled in the Ar-filled glovebox (H2O < 0.1 ppm, O2 < 0.1 ppm)” in the Methods section, which indicates an argon atmosphere was used",
Verified_Su_et_al__-_2024_-_A_scalable_Li-Al-Cl_stratified_structure_for_stabl_reactions.json,Su_et_al__-_2024_-_A_scalable_Li-Al-Cl_stratified_structure_for_stabl,low,synthesis,synthesis.steps[1].operations[0],sublime_deposit,,True,0.98,,The paper explicitly describes an “AlCl3 sublimation-deposition” step as part of the scalable “sublimating-winding-rolling method” used to prepare the Li-Al-Cl stratified structure (LACSS). Figure 1 l,
Verified_Su_et_al__-_2024_-_A_scalable_Li-Al-Cl_stratified_structure_for_stabl_reactions.json,Su_et_al__-_2024_-_A_scalable_Li-Al-Cl_stratified_structure_for_stabl,low,synthesis,synthesis.steps[1].conditions,unknown,,True,0.93,,"The Methods section explicitly states: ""All the solid-state cells were assembled in the Ar-filled glovebox (H2O < 0.1 ppm, O2 < 0.1 ppm)."" This directly supports that the synthesis/handling atmosphere",
Verified_Su_et_al__-_2024_-_A_scalable_Li-Al-Cl_stratified_structure_for_stabl_reactions.json,Su_et_al__-_2024_-_A_scalable_Li-Al-Cl_stratified_structure_for_stabl,low,synthesis,synthesis.steps[2].operations[0],wind,,False,0.9,,The paper describes a “sublimating-winding-rolling method” and repeatedly mentions “winding-rolling process” (including Fig. 1 caption and Methods: “a winding-rolling process was conducted…”). There i,winding (as part of a sublimating-winding-rolling / winding-rolling process)
Verified_Su_et_al__-_2024_-_A_scalable_Li-Al-Cl_stratified_structure_for_stabl_reactions.json,Su_et_al__-_2024_-_A_scalable_Li-Al-Cl_stratified_structure_for_stabl,low,synthesis,synthesis.steps[2].conditions,unknown,,True,0.95,,"The paper explicitly states that “All the solid-state cells were assembled in the Ar-filled glovebox (H2O < 0.1 ppm, O2 < 0.1 ppm)” in the Methods section, which directly supports argon (Ar) as the sy",
Verified_Su_et_al__-_2024_-_A_scalable_Li-Al-Cl_stratified_structure_for_stabl_reactions.json,Su_et_al__-_2024_-_A_scalable_Li-Al-Cl_stratified_structure_for_stabl,low,synthesis,synthesis.steps[3].operations[0],roll,,True,0.92,,The paper explicitly describes a “sublimating-winding-rolling method” and states that strain-activated atom diffusion occurs “during the rolling process” to form the Li-Al-Cl stratified structure (Pag,
Verified_Su_et_al__-_2024_-_A_scalable_Li-Al-Cl_stratified_structure_for_stabl_reactions.json,Su_et_al__-_2024_-_A_scalable_Li-Al-Cl_stratified_structure_for_stabl,low,synthesis,synthesis.steps[3].conditions,unknown,,True,0.9,,"The paper explicitly states that all solid-state cells were assembled in an Ar-filled glovebox (H2O < 0.1 ppm, O2 < 0.1 ppm), which is a synthesis/processing atmosphere consistent with the extracted v",
Verified_Su_et_al__-_2024_-_A_scalable_Li-Al-Cl_stratified_structure_for_stabl_reactions.json,Su_et_al__-_2024_-_A_scalable_Li-Al-Cl_stratified_structure_for_stabl,low,synthesis,synthesis.steps[4].operations[0],mill,,False,0.82,,"The paper describes a “sublimating-winding-rolling” method for making the LACSS, and separately mentions that LPSC electrolyte precursors were “mechanically milled at 550 rpm for 20 h” (Methods). Howe","For LACSS synthesis: ""sublimation-deposition; winding; rolling"" (or ""sublimating-winding-rolling""). If the field targets LPSC electrolyte synthesis instead: ""mechanically milled (ball milling)""."
Verified_Su_et_al__-_2024_-_A_scalable_Li-Al-Cl_stratified_structure_for_stabl_reactions.json,Su_et_al__-_2024_-_A_scalable_Li-Al-Cl_stratified_structure_for_stabl,low,synthesis,synthesis.steps[5].operations[0],anneal,,False,0.93,,"Across the full provided text (including the Methods section), the synthesis procedure for LACSS involves polishing Li foil, exposing it to gas-state AlCl3 at 178 °C to deposit AlCl3, cooling, and the","For LACSS synthesis, replace ""anneal"" with ""AlCl3 sublimation-deposition (exposure) + cooling + winding + rolling (room temperature)"". If the field is meant to capture any synthesis operation in the p"
Verified_Su_et_al__-_2024_-_A_scalable_Li-Al-Cl_stratified_structure_for_stabl_reactions.json,Su_et_al__-_2024_-_A_scalable_Li-Al-Cl_stratified_structure_for_stabl,low,workflow,workflow.timeline[0],unknown,Li foil surface preparation,False,0.62,,The paper discusses polishing Li foil with a plastic scraper to remove the native oxidation layer and then exposing it to AlCl3 vapor (Methods: “Synthesis of the LACSS”). While this is a Li foil surfa,"If the field is meant to capture the surface-prep step described in Methods, use: “Li foil was first polished by a plastic scraper to remove the native oxidation layer (prior to AlCl3 vapor exposure)."
Verified_Su_et_al__-_2024_-_A_scalable_Li-Al-Cl_stratified_structure_for_stabl_reactions.json,Su_et_al__-_2024_-_A_scalable_Li-Al-Cl_stratified_structure_for_stabl,low,workflow,workflow.timeline[1],unknown,AlCl3 vapor deposition on Li,True,0.86,,"The paper explicitly describes depositing AlCl3 (via sublimation/deposition) onto Li foil as part of the preparation workflow: after exposing/polishing Li foil, a layer of nanosized AlCl3 is deposited",
Verified_Su_et_al__-_2024_-_A_scalable_Li-Al-Cl_stratified_structure_for_stabl_reactions.json,Su_et_al__-_2024_-_A_scalable_Li-Al-Cl_stratified_structure_for_stabl,low,workflow,workflow.timeline[2],unknown,Winding to encapsulate powders,False,0.78,,"The paper describes a workflow step where “via the winding process, the partially-reacted AlCl3 precursors are encapsulated in the Li matrix” (Page 4). It does not state that winding is used “to encap","Winding to encapsulate partially reacted AlCl3 precursors in the Li matrix (Li foils), prior to rolling."
Verified_Su_et_al__-_2024_-_A_scalable_Li-Al-Cl_stratified_structure_for_stabl_reactions.json,Su_et_al__-_2024_-_A_scalable_Li-Al-Cl_stratified_structure_for_stabl,low,workflow,workflow.timeline[3],unknown,Rolling to create stratified Li-Al-Cl structure,True,0.78,,"The paper explicitly describes that the Li-Al-Cl stratified structure (LACSS) is formed via a rolling step as part of a scalable sublimating-winding-rolling method: after AlCl3 deposition, “a winding-",
Verified_Su_et_al__-_2024_-_A_scalable_Li-Al-Cl_stratified_structure_for_stabl_reactions.json,Su_et_al__-_2024_-_A_scalable_Li-Al-Cl_stratified_structure_for_stabl,low,workflow,workflow.timeline[4],unknown,Ball milling of sulfide precursors,False,0.92,,"The paper describes (i) preparation of LPSC sulfide electrolyte precursors by **mechanical/ball milling** (Li2S, P2S5, LiCl) and (ii) preparation of the Li-Al-Cl stratified structure (LACSS) via a **s","If the intent is the sulfide electrolyte (LPSC) synthesis timeline: “Li2S, P2S5, and LiCl were mechanically (ball) milled at 550 rpm for 20 h, then annealed at 450 °C for 5 h.” If the intent is the LA"
Verified_Su_et_al__-_2024_-_A_scalable_Li-Al-Cl_stratified_structure_for_stabl_reactions.json,Su_et_al__-_2024_-_A_scalable_Li-Al-Cl_stratified_structure_for_stabl,low,workflow,workflow.timeline[5],unknown,High-temperature annealing to form LPSC electrolyte,False,0.8,,"The paper describes annealing at 450 °C for 5 h to synthesize the LPSC electrolyte (“as-milled precursors… were further annealed at 450 °C for 5 h to yield the final LPSC products”), not “high-tempera",Anneal ball-milled LPSC precursors at 450 °C for 5 h to obtain LPSC electrolyte (after mechanical milling at 550 rpm for 20 h).
Verified_Su_et_al__-_2024_-_A_scalable_Li-Al-Cl_stratified_structure_for_stabl_reactions.json,Su_et_al__-_2024_-_A_scalable_Li-Al-Cl_stratified_structure_for_stabl,low,workflow,workflow.ambiguities[0],Amounts of Li foil and AlCl3 not specified,,True,0.93,,"The paper’s Methods section describes polishing a Li foil and exposing it to gas-state AlCl3, stating only that the amount of deposited AlCl3 was adjusted by controlling exposure time, without giving ",
Verified_Su_et_al__-_2024_-_A_scalable_Li-Al-Cl_stratified_structure_for_stabl_reactions.json,Su_et_al__-_2024_-_A_scalable_Li-Al-Cl_stratified_structure_for_stabl,low,workflow,workflow.ambiguities[1],Rolling pressure unspecified for standard LACSS,,True,0.83,,"The paper explicitly states: “LACSS with different thicknesses can be prepared by adjusting rolling pressure (Supplementary Fig. 6).” However, in the provided full text (main article pages 1–10), no n",
Verified_Su_et_al__-_2024_-_A_scalable_Li-Al-Cl_stratified_structure_for_stabl_reactions.json,Su_et_al__-_2024_-_A_scalable_Li-Al-Cl_stratified_structure_for_stabl,low,characterization,characterization[0],SEM/EDS,SEM/EDS,True,0.92,,"The paper explicitly reports SEM/EDS evidence of surface enrichment of Al and Cl in the LACSS. In the Results (discussion of Fig. 1c–d), it states: “the surface of the LACSS exhibits significant enric",
Verified_Su_et_al__-_2024_-_A_scalable_Li-Al-Cl_stratified_structure_for_stabl_reactions.json,Su_et_al__-_2024_-_A_scalable_Li-Al-Cl_stratified_structure_for_stabl,low,characterization,characterization[1],TOF-SIMS,TOF-SIMS,True,0.93,,"The paper explicitly states in the TOF-SIMS depth profile description (Fig. 1f) that “The intensity of Li5Al2O+ sharply decreases after ~600 s of sputtering,” supporting the extracted metric/value/uni",
Verified_Su_et_al__-_2024_-_A_scalable_Li-Al-Cl_stratified_structure_for_stabl_reactions.json,Su_et_al__-_2024_-_A_scalable_Li-Al-Cl_stratified_structure_for_stabl,low,characterization,characterization[2],XPS,XPS,True,0.92,,"The paper explicitly reports in-depth XPS (Fig. 1h) showing peaks corresponding to Li-Al alloys (Al 2p) and LiCl (Cl 2p) throughout etching, with peak intensities decreasing with etching depth, indica",
Verified_Su_et_al__-_2024_-_A_scalable_Li-Al-Cl_stratified_structure_for_stabl_reactions.json,Su_et_al__-_2024_-_A_scalable_Li-Al-Cl_stratified_structure_for_stabl,low,characterization,characterization[3],XRD,XRD,True,0.95,,"The paper explicitly states the XRD-identified phases for the LACSS: “All the peaks in the XRD pattern are indexed to Li, LiCl, and Li9Al4 (Supplementary Fig. 8).” This directly supports the extracted",
Verified_Su_et_al__-_2024_-_A_scalable_Li-Al-Cl_stratified_structure_for_stabl_reactions.json,Su_et_al__-_2024_-_A_scalable_Li-Al-Cl_stratified_structure_for_stabl,low,characterization,characterization[4],Cryo-FIB-SEM/TEM,Cryo-FIB-SEM/TEM,True,0.98,,The paper explicitly states in the cryo-FIB-SEM/cryo-TEM characterization section that the Al/Cl-enriched surface layer thickness is about 300 nm: “According to the line scan profiles of Al and Cl (Fi,
Verified_Su_et_al__-_2024_-_A_scalable_Li-Al-Cl_stratified_structure_for_stabl_reactions.json,Su_et_al__-_2024_-_A_scalable_Li-Al-Cl_stratified_structure_for_stabl,low,characterization,characterization[5],AFM,AFM,True,0.95,,"The paper explicitly states: “As observed by atomic force microscopy (AFM), the dense surface of the LACSS exhibits an extremely high average Young’s modulus of 64 GPa (Fig. 5c–d).” This directly supp",
Verified_Su_et_al__-_2024_-_A_scalable_Li-Al-Cl_stratified_structure_for_stabl_reactions.json,Su_et_al__-_2024_-_A_scalable_Li-Al-Cl_stratified_structure_for_stabl,low,characterization,characterization[6],Electrochemical (CCD test),Electrochemical (CCD test),True,0.95,,The paper explicitly reports a critical current density (CCD) of 2.5 mA cm−2 for the LACSS symmetric cell. This appears in the Results/Discussion text (Page 5–6) stating: “the CCD value of the LACSS s,
Verified_Su_et_al__-_2024_-_A_scalable_Li-Al-Cl_stratified_structure_for_stabl_reactions.json,Su_et_al__-_2024_-_A_scalable_Li-Al-Cl_stratified_structure_for_stabl,low,characterization,characterization[7],Electrochemical cycling,Electrochemical cycling,True,0.9,,"The paper text describing Fig. 4h states: “Under more demanding conditions with a current density of 1.0 mA cm−2 and a capacity of 0.5 mAh cm−2, the LACSS symmetric cell still functions well for more ",
Verified_Su_et_al__-_2024_-_A_scalable_Li-Al-Cl_stratified_structure_for_stabl_reactions.json,Su_et_al__-_2024_-_A_scalable_Li-Al-Cl_stratified_structure_for_stabl,low,characterization,characterization[8],Ionic conductivity measurement,Ionic conductivity measurement,True,0.99,,"The Methods section explicitly states: ""The ionic conductivity of the synthesized LPSC was measured to be 7.9 mS cm−1 (Supplementary Fig. 28b)."" This directly supports the extracted value (7.9 mS cm−1",
Verified_Su_et_al__-_2024_-_A_scalable_Li-Al-Cl_stratified_structure_for_stabl_reactions.json,Su_et_al__-_2024_-_A_scalable_Li-Al-Cl_stratified_structure_for_stabl,low,characterization,characterization[9],Full-cell cycling,Full-cell cycling,True,0.98,,"The paper explicitly states that the LACSS | LPSC | NCM83125 full cell achieves a “capacity retention of 92.3%” after 300 cycles (Page 2, end of Introduction; also reiterated in the Results section de",
Verified_Su_et_al__-_2024_-_A_scalable_Li-Al-Cl_stratified_structure_for_stabl_reactions.json,Su_et_al__-_2024_-_A_scalable_Li-Al-Cl_stratified_structure_for_stabl,low,analysis,analysis.methods[0],unknown,,False,0.62,,"The extracted value for “Analysis Method” is blank, but the paper explicitly describes multiple analysis/characterization methods used (e.g., SEM/EDS, TOF-SIMS, XPS, XRD, cryo-FIB-SEM/TEM, AFM, EIS/CV","Populate “Analysis Method” with the methods explicitly listed in the paper, e.g.: SEM/EDS; XRD; XPS (depth profiling); TOF-SIMS (depth profiling); cryo-FIB-SEM and cryo-TEM (SAED, HRTEM/FFT); AFM (mod"
Verified_Su_et_al__-_2024_-_A_scalable_Li-Al-Cl_stratified_structure_for_stabl_reactions.json,Su_et_al__-_2024_-_A_scalable_Li-Al-Cl_stratified_structure_for_stabl,low,analysis,analysis.methods[1],unknown,,False,0.86,,"The extracted value for “Analysis Method” is blank, but the paper (including Fig. 5e–f and its caption) clearly specifies analysis/simulation methods used: Fig. 5c–d show atomic force microscopy (AFM)",AFM (modulus/height mapping) and AIMD simulations (with RDF analysis of P–S pair)
Verified_Su_et_al__-_2024_-_A_scalable_Li-Al-Cl_stratified_structure_for_stabl_reactions.json,Su_et_al__-_2024_-_A_scalable_Li-Al-Cl_stratified_structure_for_stabl,low,final_outcomes,final_outcomes,unknown,,True,0.93,,The paper explicitly reports performance after 300 cycles for the full cell: “a remarkable capacity retention of 92.3% is achieved in the LACSS | LPSC | NCM83125 full cell after 300 cycles at 0.89 mA ,
Verified_Sun_et_al__-_2018_-_Towards_a_reliable_Li-metal-free_LiNO_3_reactions.json,Sun_et_al__-_2018_-_Towards_a_reliable_Li-metal-free_LiNO_3,low,targets,targets[0],target_1,hydrothermal carbon@carbon cloth (HTC–CC),False,0.92,contradiction_clear,"The field “Target Formula” is blank in the extracted value, but the paper explicitly names multiple relevant chemical formulas in the cited section “Hydrothermal surface coating of carbon cloth”, most","Clarify what “Target Formula” refers to. If it is the coating product, use “hydrothermal carbon@carbon cloth (HTC–CC)” (no explicit molecular formula given). If it is the precursor, list “D-glucose” ("
Verified_Sun_et_al__-_2018_-_Towards_a_reliable_Li-metal-free_LiNO_3_reactions.json,Sun_et_al__-_2018_-_Towards_a_reliable_Li-metal-free_LiNO_3,low,targets,targets[1],target_2,Al–Li alloy,False,0.9,,The extracted value for “Target Formula” is blank. The paper’s Experimental Methods section “Preparation of the Al–Li alloy” and surrounding text explicitly refer to the target material as an “Al–Li a,"If the intent is to capture the target material, use “Al–Li alloy” (Li–Al alloy). If a stoichiometric formula is required, it is not specified for the prepared alloy in the text."
Verified_Sun_et_al__-_2018_-_Towards_a_reliable_Li-metal-free_LiNO_3_reactions.json,Sun_et_al__-_2018_-_Towards_a_reliable_Li-metal-free_LiNO_3,low,chemicals,chemicals[0],chem_1,carbon cloth,True,0.77,,"The paper explicitly identifies the chemical as “Carbon cloth” in the Experimental methods section (“Hydrothermal surface coating of carbon cloth”). However, the amount of carbon cloth used is not giv",
Verified_Sun_et_al__-_2018_-_Towards_a_reliable_Li-metal-free_LiNO_3_reactions.json,Sun_et_al__-_2018_-_Towards_a_reliable_Li-metal-free_LiNO_3,low,chemicals,chemicals[1],chem_2,hydrochloric acid 2 M,True,0.93,,"In the Experimental methods section under “Hydrothermal surface coating of carbon cloth”, the paper explicitly states: “Carbon cloth … was firstly washed with 2 M HCl…”. This supports the chemical ide",
Verified_Sun_et_al__-_2018_-_Towards_a_reliable_Li-metal-free_LiNO_3_reactions.json,Sun_et_al__-_2018_-_Towards_a_reliable_Li-metal-free_LiNO_3,low,chemicals,chemicals[2],chem_3,deionized water,False,0.85,contradiction_clear,The paper explicitly mentions “deionized water” in the Hydrothermal surface coating of carbon cloth procedure (washing steps: “deionized water 2 times” and later “washed with deionized water 5 times”),"deionized water | Amount: washing only (no volume given for DI-water wash steps); additionally, “50 mL water” is used in the hydrothermal mixture (water type not specified as deionized)."
Verified_Sun_et_al__-_2018_-_Towards_a_reliable_Li-metal-free_LiNO_3_reactions.json,Sun_et_al__-_2018_-_Towards_a_reliable_Li-metal-free_LiNO_3,low,chemicals,chemicals[3],chem_4,D-glucose,True,0.99,,"In the Experimental methods section under “Hydrothermal surface coating of carbon cloth”, the paper explicitly states: “2.5 g D-glucose (Sigma Aldrich) … were dissolved into 50 mL water…”. This direct",
Verified_Sun_et_al__-_2018_-_Towards_a_reliable_Li-metal-free_LiNO_3_reactions.json,Sun_et_al__-_2018_-_Towards_a_reliable_Li-metal-free_LiNO_3,low,chemicals,chemicals[4],chem_5,sodium dodecyl sulfate,True,0.98,,"In the 'Experimental methods – Hydrothermal surface coating of carbon cloth' section, the paper states: '2.5 g D-glucose ... and 12.5 mg sodium dodecyl sulphate (SDS, Sigma Aldrich) were dissolved int",
Verified_Sun_et_al__-_2018_-_Towards_a_reliable_Li-metal-free_LiNO_3_reactions.json,Sun_et_al__-_2018_-_Towards_a_reliable_Li-metal-free_LiNO_3,low,chemicals,chemicals[5],chem_6,nitrogen gas,True,0.88,,"The paper explicitly states that calcination was performed “at 800 °C under a N2 atmosphere for 4 h” in the “Hydrothermal surface coating of carbon cloth” experimental method, confirming the use of ni",
Verified_Sun_et_al__-_2018_-_Towards_a_reliable_Li-metal-free_LiNO_3_reactions.json,Sun_et_al__-_2018_-_Towards_a_reliable_Li-metal-free_LiNO_3,low,chemicals,chemicals[6],chem_7,lithium foil,True,0.86,,The paper explicitly states in the Experimental methods section under “Preparation of the Al–Li alloy” that CR2032 coin cells were assembled “with lithium foil as an anode” and aluminium foil as a cat,
Verified_Sun_et_al__-_2018_-_Towards_a_reliable_Li-metal-free_LiNO_3_reactions.json,Sun_et_al__-_2018_-_Towards_a_reliable_Li-metal-free_LiNO_3,low,chemicals,chemicals[7],chem_8,aluminium foil,False,0.88,contradiction_clear,"The paper explicitly states that coin cells were assembled with “aluminium foil (15 mm) as a cathode” in the Preparation of the Al–Li alloy section. Therefore, aluminium foil is supported as a chemica",aluminium foil | Amount: 15 mm (as cathode foil size in Al–Li alloy preparation)
Verified_Sun_et_al__-_2018_-_Towards_a_reliable_Li-metal-free_LiNO_3_reactions.json,Sun_et_al__-_2018_-_Towards_a_reliable_Li-metal-free_LiNO_3,low,chemicals,chemicals[8],chem_9,lithium hexafluorophosphate,False,0.95,,"The paper explicitly specifies the lithium hexafluorophosphate (LiPF6) electrolyte concentration as “1 M LiPF6 in ethylene carbonate/ethyl methyl carbonate (EC/EMC, v/v = 1 : 1)” in the “Preparation o","lithium hexafluorophosphate (LiPF6) | Amount: 1 M (in EC/EMC, v/v = 1:1)"
Verified_Sun_et_al__-_2018_-_Towards_a_reliable_Li-metal-free_LiNO_3_reactions.json,Sun_et_al__-_2018_-_Towards_a_reliable_Li-metal-free_LiNO_3,low,chemicals,chemicals[9],chem_10,ethylene carbonate,False,0.8,contradiction_clear,"The paper explicitly mentions ethylene carbonate (EC) as a solvent component in the electrolyte used for Al–Li alloy preparation: “1 M LiPF6 in ethylene carbonate/ethyl methyl carbonate (EC/EMC, v/v =",ethylene carbonate (EC) | Amount: present in electrolyte as EC/EMC (v/v = 1:1) (with 1 M LiPF6 in the solvent mixture)
Verified_Sun_et_al__-_2018_-_Towards_a_reliable_Li-metal-free_LiNO_3_reactions.json,Sun_et_al__-_2018_-_Towards_a_reliable_Li-metal-free_LiNO_3,low,chemicals,chemicals[10],chem_11,ethyl methyl carbonate,True,0.86,,"The paper explicitly mentions ethyl methyl carbonate (EMC) as a component of the electrolyte used for Al–Li alloy preparation: “1 M LiPF6 in ethylene carbonate/ethyl methyl carbonate (EC/EMC, v/v = 1 ",
Verified_Sun_et_al__-_2018_-_Towards_a_reliable_Li-metal-free_LiNO_3_reactions.json,Sun_et_al__-_2018_-_Towards_a_reliable_Li-metal-free_LiNO_3,low,chemicals,chemicals[11],chem_12,dimethyl carbonate,True,0.9,,"The paper explicitly mentions dimethyl carbonate (DMC) in the Experimental methods section under “Preparation of the Al–Li alloy”: after disassembling the coin cell, “the Al–Li alloy was recovered, wa",
Verified_Sun_et_al__-_2018_-_Towards_a_reliable_Li-metal-free_LiNO_3_reactions.json,Sun_et_al__-_2018_-_Towards_a_reliable_Li-metal-free_LiNO_3,low,chemicals,chemicals[12],chem_13,lithium bis(trifluoromethane)sulfonimide (LiTFSI),False,0.95,,"The paper explicitly states that the blank electrolyte was prepared by dissolving an appropriate amount of LiTFSI in TEGDME, but it does not leave the amount unspecified: later in the same Experimenta",lithium bis(trifluoromethane)sulfonimide (LiTFSI) | Amount: 20 μL of the blank electrolyte (LiTFSI in TEGDME) added to the separator. (Salt concentration/grams of LiTFSI not specified; described only 
Verified_Sun_et_al__-_2018_-_Towards_a_reliable_Li-metal-free_LiNO_3_reactions.json,Sun_et_al__-_2018_-_Towards_a_reliable_Li-metal-free_LiNO_3,low,chemicals,chemicals[13],chem_14,triethylene glycol dimethyl ether,False,0.78,,"The paper explicitly identifies triethylene glycol dimethyl ether (TEGDME) as the solvent used to prepare the electrolyte (“LiTFSI … in triethylene glycol dimethyl ether (TEGDME, 99%, Sigma Aldrich)”)",triethylene glycol dimethyl ether (TEGDME) | Amount: used as solvent for 1 M LiTFSI electrolyte (concentration specified; solvent volume not specified)
Verified_Sun_et_al__-_2018_-_Towards_a_reliable_Li-metal-free_LiNO_3_reactions.json,Sun_et_al__-_2018_-_Towards_a_reliable_Li-metal-free_LiNO_3,low,chemicals,chemicals[14],chem_15,lithium sulfide,True,0.92,,The paper explicitly states that lithium sulfide (Li2S) is used to prepare the lithium polysulphide (Li2S4) catholyte: “certain amounts of lithium sulphide (Li2S… ) and sublimed sulphur … were mixed…”,
Verified_Sun_et_al__-_2018_-_Towards_a_reliable_Li-metal-free_LiNO_3_reactions.json,Sun_et_al__-_2018_-_Towards_a_reliable_Li-metal-free_LiNO_3,low,chemicals,chemicals[15],chem_16,sulfur,True,0.86,,"The paper discusses sulphur extensively (e.g., “sublimed sulphur (Sigma Aldrich)” used with Li2S to make Li2S4 catholyte), so the chemical identity ‘sulfur’ is present. However, no explicit mass/amoun",
Verified_Sun_et_al__-_2018_-_Towards_a_reliable_Li-metal-free_LiNO_3_reactions.json,Sun_et_al__-_2018_-_Towards_a_reliable_Li-metal-free_LiNO_3,low,chemicals,chemicals[16],chem_17,lithium polysulfide (Li2S4) catholyte,False,0.92,,"The paper explicitly identifies the catholyte as Li2S4 (lithium polysulphide). However, the text *does* specify an amount used in the full cell assembly: “12 mL 1 M Li2S4 was loaded onto the HTC–CC cu",Chemical identity: lithium polysulphide (Li2S4) catholyte. Amount: 12 mL of 1 M Li2S4 loaded onto the HTC–CC current collector (full cell assembly). (Additionally: 2 M Li2S4 used for soaking tests; 20
Verified_Sun_et_al__-_2018_-_Towards_a_reliable_Li-metal-free_LiNO_3_reactions.json,Sun_et_al__-_2018_-_Towards_a_reliable_Li-metal-free_LiNO_3,low,synthesis,synthesis.steps[0].operations[0],wash,,True,0.93,,"The paper explicitly describes washing steps in multiple synthesis/preparation procedures, supporting the presence of a 'wash' operation. Examples include: carbon cloth 'was firstly washed with 2 M HC",
Verified_Sun_et_al__-_2018_-_Towards_a_reliable_Li-metal-free_LiNO_3_reactions.json,Sun_et_al__-_2018_-_Towards_a_reliable_Li-metal-free_LiNO_3,low,synthesis,synthesis.steps[0].operations[1],wash,,True,0.98,,"The paper explicitly describes washing steps as part of synthesis/preparation procedures. Examples include: carbon cloth was ""firstly washed"" with 2 M HCl and deionized water (Experimental methods, Hy",
Verified_Sun_et_al__-_2018_-_Towards_a_reliable_Li-metal-free_LiNO_3_reactions.json,Sun_et_al__-_2018_-_Towards_a_reliable_Li-metal-free_LiNO_3,low,synthesis,synthesis.steps[0].operations[2],dry,,False,0.35,,"The paper contains multiple instances of “dried” (e.g., “dried at 80 °C…”, “dried under vacuum overnight”), but it does not use “dry” as a standalone named synthesis operation. The extracted value is ","Specify the drying operation as written in the Experimental methods, e.g., “dried at 80 °C for 12 h / overnight” and/or “dried under vacuum overnight” (depending on which step is being captured)."
Verified_Sun_et_al__-_2018_-_Towards_a_reliable_Li-metal-free_LiNO_3_reactions.json,Sun_et_al__-_2018_-_Towards_a_reliable_Li-metal-free_LiNO_3,low,synthesis,synthesis.steps[1].operations[0],dissolve,,True,0.78,,"The paper explicitly describes materials being “dissolved” during synthesis steps, e.g., “2.5 g D-glucose ... and 12.5 mg sodium dodecyl sulphate ... were dissolved into 50 mL water” (Hydrothermal sur",
Verified_Sun_et_al__-_2018_-_Towards_a_reliable_Li-metal-free_LiNO_3_reactions.json,Sun_et_al__-_2018_-_Towards_a_reliable_Li-metal-free_LiNO_3,low,synthesis,synthesis.steps[1].operations[1],ultrasonicate,,True,0.86,,"The paper explicitly describes using sonication/ultrasonication as part of the synthesis/preparation steps: (1) carbon cloth washed with 2 M HCl ""through sonication 5 times""; and (2) glucose and SDS w",
Verified_Sun_et_al__-_2018_-_Towards_a_reliable_Li-metal-free_LiNO_3_reactions.json,Sun_et_al__-_2018_-_Towards_a_reliable_Li-metal-free_LiNO_3,low,synthesis,synthesis.steps[1].operations[2],transfer,,False,0.93,,The paper uses the term “transferred” only to describe moving a solution into a Teflon autoclave (“the solution was transferred to a 100 mL Teflon autoclave”) and does not describe a distinct synthesi,"If the field is meant to capture an explicit handling step, use: “solution was transferred to a 100 mL Teflon autoclave” (hydrothermal coating step). Otherwise, leave as Not specified/None."
Verified_Sun_et_al__-_2018_-_Towards_a_reliable_Li-metal-free_LiNO_3_reactions.json,Sun_et_al__-_2018_-_Towards_a_reliable_Li-metal-free_LiNO_3,low,synthesis,synthesis.steps[1].operations[3],heat,,False,0.78,contradiction_clear,"The paper describes multiple synthesis/processing steps (e.g., hydrothermal treatment, calcination, drying, stirring at 60 °C), so “heat” alone is not explicitly stated as the synthesis operation nor ","Specify the concrete thermal operations described, e.g., “hydrothermal heating (190 °C, 15 h)” and/or “calcination (800 °C, N2, 4 h)” (also drying at 80 °C, stirring at 60 °C overnight)."
Verified_Sun_et_al__-_2018_-_Towards_a_reliable_Li-metal-free_LiNO_3_reactions.json,Sun_et_al__-_2018_-_Towards_a_reliable_Li-metal-free_LiNO_3,low,synthesis,synthesis.steps[1].operations[4],wash,,True,0.98,,"The paper explicitly describes multiple washing steps as part of synthesis/preparation procedures, e.g., carbon cloth was “firstly washed with 2 M HCl…” and later samples were “washed with deionized w",
Verified_Sun_et_al__-_2018_-_Towards_a_reliable_Li-metal-free_LiNO_3_reactions.json,Sun_et_al__-_2018_-_Towards_a_reliable_Li-metal-free_LiNO_3,low,synthesis,synthesis.steps[1].operations[5],dry,,False,0.86,,"The paper does include drying steps (e.g., carbon cloth “was dried at 80 °C…for 12 h”; hydrothermal sample “dried at 80 °C overnight”; soaked samples “dried under vacuum overnight”), but it does not s","Specify the actual drying operation(s), e.g., “dried at 80 °C for 12 h” (carbon cloth) / “dried at 80 °C overnight” (hydrothermal carbon-coated sample) / “dried under vacuum overnight” (recovered/wash"
Verified_Sun_et_al__-_2018_-_Towards_a_reliable_Li-metal-free_LiNO_3_reactions.json,Sun_et_al__-_2018_-_Towards_a_reliable_Li-metal-free_LiNO_3,low,synthesis,synthesis.steps[2].operations[0],calcine,,True,0.92,,"The paper explicitly describes a calcination step in the synthesis/processing of the carbon cloth material: after hydrothermal reaction and drying, ""This was then calcined at 800 °C under a N2 atmosph",
Verified_Sun_et_al__-_2018_-_Towards_a_reliable_Li-metal-free_LiNO_3_reactions.json,Sun_et_al__-_2018_-_Towards_a_reliable_Li-metal-free_LiNO_3,low,synthesis,synthesis.steps[2].conditions,unknown,,True,0.95,,"The paper explicitly states the calcination step was performed “at 800 °C under a N2 atmosphere for 4 h” during preparation of HTC–CC (Experimental methods, Hydrothermal surface coating of carbon clot",
Verified_Sun_et_al__-_2018_-_Towards_a_reliable_Li-metal-free_LiNO_3_reactions.json,Sun_et_al__-_2018_-_Towards_a_reliable_Li-metal-free_LiNO_3,low,synthesis,synthesis.steps[3].operations[0],assemble_cell,,True,0.86,,"The paper explicitly describes assembling coin cells/full cells in multiple places, supporting the synthesis/operation step of cell assembly. Examples include: “CR2032-type coin cells…were assembled” ",
Verified_Sun_et_al__-_2018_-_Towards_a_reliable_Li-metal-free_LiNO_3_reactions.json,Sun_et_al__-_2018_-_Towards_a_reliable_Li-metal-free_LiNO_3,low,synthesis,synthesis.steps[3].operations[1],electrochemical_discharge,,False,0.68,,"The paper describes Al–Li alloy fabrication via an electrochemical alloying method in a coin cell followed by “After discharge, the coin cell was disassembled and the Al–Li alloy was recovered…”. It a",electrochemical_alloying (electrochemical lithiation of Al foil to form Al–Li alloy; performed by discharging a Li|Al coin cell)
Verified_Sun_et_al__-_2018_-_Towards_a_reliable_Li-metal-free_LiNO_3_reactions.json,Sun_et_al__-_2018_-_Towards_a_reliable_Li-metal-free_LiNO_3,low,synthesis,synthesis.steps[3].operations[2],disassemble,,True,0.92,,"The paper explicitly uses the term “disassembled” as an operation step during synthesis/preparation of the Al–Li alloy: “After discharge, the coin cell was disassembled and the Al–Li alloy was recover",
Verified_Sun_et_al__-_2018_-_Towards_a_reliable_Li-metal-free_LiNO_3_reactions.json,Sun_et_al__-_2018_-_Towards_a_reliable_Li-metal-free_LiNO_3,low,synthesis,synthesis.steps[3].operations[3],wash,,True,0.86,,"The paper explicitly describes washing steps in the Experimental methods, e.g., carbon cloth was “washed with 2 M HCl… and deionized water…”, the hydrothermal product was “washed with deionized water ",
Verified_Sun_et_al__-_2018_-_Towards_a_reliable_Li-metal-free_LiNO_3_reactions.json,Sun_et_al__-_2018_-_Towards_a_reliable_Li-metal-free_LiNO_3,low,synthesis,synthesis.steps[3].conditions,unknown,,True,0.98,,"The paper explicitly states: ""All procedures were done inside an Ar-filled glove box"" in the Experimental methods section under ""Preparation of the electrolyte and catholyte for the Li-ion–polysulfide",
Verified_Sun_et_al__-_2018_-_Towards_a_reliable_Li-metal-free_LiNO_3_reactions.json,Sun_et_al__-_2018_-_Towards_a_reliable_Li-metal-free_LiNO_3,low,synthesis,synthesis.steps[4].operations[0],mix,,False,0.83,contradiction_clear,"The paper describes multiple synthesis/processing actions (e.g., washed, dissolved, mixed, stirred, ultrasonication, transferred, heated, calcined, assembled). It does mention “Li2S and sulphur were m","If the field expects a specific operation term from the procedure, use a more specific phrase supported by the text, e.g., “mixed (Li2S and sulphur in TEGDME) and stirred at 60 °C overnight” (catholyt"
Verified_Sun_et_al__-_2018_-_Towards_a_reliable_Li-metal-free_LiNO_3_reactions.json,Sun_et_al__-_2018_-_Towards_a_reliable_Li-metal-free_LiNO_3,low,synthesis,synthesis.steps[4].conditions,unknown,,False,0.92,,"The paper mentions an inert-gas environment only as an “Ar-filled glove box” for electrolyte/catholyte preparation, full-cell assembly, and in situ coin-cell construction (Experimental section, Page 3",If the field refers to handling/assembly atmosphere: “All procedures were done inside an Ar-filled glove box.” If it refers to thermal treatment atmosphere: “Calcined at 800 °C under a N2 atmosphere.”
Verified_Sun_et_al__-_2018_-_Towards_a_reliable_Li-metal-free_LiNO_3_reactions.json,Sun_et_al__-_2018_-_Towards_a_reliable_Li-metal-free_LiNO_3,low,workflow,workflow.timeline[0],unknown,Acid washing and drying of carbon cloth,True,0.93,,The paper explicitly describes acid washing and drying of the carbon cloth in the Experimental methods section: carbon cloth was washed with 2 M HCl via sonication (5 times) and deionized water (2 tim,
Verified_Sun_et_al__-_2018_-_Towards_a_reliable_Li-metal-free_LiNO_3_reactions.json,Sun_et_al__-_2018_-_Towards_a_reliable_Li-metal-free_LiNO_3,low,workflow,workflow.timeline[1],unknown,Hydrothermal glucose coating on carbon cloth,True,0.86,,"The paper explicitly describes a hydrothermal surface coating of carbon cloth using D-glucose in the section titled “Hydrothermal surface coating of carbon cloth,” where carbon cloth is treated in an ",
Verified_Sun_et_al__-_2018_-_Towards_a_reliable_Li-metal-free_LiNO_3_reactions.json,Sun_et_al__-_2018_-_Towards_a_reliable_Li-metal-free_LiNO_3,low,workflow,workflow.timeline[2],unknown,High-temperature N2 calcination to form HTC–CC,True,0.9,,"The paper explicitly describes that after hydrothermal treatment, the sample was ""calcined at 800 °C under a N2 atmosphere for 4 h to produce the hydrothemal carbon@carbon cloth (HTC–CC) product."" Thi",
Verified_Sun_et_al__-_2018_-_Towards_a_reliable_Li-metal-free_LiNO_3_reactions.json,Sun_et_al__-_2018_-_Towards_a_reliable_Li-metal-free_LiNO_3,low,workflow,workflow.timeline[3],unknown,Electrochemical alloying of Al foil with Li to form Al–Li alloy,True,0.93,,"The paper explicitly describes preparing an Al–Li alloy by an electrochemical method using Al foil (cathode) and Li foil (anode) in a coin cell—i.e., electrochemical alloying of Al foil with Li to for",
Verified_Sun_et_al__-_2018_-_Towards_a_reliable_Li-metal-free_LiNO_3_reactions.json,Sun_et_al__-_2018_-_Towards_a_reliable_Li-metal-free_LiNO_3,low,workflow,workflow.timeline[4],unknown,Synthesis of Li2S4 catholyte,False,0.72,,"The paper describes how the Li2S4 catholyte was synthesized (mix Li2S and S in TEGDME, stir at 60 °C overnight, yielding 1 M Li2S4), but it does not present this as a dated/ordered “workflow timeline”","If the field is meant to capture the synthesis step (not a timeline), use: “Li2S and sublimed S were mixed in TEGDME and stirred at 60 °C overnight to form 1 M Li2S4 catholyte.” If it must be a timeli"
Verified_Sun_et_al__-_2018_-_Towards_a_reliable_Li-metal-free_LiNO_3_reactions.json,Sun_et_al__-_2018_-_Towards_a_reliable_Li-metal-free_LiNO_3,low,workflow,workflow.ambiguities[0],Undefined amounts and durations for several washing/drying steps,,True,0.86,,The paper explicitly states a washing procedure with ambiguous amounts/durations: carbon cloth was “washed with 2 M HCl through sonication 5 times and deionized water 2 times” but does not specify the,
Verified_Sun_et_al__-_2018_-_Towards_a_reliable_Li-metal-free_LiNO_3_reactions.json,Sun_et_al__-_2018_-_Towards_a_reliable_Li-metal-free_LiNO_3,low,workflow,workflow.ambiguities[1],Exact concentration of LiTFSI in blank electrolyte not provided,,True,0.96,false_positive_suspect,"The paper states: “The blank electrolyte was prepared by dissolving an appropriate amount of … LiTFSI … in … TEGDME” (Experimental methods, Page 3). Nowhere in the provided full text is a numerical Li",
Verified_Sun_et_al__-_2018_-_Towards_a_reliable_Li-metal-free_LiNO_3_reactions.json,Sun_et_al__-_2018_-_Towards_a_reliable_Li-metal-free_LiNO_3,low,characterization,characterization[0],BET surface area analysis,BET surface area analysis,True,0.99,,"The paper explicitly reports the BET surface areas in the Results and discussion section (porosity evolution probed by N2 adsorption–desorption, Fig. S3): “The Brunauer–Emmett–Teller (BET) surface are",
Verified_Sun_et_al__-_2018_-_Towards_a_reliable_Li-metal-free_LiNO_3_reactions.json,Sun_et_al__-_2018_-_Towards_a_reliable_Li-metal-free_LiNO_3,low,characterization,characterization[1],Raman spectroscopy,Raman spectroscopy,True,0.97,,"Supported by the Raman spectroscopy discussion around Fig. 3 and associated text. The paper explicitly states I(D)/I(G) values: HTC–CC = 1.4 and CC = 1.59, and reports the calculated planar microcryst",
Verified_Sun_et_al__-_2018_-_Towards_a_reliable_Li-metal-free_LiNO_3_reactions.json,Sun_et_al__-_2018_-_Towards_a_reliable_Li-metal-free_LiNO_3,low,characterization,characterization[2],Electrochemical testing (galvanostatic),Electrochemical testing (galvanostatic),True,0.98,,The text explicitly reports full-cell gravimetric capacities for the Li-ion polysulphide full cell using an Al–Li alloy anode and HTC–CC cathode/current collector: it states the cell “exhibited a high,
Verified_Sun_et_al__-_2018_-_Towards_a_reliable_Li-metal-free_LiNO_3_reactions.json,Sun_et_al__-_2018_-_Towards_a_reliable_Li-metal-free_LiNO_3,low,characterization,characterization[3],Rate performance test,Rate performance test,True,0.93,,"The paper explicitly reports the rate performance for the Al–Li|HTC–CC full cell: in the discussion of Fig. 7c it states, “a sulphur capacity of 250 mA h g−1 can be obtained at a 2C rate” for the Al–L",
Verified_Sun_et_al__-_2018_-_Towards_a_reliable_Li-metal-free_LiNO_3_reactions.json,Sun_et_al__-_2018_-_Towards_a_reliable_Li-metal-free_LiNO_3,low,analysis,analysis.methods[0],unknown,,False,0.72,,"The paper describes multiple analysis/characterization methods (e.g., SEM/EDS, XRD including in situ synchrotron XRD, XPS, Raman spectroscopy, N2 adsorption–desorption/BET, electrochemical tests like ","Populate “Analysis Method” with the methods explicitly listed in the paper, e.g.: SEM (with EDS mapping), XRD (PANalytical Empyrean II; in situ synchrotron XRD at Australian Synchrotron), XPS, Raman s"
Verified_Sun_et_al__-_2018_-_Towards_a_reliable_Li-metal-free_LiNO_3_reactions.json,Sun_et_al__-_2018_-_Towards_a_reliable_Li-metal-free_LiNO_3,low,final_outcomes,final_outcomes,unknown,,True,0.86,,The paper explicitly reports performance “at the 100th cycle” multiple times. On Page 2 it states the full cell “preserved 500 mA h g−1 capacity with nearly 100% coulombic efficiency at the 100th cycl,
Verified_Takahashi_et_al__-_2013_-_All-solid-state_lithium_battery_with_LiBH4_solid_e_reactions.json,Takahashi_et_al__-_2013_-_All-solid-state_lithium_battery_with_LiBH4_solid_e,low,targets,targets[0],target_1,Bulk-type all-solid-state cell (Li | LiBH4 | LiCoO2),False,0.92,,"The extracted value for “Target Formula” is blank, but the paper explicitly states the target composition(s) used for PLD: “The LiCoO2 target was a mixture of LiCoO2 and Li2O … with a weight ratio of ",Specify the target material(s) depending on what “Target Formula” refers to: (1) For PLD LiCoO2 target: LiCoO2 + Li2O (100:15 wt). (2) For PLD Li3PO4 target: Li3PO4. (3) For bulk cathode mixture (if t
Verified_Takahashi_et_al__-_2013_-_All-solid-state_lithium_battery_with_LiBH4_solid_e_reactions.json,Takahashi_et_al__-_2013_-_All-solid-state_lithium_battery_with_LiBH4_solid_e,low,targets,targets[1],target_2,Li3PO4-coated LiCoO2 thin-film cathode,False,0.92,,"The field “Target Formula” is blank in the extracted value, but the paper explicitly provides multiple chemical formulas for target materials used in PLD (Experimental §2.2): “The LiCoO2 target was a ","Specify the target formula(s) as given in §2.2, e.g., LiCoO2 (with Li2O added in the target mixture) and/or Li3PO4 (pure Li3PO4 target), depending on which target the field refers to."
Verified_Takahashi_et_al__-_2013_-_All-solid-state_lithium_battery_with_LiBH4_solid_e_reactions.json,Takahashi_et_al__-_2013_-_All-solid-state_lithium_battery_with_LiBH4_solid_e,low,targets,targets[2],target_3,Thin-film all-solid-state cell (Li | LiBH4 | Li3PO4-LiCoO2),False,0.86,,"The extracted value for “Target Formula” is blank, but the paper clearly specifies target compositions in Experimental §2.2: (1) the LiCoO2 PLD target is a mixture of LiCoO2 and Li2O with a weight rat","Specify the target formula(s) described in §2.2, e.g., LiCoO2+Li2O (100:15 wt ratio) for the LiCoO2 target; Li3PO4 for the Li3PO4 target."
Verified_Takahashi_et_al__-_2013_-_All-solid-state_lithium_battery_with_LiBH4_solid_e_reactions.json,Takahashi_et_al__-_2013_-_All-solid-state_lithium_battery_with_LiBH4_solid_e,low,chemicals,chemicals[0],chem_1,Lithium borohydride,False,0.94,,The paper does specify an amount/ratio for LiBH4 in the Experimental section. In §2.1: “A hand-milled mixture of LiCoO2 powder and LiBH4 powder … in a weight ratio of 10:1” and also “the cathode powde,"Lithium borohydride (LiBH4) | Amount: used in cathode mixture with LiCoO2 at LiCoO2:LiBH4 = 10:1 (wt ratio) (Aldrich, >90% purity); also used as a separate pressed electrolyte layer in the two-layer p"
Verified_Takahashi_et_al__-_2013_-_All-solid-state_lithium_battery_with_LiBH4_solid_e_reactions.json,Takahashi_et_al__-_2013_-_All-solid-state_lithium_battery_with_LiBH4_solid_e,low,chemicals,chemicals[1],chem_2,Lithium cobalt oxide,True,0.93,,"The paper explicitly identifies the cathode material as LiCoO2 (lithium cobalt oxide) in Experimental §2.1 (“mixture of LiCoO2 powder … and LiBH4 … was used as the cathode”), and throughout the text (",
Verified_Takahashi_et_al__-_2013_-_All-solid-state_lithium_battery_with_LiBH4_solid_e_reactions.json,Takahashi_et_al__-_2013_-_All-solid-state_lithium_battery_with_LiBH4_solid_e,low,chemicals,chemicals[2],chem_3,Lithium metal,True,0.93,,"The paper explicitly identifies the anode material as lithium foil/metal (i.e., Li metal): in Experimental §2.1, “For the anode, Li foil … was used,” and throughout the text the cell is described as “",
Verified_Takahashi_et_al__-_2013_-_All-solid-state_lithium_battery_with_LiBH4_solid_e_reactions.json,Takahashi_et_al__-_2013_-_All-solid-state_lithium_battery_with_LiBH4_solid_e,low,chemicals,chemicals[3],chem_4,Lithium phosphate,True,0.86,,"The document discusses a Li3PO4 intermediate layer (lithium phosphate) extensively, including its use as a PLD target (“The Li3PO4 target consisted of pure Li3PO4 (Aldrich)”) and coatings of specified",
Verified_Takahashi_et_al__-_2013_-_All-solid-state_lithium_battery_with_LiBH4_solid_e_reactions.json,Takahashi_et_al__-_2013_-_All-solid-state_lithium_battery_with_LiBH4_solid_e,low,chemicals,chemicals[4],chem_5,Lithium oxide,True,0.88,,"The paper mentions lithium oxide (Li2O) as an impurity and as a product in a proposed reaction, but it does not provide any explicit amount for lithium oxide. Specifically, Li2O appears (i) in §2.2 as",
Verified_Takahashi_et_al__-_2013_-_All-solid-state_lithium_battery_with_LiBH4_solid_e_reactions.json,Takahashi_et_al__-_2013_-_All-solid-state_lithium_battery_with_LiBH4_solid_e,low,chemicals,chemicals[5],chem_6,Silicon wafer,True,0.95,,"Section 2.2 explicitly states: “Si wafers coated with Pt and Ti were used as the substrate.” No quantity/amount of silicon wafer (e.g., size, number, mass) is provided anywhere in the text. Therefore ",
Verified_Takahashi_et_al__-_2013_-_All-solid-state_lithium_battery_with_LiBH4_solid_e_reactions.json,Takahashi_et_al__-_2013_-_All-solid-state_lithium_battery_with_LiBH4_solid_e,low,chemicals,chemicals[6],chem_7,Platinum,True,0.9,,"Section 2.2 states: “Si wafers coated with Pt and Ti were used as the substrate,” confirming the presence of platinum (Pt). Nowhere in the paper is an amount/thickness/mass/loading of Pt provided (no ",
Verified_Takahashi_et_al__-_2013_-_All-solid-state_lithium_battery_with_LiBH4_solid_e_reactions.json,Takahashi_et_al__-_2013_-_All-solid-state_lithium_battery_with_LiBH4_solid_e,low,chemicals,chemicals[7],chem_8,Titanium,True,0.86,,"Section 2.2 explicitly states: “Si wafers coated with Pt and Ti were used as the substrate.” Titanium (Ti) is therefore present as a coating on the substrate, but no quantity/thickness/mass/amount of ",
Verified_Takahashi_et_al__-_2013_-_All-solid-state_lithium_battery_with_LiBH4_solid_e_reactions.json,Takahashi_et_al__-_2013_-_All-solid-state_lithium_battery_with_LiBH4_solid_e,low,chemicals,chemicals[8],chem_9,Oxygen,True,0.87,,"The paper discusses oxygen only as part of compounds/processing atmosphere (e.g., LiCoO2, Li3PO4, P(O2)=10 Pa and 1 Pa during PLD, formation of Co3O4/CoO(OH)), but it does not specify an explicit stan",
Verified_Takahashi_et_al__-_2013_-_All-solid-state_lithium_battery_with_LiBH4_solid_e_reactions.json,Takahashi_et_al__-_2013_-_All-solid-state_lithium_battery_with_LiBH4_solid_e,low,chemicals,chemicals[9],chem_10,Argon,True,0.92,,"Section 2.1 states, “This process was carried out under an Ar atmosphere,” confirming the use of argon. Nowhere in the paper is the amount/flow rate/pressure of Ar given; only the chamber pressure for",
Verified_Takahashi_et_al__-_2013_-_All-solid-state_lithium_battery_with_LiBH4_solid_e_reactions.json,Takahashi_et_al__-_2013_-_All-solid-state_lithium_battery_with_LiBH4_solid_e,low,synthesis,synthesis.steps[0].operations[0],mix,,True,0.86,,"The paper explicitly describes a “hand-milled mixture” of LiCoO2 powder and LiBH4 powder (10:1 wt ratio) used as the cathode (Experimental 2.1), which is a clear mixing operation. It also describes pr",
Verified_Takahashi_et_al__-_2013_-_All-solid-state_lithium_battery_with_LiBH4_solid_e_reactions.json,Takahashi_et_al__-_2013_-_All-solid-state_lithium_battery_with_LiBH4_solid_e,low,synthesis,synthesis.steps[1].operations[0],press,,True,0.97,,The paper explicitly describes a pressing step in the cell fabrication: “The cathode powder and LiBH4 powder were pressed together into a two-layer pellet … under a pressure of 3 ton cm−2.” This suppo,
Verified_Takahashi_et_al__-_2013_-_All-solid-state_lithium_battery_with_LiBH4_solid_e_reactions.json,Takahashi_et_al__-_2013_-_All-solid-state_lithium_battery_with_LiBH4_solid_e,low,synthesis,synthesis.steps[1].conditions,unknown,,False,0.92,,The paper does not state that synthesis/fabrication was done under “ambient” atmosphere. In the Experimental section it explicitly says: “This process was carried out under an Ar atmosphere.” Addition,"Synthesis/fabrication atmosphere: Ar atmosphere (for cell assembly/pressing); PLD performed under vacuum (<10^-5 Pa) with controlled O2 partial pressure during deposition (e.g., 10 Pa for LiCoO2, 1 Pa"
Verified_Takahashi_et_al__-_2013_-_All-solid-state_lithium_battery_with_LiBH4_solid_e_reactions.json,Takahashi_et_al__-_2013_-_All-solid-state_lithium_battery_with_LiBH4_solid_e,low,synthesis,synthesis.steps[2].operations[0],assemble,,False,0.74,,"The paper describes the cell being “fabricated,” “constructed,” “prepared,” “pressed together,” “placed,” “sealed,” and “heated,” but it does not explicitly use the term “assemble” (or “assembled”) to",fabricated (or constructed/prepared)
Verified_Takahashi_et_al__-_2013_-_All-solid-state_lithium_battery_with_LiBH4_solid_e_reactions.json,Takahashi_et_al__-_2013_-_All-solid-state_lithium_battery_with_LiBH4_solid_e,low,synthesis,synthesis.steps[2].conditions,unknown,,True,0.98,,The paper explicitly states in Experimental section 2.1: “This process was carried out under an Ar atmosphere.” This directly supports the extracted synthesis/fabrication atmosphere being Ar.,
Verified_Takahashi_et_al__-_2013_-_All-solid-state_lithium_battery_with_LiBH4_solid_e_reactions.json,Takahashi_et_al__-_2013_-_All-solid-state_lithium_battery_with_LiBH4_solid_e,low,synthesis,synthesis.steps[3].operations[0],heat,,True,0.86,,"The paper explicitly describes a heating step in the cell fabrication: “The cell was sealed and heated at 120 °C where LiBH4 shows high conductivity” (Experimental, Section 2.1). This supports the ext",
Verified_Takahashi_et_al__-_2013_-_All-solid-state_lithium_battery_with_LiBH4_solid_e_reactions.json,Takahashi_et_al__-_2013_-_All-solid-state_lithium_battery_with_LiBH4_solid_e,low,synthesis,synthesis.steps[4].operations[0],mix,,True,0.9,,"The paper explicitly describes preparing a ""hand-milled mixture of LiCoO2 powder and LiBH4 powder"" (Experimental 2.1) and also refers to a ""mixture of LiCoO2 and Li2O"" for the PLD target (2.2). These ",
Verified_Takahashi_et_al__-_2013_-_All-solid-state_lithium_battery_with_LiBH4_solid_e_reactions.json,Takahashi_et_al__-_2013_-_All-solid-state_lithium_battery_with_LiBH4_solid_e,low,synthesis,synthesis.steps[4].operations[1],press,,True,0.93,,The paper explicitly describes a pressing step in the fabrication process: “The cathode powder and LiBH4 powder were pressed together into a two-layer pellet … under a pressure of 3 ton cm−2.” This su,
Verified_Takahashi_et_al__-_2013_-_All-solid-state_lithium_battery_with_LiBH4_solid_e_reactions.json,Takahashi_et_al__-_2013_-_All-solid-state_lithium_battery_with_LiBH4_solid_e,low,synthesis,synthesis.steps[4].operations[2],sinter,,True,0.9,,"The paper explicitly states that the PLD target pellets were sintered: “The LiCoO2 and Li3PO4 pellets were sintered for 12 h at 850 °C and 1100 °C, respectively.” This supports that a sintering operat",
Verified_Takahashi_et_al__-_2013_-_All-solid-state_lithium_battery_with_LiBH4_solid_e_reactions.json,Takahashi_et_al__-_2013_-_All-solid-state_lithium_battery_with_LiBH4_solid_e,low,synthesis,synthesis.steps[5].operations[0],press,,True,0.95,,The paper explicitly describes a pressing step in the cell fabrication: “The cathode powder and LiBH4 powder were pressed together into a two-layer pellet … under a pressure of 3 ton cm−2” (Section 2.,
Verified_Takahashi_et_al__-_2013_-_All-solid-state_lithium_battery_with_LiBH4_solid_e_reactions.json,Takahashi_et_al__-_2013_-_All-solid-state_lithium_battery_with_LiBH4_solid_e,low,synthesis,synthesis.steps[5].operations[1],sinter,,True,0.93,,The paper explicitly describes sintering as part of the synthesis/fabrication of PLD targets: “cold isostatic pressing (CIP) was carried out at 250 MPa before sintering. The LiCoO2 and Li3PO4 pellets ,
Verified_Takahashi_et_al__-_2013_-_All-solid-state_lithium_battery_with_LiBH4_solid_e_reactions.json,Takahashi_et_al__-_2013_-_All-solid-state_lithium_battery_with_LiBH4_solid_e,low,synthesis,synthesis.steps[6].operations[0],deposit,,False,0.74,contradiction_clear,"The paper describes fabrication by pressing powders into pellets and growing thin films by pulsed laser deposition (PLD). The term “deposition” is used (e.g., “grown by pulsed laser deposition,” “used",pulsed laser deposition (PLD) (for LiCoO2 and Li3PO4 thin films); pressing/pelletizing (for bulk-type cell)
Verified_Takahashi_et_al__-_2013_-_All-solid-state_lithium_battery_with_LiBH4_solid_e_reactions.json,Takahashi_et_al__-_2013_-_All-solid-state_lithium_battery_with_LiBH4_solid_e,low,synthesis,synthesis.steps[6].conditions,unknown,,False,0.9,,The paper explicitly states that the bulk-type all-solid-state cell fabrication process was carried out under an Ar atmosphere (Section 2.1). O2 is mentioned only in the context of pulsed laser deposi,"Ar (for cell fabrication/pressing). If the field is meant for PLD deposition atmosphere, report oxygen partial pressure: P(O2)=10 Pa for LiCoO2 deposition and P(O2)=1 Pa for Li3PO4 deposition."
Verified_Takahashi_et_al__-_2013_-_All-solid-state_lithium_battery_with_LiBH4_solid_e_reactions.json,Takahashi_et_al__-_2013_-_All-solid-state_lithium_battery_with_LiBH4_solid_e,low,synthesis,synthesis.steps[7].operations[0],deposit,,False,0.83,,"The paper does discuss thin-film growth by pulsed laser deposition (PLD) and uses the verb “deposition” (e.g., “Deposition of a Li3PO4-coated thin-film cathode”, “A KrF excimer laser … was used for de","deposition (pulsed laser deposition, PLD)"
Verified_Takahashi_et_al__-_2013_-_All-solid-state_lithium_battery_with_LiBH4_solid_e_reactions.json,Takahashi_et_al__-_2013_-_All-solid-state_lithium_battery_with_LiBH4_solid_e,low,synthesis,synthesis.steps[7].conditions,unknown,,False,0.78,,The paper does not state that the overall synthesis/fabrication atmosphere is O2. It explicitly says the bulk-type cell pressing/assembly process was carried out under an Ar atmosphere. O2 is only men,For cell fabrication/assembly: Ar atmosphere. If referring specifically to PLD deposition ambient: O2 (P(O2)=10 Pa for LiCoO2; P(O2)=1 Pa for Li3PO4).
Verified_Takahashi_et_al__-_2013_-_All-solid-state_lithium_battery_with_LiBH4_solid_e_reactions.json,Takahashi_et_al__-_2013_-_All-solid-state_lithium_battery_with_LiBH4_solid_e,low,synthesis,synthesis.steps[8].operations[0],assemble,,False,0.78,,"The paper describes the cell being “fabricated”, “pressed together into a two-layer pellet”, “placed” with Li foil, “sealed and heated”, and thin films being “deposited” by PLD. Nowhere does the text ","Use an operation explicitly stated in the text, e.g., “fabricated” (cell fabricated/constructed), or more specific steps such as “pressed (into a two-layer pellet)”, “placed (Li foil)”, and “sealed”."
Verified_Takahashi_et_al__-_2013_-_All-solid-state_lithium_battery_with_LiBH4_solid_e_reactions.json,Takahashi_et_al__-_2013_-_All-solid-state_lithium_battery_with_LiBH4_solid_e,low,synthesis,synthesis.steps[8].conditions,unknown,,True,0.98,,The Experimental section explicitly states: “This process was carried out under an Ar atmosphere.” This directly supports the extracted synthesis/fabrication atmosphere as Ar.,
Verified_Takahashi_et_al__-_2013_-_All-solid-state_lithium_battery_with_LiBH4_solid_e_reactions.json,Takahashi_et_al__-_2013_-_All-solid-state_lithium_battery_with_LiBH4_solid_e,low,workflow,workflow.timeline[0],unknown,Prepare cathode mixture for bulk cell,False,0.74,contradiction_mixed,The paper describes the cathode preparation for the bulk-type cell as “A hand-milled mixture of LiCoO2 powder and LiBH4 powder in a weight ratio of 10:1 was used as the cathode…” and then details pres,Hand-milled mixture of LiCoO2 powder and LiBH4 powder (10:1 wt ratio) used as the cathode for a bulk-type cell; cathode and LiBH4 pressed into a two-layer pellet.
Verified_Takahashi_et_al__-_2013_-_All-solid-state_lithium_battery_with_LiBH4_solid_e_reactions.json,Takahashi_et_al__-_2013_-_All-solid-state_lithium_battery_with_LiBH4_solid_e,low,workflow,workflow.timeline[1],unknown,Compress powders into two-layer pellet,True,0.93,,The workflow step is explicitly described in Experimental section 2.1: “The cathode powder and LiBH4 powder were pressed together into a two-layer pellet …”. This supports the extracted timeline item ,
Verified_Takahashi_et_al__-_2013_-_All-solid-state_lithium_battery_with_LiBH4_solid_e_reactions.json,Takahashi_et_al__-_2013_-_All-solid-state_lithium_battery_with_LiBH4_solid_e,low,workflow,workflow.timeline[2],unknown,Attach Li foil anode and seal cell,True,0.86,,"The Experimental section explicitly describes placing/attaching the Li foil anode onto the LiBH4 side and then sealing the cell: “Then, Li foil … was placed on the LiBH4 side as the anode… The cell wa",
Verified_Takahashi_et_al__-_2013_-_All-solid-state_lithium_battery_with_LiBH4_solid_e_reactions.json,Takahashi_et_al__-_2013_-_All-solid-state_lithium_battery_with_LiBH4_solid_e,low,workflow,workflow.timeline[3],unknown,Thermal activation of LiBH4 electrolyte,False,0.74,,The paper describes heating/sealing the assembled cell at 120 °C to obtain high conductivity (HT phase) in LiBH4 (“The cell was sealed and heated at 120 °C where LiBH4 shows high conductivity.”) and m,"Heat the sealed cell at 120 °C (above the ~113 °C phase transition) to use high-conductivity HT-phase LiBH4; or, if a workflow label is required: “Cell sealed and heated at 120 °C to obtain high condu"
Verified_Takahashi_et_al__-_2013_-_All-solid-state_lithium_battery_with_LiBH4_solid_e_reactions.json,Takahashi_et_al__-_2013_-_All-solid-state_lithium_battery_with_LiBH4_solid_e,low,workflow,workflow.timeline[4],unknown,Fabricate LiCoO2 PLD target,False,0.78,,"The paper describes preparation of PLD targets for LiCoO2 and Li3PO4 (mixing LiCoO2 with Li2O, pelletizing, CIP at 250 MPa, sintering at 850 °C for LiCoO2), but it does not present a workflow timeline","Prepare/fabricate LiCoO2 PLD target by pelletizing a LiCoO2+Li2O (100:15 wt) mixture, CIP at 250 MPa, then sinter 12 h at 850 °C."
Verified_Takahashi_et_al__-_2013_-_All-solid-state_lithium_battery_with_LiBH4_solid_e_reactions.json,Takahashi_et_al__-_2013_-_All-solid-state_lithium_battery_with_LiBH4_solid_e,low,workflow,workflow.timeline[5],unknown,Fabricate Li3PO4 PLD target,False,0.88,,"The paper describes PLD deposition of Li3PO4 and states: “The Li3PO4 target consisted of pure Li3PO4 (Aldrich). After the target materials were pelletized, cold isostatic pressing (CIP) was carried ou","If the field is meant to capture explicit steps described in Experimental, use: “Li3PO4 PLD target: pure Li3PO4 (Aldrich) pelletized, CIP at 250 MPa, sintered 12 h at 1100 °C.” If the field requires a"
Verified_Takahashi_et_al__-_2013_-_All-solid-state_lithium_battery_with_LiBH4_solid_e_reactions.json,Takahashi_et_al__-_2013_-_All-solid-state_lithium_battery_with_LiBH4_solid_e,low,workflow,workflow.timeline[6],unknown,Deposit LiCoO2 thin film onto Pt/Ti/Si,False,0.78,,"The paper describes using “Si wafers coated with Pt and Ti” as the substrate and then depositing LiCoO2 (and Li3PO4) thin films by PLD, but it does not explicitly state the workflow step as “Deposit L",Deposit LiCoO2 thin film (by PLD) on Si wafers coated with Pt and Ti (Pt/Ti/Si substrate).
Verified_Takahashi_et_al__-_2013_-_All-solid-state_lithium_battery_with_LiBH4_solid_e_reactions.json,Takahashi_et_al__-_2013_-_All-solid-state_lithium_battery_with_LiBH4_solid_e,low,workflow,workflow.timeline[7],unknown,Deposit Li3PO4 intermediate layer,False,0.74,,The paper discusses using/employing an intermediate Li3PO4 layer and describes the Li3PO4 coating deposition process (PLD) on the LiCoO2 cathode (Section 2.2) and its effects (Sections 3.2–3.3). Howev,"If the field is meant to capture a process step, use wording aligned with the methods text, e.g., ""Deposited amorphous Li3PO4 coating (25 nm) on LiCoO2 thin film by pulsed laser deposition (PLD) as an"
Verified_Takahashi_et_al__-_2013_-_All-solid-state_lithium_battery_with_LiBH4_solid_e_reactions.json,Takahashi_et_al__-_2013_-_All-solid-state_lithium_battery_with_LiBH4_solid_e,low,workflow,workflow.timeline[8],unknown,Assemble thin-film all-solid-state battery,False,0.6,,The phrase/value “Assemble thin-film all-solid-state battery” does not appear explicitly in the paper. The document does describe assembling/fabricating all-solid-state cells and includes a “Fabricati,"Fabricated all-solid-state cells; for thin-film cathode cells, used PLD-grown Li3PO4/LiCoO2 thin-films and assembled the cell using the same fabrication process as the bulk-type cells (Sections 2.1–2."
Verified_Takahashi_et_al__-_2013_-_All-solid-state_lithium_battery_with_LiBH4_solid_e_reactions.json,Takahashi_et_al__-_2013_-_All-solid-state_lithium_battery_with_LiBH4_solid_e,low,workflow,workflow.ambiguities[0],Non-standard pressure unit for pellet pressing,,True,0.95,,The paper explicitly states in Experimental section 2.1 that the cathode powder and LiBH4 powder were “pressed together into a two-layer pellet ... under a pressure of 3 ton cm−2.” This directly suppo,
Verified_Takahashi_et_al__-_2013_-_All-solid-state_lithium_battery_with_LiBH4_solid_e_reactions.json,Takahashi_et_al__-_2013_-_All-solid-state_lithium_battery_with_LiBH4_solid_e,low,characterization,characterization[0],Impedance spectroscopy,Impedance spectroscopy,True,0.97,,All four impedance-spectroscopy values are explicitly stated in the paper text associated with the Nyquist plots. In Results §3.1: the high-frequency intercept (“Re Z”) is reported as the electrolyte ,
Verified_Takahashi_et_al__-_2013_-_All-solid-state_lithium_battery_with_LiBH4_solid_e_reactions.json,Takahashi_et_al__-_2013_-_All-solid-state_lithium_battery_with_LiBH4_solid_e,low,characterization,characterization[1],SEM,SEM,True,0.96,,"In Section 3.2, the text explicitly states: “As shown in the SEM image in Fig. 2(a), the film formed was dense, without any pinholes or cracks. The average grain size of the LiCoO2 was approximately 1",
Verified_Takahashi_et_al__-_2013_-_All-solid-state_lithium_battery_with_LiBH4_solid_e_reactions.json,Takahashi_et_al__-_2013_-_All-solid-state_lithium_battery_with_LiBH4_solid_e,low,characterization,characterization[2],SPM,SPM,True,0.96,,"The paper explicitly states in Section 3.2 (Surface modification to the LiCoO2 thin-film) that “The roughness of the Li3PO4 layer was determined to be 7.26 nm, as shown in Fig. 2(b), while that of the",
Verified_Takahashi_et_al__-_2013_-_All-solid-state_lithium_battery_with_LiBH4_solid_e_reactions.json,Takahashi_et_al__-_2013_-_All-solid-state_lithium_battery_with_LiBH4_solid_e,low,characterization,characterization[3],XRD,XRD,False,0.92,,"The paper’s XRD description in §3.2 states that the LiCoO2 thin-film shows 003, 006, and 009 reflections from rhombohedral LiCoO2, implying the film is c-axis oriented. However, the paper does not exp","Change ‘Li3PO4 crystallization temperature’ to ‘around 750 °C’ (or ‘~750 °C’). If you must report in Kelvin, it should be ‘~1023 K’, clearly marked as a conversion from 750 °C rather than a directly r"
Verified_Takahashi_et_al__-_2013_-_All-solid-state_lithium_battery_with_LiBH4_solid_e_reactions.json,Takahashi_et_al__-_2013_-_All-solid-state_lithium_battery_with_LiBH4_solid_e,low,characterization,characterization[4],Raman spectroscopy,Raman spectroscopy,True,0.96,,"The paper explicitly reports the Raman bands in the text describing Fig. 5(a): LiCoO2 before cycling shows two Raman bands at 482 cm−1 (Eg) and 593 cm−1 (A1g). After 30 charge–discharge cycles, four a",
Verified_Takahashi_et_al__-_2013_-_All-solid-state_lithium_battery_with_LiBH4_solid_e_reactions.json,Takahashi_et_al__-_2013_-_All-solid-state_lithium_battery_with_LiBH4_solid_e,low,characterization,characterization[5],Galvanostatic charge–discharge,Galvanostatic charge–discharge,False,0.86,contradiction_mixed,"Most values match the paper, but one metric is incorrect in cycle count.

Supported by text:
- Bulk cell initial charge capacity: “initial charge capacity … 157 mAh g−1” (Results 3.1).
- Bulk cell ini",Clarify the last metric as: “capacity retention after 30 cycles (thin film cell with 25 nm Li3PO4-coated LiCoO2)”: 97%.
Verified_Takahashi_et_al__-_2013_-_All-solid-state_lithium_battery_with_LiBH4_solid_e_reactions.json,Takahashi_et_al__-_2013_-_All-solid-state_lithium_battery_with_LiBH4_solid_e,low,analysis,analysis.methods[0],unknown,,False,0.75,contradiction_clear,"The extracted value for “Analysis Method” is blank. The paper explicitly states multiple analysis/characterization methods used, including electrochemical impedance spectroscopy (impedance analyzer So",Analysis methods reported include: galvanostatic charge–discharge measurements; electrochemical impedance spectroscopy (EIS); X-ray diffraction (XRD); scanning electron microscopy (SEM); scanning prob
Verified_Takahashi_et_al__-_2013_-_All-solid-state_lithium_battery_with_LiBH4_solid_e_reactions.json,Takahashi_et_al__-_2013_-_All-solid-state_lithium_battery_with_LiBH4_solid_e,low,final_outcomes,final_outcomes,unknown,,True,0.9,,The paper explicitly reports cycling results up to 30 cycles for the Li3PO4-coated LiCoO2 thin-film cell: it states that the interfacial resistance shows almost no change “even after 30 cycles of char,
Verified_Wang_et_al__-_2021_-_Carbon_materials_for_ion-intercalation_involved_re_reactions.json,Wang_et_al__-_2021_-_Carbon_materials_for_ion-intercalation_involved_re,low,targets,targets[0],target_1,Graphene-based mesoporous carbon nanosheets,False,0.9,,"The extracted value for “Target Formula” is blank, and no specific “target formula” is explicitly given in the cited location (Fig. 14a–d/main text) or elsewhere in the provided paper text. Fig. 14 di","If the intent was the lithiated graphite target compound, the paper explicitly gives LiC6 (for fully lithiated graphite). Otherwise, for Fig. 14 the appropriate entry is “Not specified” (no target for"
Verified_Wang_et_al__-_2021_-_Carbon_materials_for_ion-intercalation_involved_re_reactions.json,Wang_et_al__-_2021_-_Carbon_materials_for_ion-intercalation_involved_re,low,targets,targets[1],target_2,Porous N-doped carbon nanofibers,False,0.93,,The field “Target Formula” has an empty extracted value. The provided paper text does not define any single “target formula” corresponding to Fig. 15a–f; Fig. 15 is about porous N-doped carbon nanofib,"If the intent was the intercalation compound formula referenced near Fig. 15, the text does not give one. Suggested value: ""Not specified"" (or leave as null) rather than blank."
Verified_Wang_et_al__-_2021_-_Carbon_materials_for_ion-intercalation_involved_re_reactions.json,Wang_et_al__-_2021_-_Carbon_materials_for_ion-intercalation_involved_re,low,chemicals,chemicals[0],chem_1,Graphene oxide,True,0.97,,"The paper explicitly mentions graphene oxide (GO) multiple times (e.g., describing modified Hummers’ method converting graphite to graphite oxide (GO), and in the Fig. 14a-related paragraph: “graphene",
Verified_Wang_et_al__-_2021_-_Carbon_materials_for_ion-intercalation_involved_re_reactions.json,Wang_et_al__-_2021_-_Carbon_materials_for_ion-intercalation_involved_re,low,chemicals,chemicals[1],chem_2,Cetyltrimethylammonium bromide,True,0.9,,The paper explicitly mentions the chemical cetyltrimethyl ammonium bromide (CTAB) in the description of Fig. 14a: graphene oxide was used to “electrostatically adsorb cationic cetyltrimethyl ammonium ,
Verified_Wang_et_al__-_2021_-_Carbon_materials_for_ion-intercalation_involved_re_reactions.json,Wang_et_al__-_2021_-_Carbon_materials_for_ion-intercalation_involved_re,low,chemicals,chemicals[2],chem_3,Phenolic resol,True,0.9,,The paper mentions the chemical identity “Phenolic resol” as part of the synthesis description for mesoporous graphene nanosheets: “Phenolic resol molecules were assembled with a Pluronic triblock cop,
Verified_Wang_et_al__-_2021_-_Carbon_materials_for_ion-intercalation_involved_re_reactions.json,Wang_et_al__-_2021_-_Carbon_materials_for_ion-intercalation_involved_re,low,chemicals,chemicals[3],chem_4,Pluronic triblock copolymer,True,0.93,,The source text explicitly mentions the chemical identity “Pluronic triblock copolymer” in the synthesis description for mesoporous graphene nanosheets: “Phenolic resol molecules were assembled with a,
Verified_Wang_et_al__-_2021_-_Carbon_materials_for_ion-intercalation_involved_re_reactions.json,Wang_et_al__-_2021_-_Carbon_materials_for_ion-intercalation_involved_re,low,chemicals,chemicals[4],chem_5,Anodic aluminum oxide film,True,0.9,,"The paper explicitly mentions anodic aluminum oxide (as a hard template) in the nanopore construction section: “A large number of hard templates have been investigated, including silica, anodic alumin",
Verified_Wang_et_al__-_2021_-_Carbon_materials_for_ion-intercalation_involved_re_reactions.json,Wang_et_al__-_2021_-_Carbon_materials_for_ion-intercalation_involved_re,low,chemicals,chemicals[5],chem_6,Sucrose,True,0.96,,"The paper explicitly mentions sucrose as a carbon source in the synthesis description around Fig. 14a: “...sucrose as the carbon source.” However, no amount (mass, concentration, volume, ratio) of suc",
Verified_Wang_et_al__-_2021_-_Carbon_materials_for_ion-intercalation_involved_re_reactions.json,Wang_et_al__-_2021_-_Carbon_materials_for_ion-intercalation_involved_re,low,chemicals,chemicals[6],chem_7,Polyacrylonitrile,True,0.87,,"The paper explicitly mentions polyacrylonitrile (PAN) as a carbon precursor (e.g., “polyacrylonitrile (PAN)” in the list of synthetic carbon-rich compounds for disordered carbon anodes, and multiple l",
Verified_Wang_et_al__-_2021_-_Carbon_materials_for_ion-intercalation_involved_re_reactions.json,Wang_et_al__-_2021_-_Carbon_materials_for_ion-intercalation_involved_re,low,chemicals,chemicals[7],chem_8,Poly(methyl methacrylate),True,0.9,,The paper explicitly mentions poly(methyl methacrylate) as an additive to PAN-based fiber precursors to create porosity: “poly(methyl methacrylate) ... were added into the PAN based fiber precursor” a,
Verified_Wang_et_al__-_2021_-_Carbon_materials_for_ion-intercalation_involved_re_reactions.json,Wang_et_al__-_2021_-_Carbon_materials_for_ion-intercalation_involved_re,low,chemicals,chemicals[8],chem_9,Nickel(II) acetate,False,0.92,contradiction_clear,The paper does mention nickel(II) acetate (written as Ni(Ac)2 / Ni(AC)2) as a precursor/catalyst component in the synthesis of PAN/Ni(Ac)2/PMMA composite nanofibers discussed around Fig. 15 and relate,Chemical: Ni(Ac)2 (nickel acetate) | Amount: Not specified in the provided text
Verified_Wang_et_al__-_2021_-_Carbon_materials_for_ion-intercalation_involved_re_reactions.json,Wang_et_al__-_2021_-_Carbon_materials_for_ion-intercalation_involved_re,low,chemicals,chemicals[9],chem_10,Argon,True,0.9,,"The paper explicitly mentions argon (Ar) as an inert/protective atmosphere used during pyrolysis/annealing (e.g., “annealing in Ar at 800 °C for 3 h” and other carbonization steps). However, it does n",
Verified_Wang_et_al__-_2021_-_Carbon_materials_for_ion-intercalation_involved_re_reactions.json,Wang_et_al__-_2021_-_Carbon_materials_for_ion-intercalation_involved_re,low,synthesis,synthesis.steps[0].operations[0],adsorb,,False,0.77,,"The extracted synthesis operation ""adsorb"" is not presented as a synthesis step/operation in the paper. The document is a review focused on ion intercalation mechanisms and synthesis routes (e.g., gra","Not specified (no single synthesis operation named; examples include CVD, pyrolysis/carbonization, graphitization, oxidation–reduction, template-assisted synthesis, activation)."
Verified_Wang_et_al__-_2021_-_Carbon_materials_for_ion-intercalation_involved_re_reactions.json,Wang_et_al__-_2021_-_Carbon_materials_for_ion-intercalation_involved_re,low,synthesis,synthesis.steps[0].operations[1],anneal,,False,0.78,contradiction_clear,"The document is a review article describing synthesis routes and thermal treatments (e.g., carbonization, pyrolysis, graphitization, thermal reduction, thermal annealing) in various contexts, but it d","Not specified (no single explicit ‘Synthesis Operation’ field/value is provided in the source; if capturing common operations mentioned, use ‘thermal annealing/heat treatment’ with specific conditions"
Verified_Wang_et_al__-_2021_-_Carbon_materials_for_ion-intercalation_involved_re_reactions.json,Wang_et_al__-_2021_-_Carbon_materials_for_ion-intercalation_involved_re,low,synthesis,synthesis.steps[1].operations[0],impregnate,,False,0.84,contradiction_clear,"The provided document is a review article discussing carbon materials, their structures, and various synthesis routes (e.g., CVD growth, exfoliation, oxidation–reduction, carbonization/pyrolysis, temp","If the field is meant as a verb explicitly appearing in the text, use “impregnation” (as in “allow the impregnation of HBC-C12 into the pores of the template”). If the field is meant as a general oper"
Verified_Wang_et_al__-_2021_-_Carbon_materials_for_ion-intercalation_involved_re_reactions.json,Wang_et_al__-_2021_-_Carbon_materials_for_ion-intercalation_involved_re,low,synthesis,synthesis.steps[1].operations[1],carbonize,,True,0.86,,The paper explicitly describes a carbonization step during synthesis of disordered carbon materials: it states that disordered carbon materials are prepared by thermal decomposition/pyrolysis and that,
Verified_Wang_et_al__-_2021_-_Carbon_materials_for_ion-intercalation_involved_re_reactions.json,Wang_et_al__-_2021_-_Carbon_materials_for_ion-intercalation_involved_re,low,synthesis,synthesis.steps[1].operations[2],template_removal,,True,0.94,,"The review explicitly describes template-assisted synthesis of nanoporous carbon via the hard-template method, which includes a distinct ""template removal"" step: ""The hard-template method includes the",
Verified_Wang_et_al__-_2021_-_Carbon_materials_for_ion-intercalation_involved_re_reactions.json,Wang_et_al__-_2021_-_Carbon_materials_for_ion-intercalation_involved_re,low,synthesis,synthesis.steps[1].operations[3],infuse,,False,0.97,,"The extracted synthesis operation “infuse” is not mentioned anywhere in the provided full text. The document is a review discussing carbon materials, their structures, and synthesis routes (e.g., grap",Not specified
Verified_Wang_et_al__-_2021_-_Carbon_materials_for_ion-intercalation_involved_re_reactions.json,Wang_et_al__-_2021_-_Carbon_materials_for_ion-intercalation_involved_re,low,synthesis,synthesis.steps[2].operations[0],electrospin,,False,0.93,,"The paper is a review discussing synthesis routes for various carbon materials (e.g., CVD, modified Hummers’ method, pyrolysis/carbonization, templating, activation, hydrothermal treatment, ball milli","If the field is meant to capture operations mentioned in the document, use “electrospinning” (mentioned multiple times, e.g., ‘electrospun PAN based nanosized fibers’, ‘coaxial electrospinning’). If i"
Verified_Wang_et_al__-_2021_-_Carbon_materials_for_ion-intercalation_involved_re_reactions.json,Wang_et_al__-_2021_-_Carbon_materials_for_ion-intercalation_involved_re,low,synthesis,synthesis.steps[2].operations[1],pyrolyze,,False,0.74,,"The paper discusses carbon synthesis routes and repeatedly uses the terms “pyrolysis” and “pyrolytic” (e.g., disordered carbons are prepared by thermal decomposition/pyrolysis in inert atmosphere; gra","Use “pyrolysis” (or “pyrolytic carbonization/thermal decomposition under inert atmosphere”) as the synthesis operation, since these terms are explicitly used throughout the text."
Verified_Wang_et_al__-_2021_-_Carbon_materials_for_ion-intercalation_involved_re_reactions.json,Wang_et_al__-_2021_-_Carbon_materials_for_ion-intercalation_involved_re,low,synthesis,synthesis.steps[2].operations[2],leach,,False,0.92,,"The document is a review article discussing carbon materials, their structures, synthesis routes (e.g., CVD, modified Hummers’ method, thermal pyrolysis, template-assisted synthesis, chemical activati",Not specified (no explicit 'leach' operation mentioned in the source text).
Verified_Wang_et_al__-_2021_-_Carbon_materials_for_ion-intercalation_involved_re_reactions.json,Wang_et_al__-_2021_-_Carbon_materials_for_ion-intercalation_involved_re,low,workflow,workflow.timeline[0],unknown,Mesoporous silica templating with GO and CTAB followed by annealing,True,0.92,,"The paper explicitly describes a workflow where graphene oxide (GO) electrostatically adsorbs a cationic surfactant (cetyltrimethyl ammonium bromide, CTAB) to form graphene-based mesoporous silica she",
Verified_Wang_et_al__-_2021_-_Carbon_materials_for_ion-intercalation_involved_re_reactions.json,Wang_et_al__-_2021_-_Carbon_materials_for_ion-intercalation_involved_re,low,workflow,workflow.timeline[1],unknown,"Carbon replica formation using phenolic resol and sucrose, carbonization and template removal",False,0.74,,"The extracted workflow timeline phrase includes multiple steps: “Carbon replica formation using phenolic resol and sucrose, carbonization and template removal.” While the paper does mention phenolic r","Template-assisted synthesis generally involves “filling the interspace of the hard template with carbon sources, carbonization, and template removal” (Page 6). Example details include: phenolic resol "
Verified_Wang_et_al__-_2021_-_Carbon_materials_for_ion-intercalation_involved_re_reactions.json,Wang_et_al__-_2021_-_Carbon_materials_for_ion-intercalation_involved_re,low,workflow,workflow.timeline[2],unknown,"Electrospinning PAN/PMMA/Ni(Ac)2 fibers, vacuum pyrolysis and Ni removal to yield porous N-doped carbon nanofibers",True,0.93,,The paper explicitly describes this workflow in the LIB anode section when discussing Chen et al. (ref. 259): it states that PAN/Ni(Ac)2/PMMA composite nanofibers were prepared by (coaxial) electrospi,
Verified_Wang_et_al__-_2021_-_Carbon_materials_for_ion-intercalation_involved_re_reactions.json,Wang_et_al__-_2021_-_Carbon_materials_for_ion-intercalation_involved_re,low,workflow,workflow.ambiguities[0],Template removal conditions unspecified,,False,0.86,,"The paper explicitly states the template removal step and gives the chemical used: “After etching of silica in a NaOH solution, hollow carbon spheres were obtained,” in the section describing hollow c","Change issue to: “Template removal performed by etching silica in NaOH solution; etching conditions (e.g., NaOH concentration, temperature, time) not specified.”"
Verified_Wang_et_al__-_2021_-_Carbon_materials_for_ion-intercalation_involved_re_reactions.json,Wang_et_al__-_2021_-_Carbon_materials_for_ion-intercalation_involved_re,low,workflow,workflow.ambiguities[1],Leaching details for Ni removal unspecified,,True,0.82,,"Supported as an ambiguity: the text (page 22, discussing Chen et al. ref. 259) states that Ni diffuses to the carbon fiber surface during pyrolysis and then says, without any procedural details, “Afte",
Verified_Wang_et_al__-_2021_-_Carbon_materials_for_ion-intercalation_involved_re_reactions.json,Wang_et_al__-_2021_-_Carbon_materials_for_ion-intercalation_involved_re,low,characterization,characterization[0],SEM,SEM,True,0.93,,The source text explicitly links the SEM image in Fig. 14b to the morphology of the graphene-based mesoporous carbon nanosheets: it states that “The SEM image (Fig. 14b) revealed the 2D morphology of ,
Verified_Wang_et_al__-_2021_-_Carbon_materials_for_ion-intercalation_involved_re_reactions.json,Wang_et_al__-_2021_-_Carbon_materials_for_ion-intercalation_involved_re,low,characterization,characterization[1],BET N2 adsorption,BET N2 adsorption,True,0.96,,"The paper explicitly states in the discussion of Fig. 14 that for the graphene-based mesoporous carbon nanosheets, “The specific surface area was measured to be 910 m2 g−1 … (Fig. 14c).” This directly",
Verified_Wang_et_al__-_2021_-_Carbon_materials_for_ion-intercalation_involved_re_reactions.json,Wang_et_al__-_2021_-_Carbon_materials_for_ion-intercalation_involved_re,low,characterization,characterization[2],TEM,TEM,True,0.93,,The paper text explicitly describes Fig. 15a–b (TEM images) for porous N-doped carbon nanofibers as showing “rich hollow tunnels (Fig. 15b)” and “numerous…pores” (hollow tunnels/pores visible in carbo,
Verified_Wang_et_al__-_2021_-_Carbon_materials_for_ion-intercalation_involved_re_reactions.json,Wang_et_al__-_2021_-_Carbon_materials_for_ion-intercalation_involved_re,low,analysis,analysis.methods[0],unknown,,False,0.8,contradiction_clear,"The extracted value for ""Analysis Method"" is blank. The paper explicitly mentions multiple analysis/characterization methods throughout (e.g., XRD, Raman spectroscopy, TEM, SEM, XPS, XAS, EQCM, EIS, G","Populate ""Analysis Method"" with the methods explicitly mentioned in the paper, e.g., ""XRD; Raman spectroscopy; TEM/HR-TEM; SEM; XPS; XAS; EQCM; EIS; GITT; cyclic voltammetry (CV); in situ XRD/Raman; N"
Verified_Wang_et_al__-_2021_-_Carbon_materials_for_ion-intercalation_involved_re_reactions.json,Wang_et_al__-_2021_-_Carbon_materials_for_ion-intercalation_involved_re,low,final_outcomes,final_outcomes,unknown,,True,0.93,,"The full text explicitly reports that “the porous carbon nanofibers demonstrated ... a high reversible capacity of 1560 mA h g−1 ... at 100 mA g−1” (page 22, in the discussion of Chen et al. porous ca",
Verified_Yang_et_al__-_2019_-_Aqueous_Li-ion_battery_enabled_by_halogen_conversi_reactions.json,Yang_et_al__-_2019_-_Aqueous_Li-ion_battery_enabled_by_halogen_conversi,low,targets,targets[0],target_1,LBC-G composite electrode,True,0.98,,"The paper explicitly states that a composite electrode containing equimolar lithium halide salts “(LiBr)0.5(LiCl)0.5–graphite (hereafter denoted as LBC-G)” was synthesized (Page 1, main text). This ex",
Verified_Yang_et_al__-_2019_-_Aqueous_Li-ion_battery_enabled_by_halogen_conversi_reactions.json,Yang_et_al__-_2019_-_Aqueous_Li-ion_battery_enabled_by_halogen_conversi,low,targets,targets[1],target_2,Water-in-bisalt (WiBS) electrolyte,False,0.83,contradiction_clear,"The paper explicitly reports multiple chemical formulas relevant to the target material (for example, stage-I graphite intercalation compound C3.5[Br0.5Cl0.5] and an overall mixing composition (LiBr)0","If the intended target is the active stage-I GIC formula, use: C3.5[Br0.5Cl0.5]. If the intended target is the synthesized composite stoichiometry, use: (LiBr)0.5(LiCl)0.5C~3.7 (from the 2:1:2 mass ra"
Verified_Yang_et_al__-_2019_-_Aqueous_Li-ion_battery_enabled_by_halogen_conversi_reactions.json,Yang_et_al__-_2019_-_Aqueous_Li-ion_battery_enabled_by_halogen_conversi,low,targets,targets[2],target_3,PEO-WiBS gel electrolyte,False,0.95,,The field 'Target Formula' has an empty extracted value. The paper explicitly states the stage-I graphite intercalation compound/formula as C3.5[Br0.5Cl0.5] (also written as stage-I C3.5[Br0.5Cl0.5]) ,C3.5[Br0.5Cl0.5]
Verified_Yang_et_al__-_2019_-_Aqueous_Li-ion_battery_enabled_by_halogen_conversi_reactions.json,Yang_et_al__-_2019_-_Aqueous_Li-ion_battery_enabled_by_halogen_conversi,low,targets,targets[3],target_4,HFE-PEO protective gel,False,0.78,,"The field 'Target Formula' has an empty extracted value. The paper does explicitly state a target/stage-I graphite intercalation compound formula, notably “C3.5[Br0.5Cl0.5]” (Page 1 and Fig. 1 caption",C3.5[Br0.5Cl0.5] (stage-I graphite intercalation compound)
Verified_Yang_et_al__-_2019_-_Aqueous_Li-ion_battery_enabled_by_halogen_conversi_reactions.json,Yang_et_al__-_2019_-_Aqueous_Li-ion_battery_enabled_by_halogen_conversi,low,chemicals,chemicals[0],chem_1,Lithium bromide,False,0.9,,The paper explicitly specifies the amount/ratio of LiBr used in the LBC-G composite cathode. It states that anhydrous LiBr and LiCl were mixed with graphite at an optimal mass ratio of 2:1:2 (LiBr:LiC,Lithium bromide (LiBr) used in LBC-G composite; amount specified as part of mixture ratio: LiBr:LiCl:graphite mass ratio ≈ 2:1:2 (with LiBr:LiCl molar ratio 1:1).
Verified_Yang_et_al__-_2019_-_Aqueous_Li-ion_battery_enabled_by_halogen_conversi_reactions.json,Yang_et_al__-_2019_-_Aqueous_Li-ion_battery_enabled_by_halogen_conversi,low,chemicals,chemicals[1],chem_2,Lithium chloride,True,0.92,,"The paper clearly identifies the chemical as lithium chloride (LiCl) (e.g., “mixing anhydrous LiBr and LiCl with graphite…”, and in Methods: “anhydrous LiBr… LiCl…”; also LiCl·H2O in full-cell variant",
Verified_Yang_et_al__-_2019_-_Aqueous_Li-ion_battery_enabled_by_halogen_conversi_reactions.json,Yang_et_al__-_2019_-_Aqueous_Li-ion_battery_enabled_by_halogen_conversi,low,chemicals,chemicals[2],chem_3,Graphite powder (TIMREX KS4),False,0.72,,"The paper does explicitly identify the graphite as synthetic graphite powder “TIMCAL TIMREX KS4” in the Methods (“Preparation of electrodes”). However, the extracted value specifies “Graphite powder (",Chemical: synthetic graphite powder (TIMCAL TIMREX KS4; average particle size ~4.1 μm). Amount info given indirectly: LiBr:LiCl:graphite mass ratio ~2:1:2 (so graphite is ~40 wt% of the LiBr+LiCl+grap
Verified_Yang_et_al__-_2019_-_Aqueous_Li-ion_battery_enabled_by_halogen_conversi_reactions.json,Yang_et_al__-_2019_-_Aqueous_Li-ion_battery_enabled_by_halogen_conversi,low,chemicals,chemicals[3],chem_4,Polytetrafluoroethylene,True,0.93,false_positive_suspect,The paper explicitly mentions polytetrafluoroethylene (PTFE) as a binder in the electrode fabrication Methods (“Composite LBC-G cathodes were fabricated by compressing LBC-G composite and polytetraflu,
Verified_Yang_et_al__-_2019_-_Aqueous_Li-ion_battery_enabled_by_halogen_conversi_reactions.json,Yang_et_al__-_2019_-_Aqueous_Li-ion_battery_enabled_by_halogen_conversi,low,chemicals,chemicals[4],chem_5,Titanium metal mesh,True,0.94,false_positive_suspect,The paper explicitly mentions use of a titanium metal mesh as the current collector for the composite cathode: “Composite LBC-G cathodes were fabricated … on a titanium metal mesh (Alfa Aesar; 100 mes,
Verified_Yang_et_al__-_2019_-_Aqueous_Li-ion_battery_enabled_by_halogen_conversi_reactions.json,Yang_et_al__-_2019_-_Aqueous_Li-ion_battery_enabled_by_halogen_conversi,low,chemicals,chemicals[5],chem_6,Mesocarbon microbead graphite,True,0.96,false_positive_suspect,The paper explicitly identifies the graphite used for the anode as “mesocarbon microbead graphite powder (MTI Corp.)” in the Methods section (“The graphite anodes were fabricated using mesocarbon micr,
Verified_Yang_et_al__-_2019_-_Aqueous_Li-ion_battery_enabled_by_halogen_conversi_reactions.json,Yang_et_al__-_2019_-_Aqueous_Li-ion_battery_enabled_by_halogen_conversi,low,chemicals,chemicals[6],chem_7,Lithium bis(trifluoromethanesulfonyl)imide,True,0.98,,The Methods section explicitly states: “The liquid WiBS aqueous electrolytes were first prepared by dissolving 21 mol kg−1 LiTFSI …”. LiTFSI is lithium bis(trifluoromethanesulfonyl)imide (TFSI = bis(t,
Verified_Yang_et_al__-_2019_-_Aqueous_Li-ion_battery_enabled_by_halogen_conversi_reactions.json,Yang_et_al__-_2019_-_Aqueous_Li-ion_battery_enabled_by_halogen_conversi,low,chemicals,chemicals[7],chem_8,Lithium trifluoromethanesulfonate,True,0.98,,The Methods section explicitly states the WiBS electrolyte composition as “21 mol kg−1 LiTFSI … and 7 mol kg−1 lithium trifluoromethanesulfonate (LiOTf) … in water”. Lithium trifluoromethanesulfonate ,
Verified_Yang_et_al__-_2019_-_Aqueous_Li-ion_battery_enabled_by_halogen_conversi_reactions.json,Yang_et_al__-_2019_-_Aqueous_Li-ion_battery_enabled_by_halogen_conversi,low,chemicals,chemicals[8],chem_9,Water,True,0.92,,"The paper repeatedly discusses water as part of the electrolyte (e.g., “water-in-bisalt electrolyte”, “aqueous gel electrolyte”) and gives some contextual amounts (for WiBS preparation: salts dissolve",
Verified_Yang_et_al__-_2019_-_Aqueous_Li-ion_battery_enabled_by_halogen_conversi_reactions.json,Yang_et_al__-_2019_-_Aqueous_Li-ion_battery_enabled_by_halogen_conversi,low,chemicals,chemicals[9],chem_10,Poly(ethylene oxide),True,0.97,,The Methods section explicitly states: “Aqueous gel electrolytes were prepared by mixing 20 wt% poly(ethylene oxide) (PEO; …) … with WiBS electrolyte…”. This directly supports the extracted chemical i,
Verified_Yang_et_al__-_2019_-_Aqueous_Li-ion_battery_enabled_by_halogen_conversi_reactions.json,Yang_et_al__-_2019_-_Aqueous_Li-ion_battery_enabled_by_halogen_conversi,low,chemicals,chemicals[10],chem_11,Polyvinyl alcohol,True,0.99,,"The Methods section explicitly states that aqueous gel electrolytes were prepared by mixing ""10 wt% polyvinyl alcohol"" with the WiBS electrolyte (""10 wt% polyvinyl alcohol (weight-average molecule wei",
Verified_Yang_et_al__-_2019_-_Aqueous_Li-ion_battery_enabled_by_halogen_conversi_reactions.json,Yang_et_al__-_2019_-_Aqueous_Li-ion_battery_enabled_by_halogen_conversi,low,chemicals,chemicals[11],chem_12,"1,1,2,2-Tetrafluoroethyl-2',2',2'-trifluoroethyl ether",False,0.95,,"The Methods section explicitly names the chemical used in the HFE-PEO gel protection coating preparation: “1,1,2,2-tetrafluoroethyl-2′,2′,2′-trifluoroethyl ether”. However, the text also specifies an ","1,1,2,2-tetrafluoroethyl-2′,2′,2′-trifluoroethyl ether (HFE); used in LiTFSI-HFE gel with 0.5 M LiTFSI and 10 wt% PEO in HFE/fluoroethylene carbonate (95:5 v/v)."
Verified_Yang_et_al__-_2019_-_Aqueous_Li-ion_battery_enabled_by_halogen_conversi_reactions.json,Yang_et_al__-_2019_-_Aqueous_Li-ion_battery_enabled_by_halogen_conversi,low,chemicals,chemicals[12],chem_13,Fluoroethylene carbonate,False,0.92,,The paper does mention fluoroethylene carbonate (FEC) in the Methods section: the HFE/fluoroethylene carbonate solvent mixture is specified as “HFE/fluoroethylene carbonate (with volume ratio 95:5)” u,Fluoroethylene carbonate | Amount: 5 vol% in HFE/FEC mixture (HFE:fluoroethylene carbonate = 95:5 v/v)
Verified_Yang_et_al__-_2019_-_Aqueous_Li-ion_battery_enabled_by_halogen_conversi_reactions.json,Yang_et_al__-_2019_-_Aqueous_Li-ion_battery_enabled_by_halogen_conversi,low,synthesis,synthesis.steps[0].operations[0],mix,,True,0.92,,The paper explicitly describes synthesizing the LBC-G composite electrode by “mixing anhydrous LiBr and LiCl with graphite” (Page 1) and further specifies in Methods that LBC-G was obtained by “homoge,
Verified_Yang_et_al__-_2019_-_Aqueous_Li-ion_battery_enabled_by_halogen_conversi_reactions.json,Yang_et_al__-_2019_-_Aqueous_Li-ion_battery_enabled_by_halogen_conversi,low,synthesis,synthesis.steps[1].operations[0],combine,,False,0.72,,"The paper does describe synthesis steps using terms like “mixing” and “compressing” (for example, “LBC-G composite was obtained by homogenously mixing anhydrous LiBr, LiCl and synthetic graphite powde","Use “mixing” (or “homogenously mixing” via ball milling) as the synthesis operation. E.g., “mix (ball mill) LiBr, LiCl, and graphite”."
Verified_Yang_et_al__-_2019_-_Aqueous_Li-ion_battery_enabled_by_halogen_conversi_reactions.json,Yang_et_al__-_2019_-_Aqueous_Li-ion_battery_enabled_by_halogen_conversi,low,synthesis,synthesis.steps[2].operations[0],dissolve,,False,0.83,,"The paper does not describe the LBC-G synthesis using a 'dissolve' operation. Instead, it states the composite cathode was synthesized by mixing anhydrous LiBr and LiCl with graphite, specifically via",mix (ball mill/homogenously mix by zirconia ball milling)
Verified_Yang_et_al__-_2019_-_Aqueous_Li-ion_battery_enabled_by_halogen_conversi_reactions.json,Yang_et_al__-_2019_-_Aqueous_Li-ion_battery_enabled_by_halogen_conversi,low,synthesis,synthesis.steps[3].operations[0],mix,,True,0.93,,"The paper explicitly describes synthesizing the LBC-G composite electrode “by mixing anhydrous LiBr and LiCl with graphite” (Page 1) and in Methods: “obtained by homogenously mixing ... LiBr, LiCl and",
Verified_Yang_et_al__-_2019_-_Aqueous_Li-ion_battery_enabled_by_halogen_conversi_reactions.json,Yang_et_al__-_2019_-_Aqueous_Li-ion_battery_enabled_by_halogen_conversi,low,synthesis,synthesis.steps[4].operations[0],mix,,True,0.95,,The paper explicitly describes the synthesis of the LBC-G composite cathode as being synthesized by “mixing anhydrous LiBr and LiCl with graphite” (Page 1). The Methods section further specifies it wa,
Verified_Yang_et_al__-_2019_-_Aqueous_Li-ion_battery_enabled_by_halogen_conversi_reactions.json,Yang_et_al__-_2019_-_Aqueous_Li-ion_battery_enabled_by_halogen_conversi,low,synthesis,synthesis.steps[5].operations[0],combine,,False,0.72,contradiction_mixed,"The paper describes the synthesis/operation using terms like “mixing” (e.g., “synthesized by mixing anhydrous LiBr and LiCl with graphite”) and “compressing” (fabricating cathodes). Nowhere in the pro",mixing
Verified_Yang_et_al__-_2019_-_Aqueous_Li-ion_battery_enabled_by_halogen_conversi_reactions.json,Yang_et_al__-_2019_-_Aqueous_Li-ion_battery_enabled_by_halogen_conversi,low,workflow,workflow.timeline[0],unknown,"Ball-milling of LiBr, LiCl, and graphite to produce LBC-G powder",True,0.9,,"The paper explicitly describes synthesizing the LBC-G composite by zirconia ball milling (a form of ball-milling) LiBr, LiCl, and graphite to obtain the LBC-G composite powder. Methods section: “LBC-G",
Verified_Yang_et_al__-_2019_-_Aqueous_Li-ion_battery_enabled_by_halogen_conversi_reactions.json,Yang_et_al__-_2019_-_Aqueous_Li-ion_battery_enabled_by_halogen_conversi,low,workflow,workflow.timeline[1],unknown,Pressing composite with PTFE onto Ti mesh to form cathode,True,0.98,false_positive_suspect,The Methods section explicitly states: “Composite LBC-G cathodes were fabricated by compressing LBC-G composite and polytetrafluoroethylene (PTFE; Sigma-Aldrich) at a weight ratio of 95:5 on a titaniu,
Verified_Yang_et_al__-_2019_-_Aqueous_Li-ion_battery_enabled_by_halogen_conversi_reactions.json,Yang_et_al__-_2019_-_Aqueous_Li-ion_battery_enabled_by_halogen_conversi,low,workflow,workflow.timeline[2],unknown,Preparation of highly concentrated WiBS electrolyte,False,0.78,,"The paper contains preparation procedures for WiBS/WiBS-gel electrolyte (Methods: “Preparation of electrolytes”), including the specific composition (21 mol kg−1 LiTFSI + 7 mol kg−1 LiOTf in water) an","If the field must reflect an explicit step, use the Methods wording: “Preparation of electrolytes: WiBS prepared by dissolving 21 mol kg−1 LiTFSI and 7 mol kg−1 LiOTf in water; WiBS gel prepared by mi"
Verified_Yang_et_al__-_2019_-_Aqueous_Li-ion_battery_enabled_by_halogen_conversi_reactions.json,Yang_et_al__-_2019_-_Aqueous_Li-ion_battery_enabled_by_halogen_conversi,low,workflow,workflow.timeline[3],unknown,Conversion of WiBS into PEO gel electrolyte,False,0.92,,The paper discusses WiBS/WIBS electrolytes and mentions an “aqueous gel polymer electrolyte based on WiBS” and that gel electrolytes are prepared by mixing PEO with WiBS (Methods: “Aqueous gel electro,"Preparation of WiBS-based aqueous gel electrolyte by mixing WiBS with PEO (e.g., 20 wt% PEO) and heating (80 °C for 1 h), then cooling to obtain a semi-solid gel."
Verified_Yang_et_al__-_2019_-_Aqueous_Li-ion_battery_enabled_by_halogen_conversi_reactions.json,Yang_et_al__-_2019_-_Aqueous_Li-ion_battery_enabled_by_halogen_conversi,low,workflow,workflow.timeline[4],unknown,Synthesis of fluorinated ether–PEO protective gel,False,0.93,contradiction_clear,The document discusses an HFE/poly(ethylene oxide) (HFE-PEO) protective gel/coating on the graphite anode (for example: “graphite anode protected by a highly fluorinated ether (HFE) polymer gel” and M,"If the intent is to capture the step described in Methods, use something like: “Preparation of HFE–PEO gel protection coating (LiTFSI-HFE gel + 10 wt% PEO in HFE/fluoroethylene carbonate (95:5), heate"
Verified_Yang_et_al__-_2019_-_Aqueous_Li-ion_battery_enabled_by_halogen_conversi_reactions.json,Yang_et_al__-_2019_-_Aqueous_Li-ion_battery_enabled_by_halogen_conversi,low,workflow,workflow.timeline[5],unknown,Preparation of PTFE-bonded graphite anode on stainless steel mesh,True,0.92,false_positive_suspect,The Methods section explicitly describes fabrication of the graphite anode using PTFE binder on a stainless steel mesh: “The graphite anodes were fabricated using mesocarbon microbead graphite powder ,
Verified_Yang_et_al__-_2019_-_Aqueous_Li-ion_battery_enabled_by_halogen_conversi_reactions.json,Yang_et_al__-_2019_-_Aqueous_Li-ion_battery_enabled_by_halogen_conversi,low,workflow,workflow.ambiguities[0],"Exact masses of LiBr, LiCl, and graphite not provided",,True,0.92,false_positive_suspect,"Supported. Across the main text (Page 1) and Methods (Page 7), the paper specifies only ratios for synthesizing the LBC-G composite (LiBr:LiCl:graphite mass ratio ≈ 2:1:2; LiBr:LiCl molar ratio 1:1; c",
Verified_Yang_et_al__-_2019_-_Aqueous_Li-ion_battery_enabled_by_halogen_conversi_reactions.json,Yang_et_al__-_2019_-_Aqueous_Li-ion_battery_enabled_by_halogen_conversi,low,workflow,workflow.ambiguities[1],Pressing conditions (pressure) for electrode fabrication not specified,,True,0.93,false_positive_suspect,"Supported. In the Methods (“Preparation of electrodes”), the paper states: “Composite LBC-G cathodes were fabricated by compressing LBC-G composite and polytetrafluoroethylene (PTFE; Sigma-Aldrich) at",
Verified_Yang_et_al__-_2019_-_Aqueous_Li-ion_battery_enabled_by_halogen_conversi_reactions.json,Yang_et_al__-_2019_-_Aqueous_Li-ion_battery_enabled_by_halogen_conversi,low,characterization,characterization[0],Cyclic voltammetry,Cyclic voltammetry,True,0.98,,"The paper text explicitly states: “The cyclic voltammetry (Fig. 1b) ... indicated two distinct reaction voltage ranges, 4.0–4.2 V for Br− intercalation and 4.2–4.5 V for Cl− intercalation.” This direc",
Verified_Yang_et_al__-_2019_-_Aqueous_Li-ion_battery_enabled_by_halogen_conversi_reactions.json,Yang_et_al__-_2019_-_Aqueous_Li-ion_battery_enabled_by_halogen_conversi,low,characterization,characterization[1],Galvanostatic charge/discharge,Galvanostatic charge/discharge,True,0.95,,The paper explicitly reports a reversible discharge capacity of 243 mAh g−1 for the LBC-G composite electrode. On Page 1 it states: “...deliver a highly reversible discharge capacity of 243 mAh g−1 (f,
Verified_Yang_et_al__-_2019_-_Aqueous_Li-ion_battery_enabled_by_halogen_conversi_reactions.json,Yang_et_al__-_2019_-_Aqueous_Li-ion_battery_enabled_by_halogen_conversi,low,characterization,characterization[2],GITT,GITT,True,0.98,,The paper explicitly reports GITT-derived quasi-equilibrium potentials of ~4.05 V for Br− and ~4.35 V for Cl− oxidation/intercalation and reports total diffusion coefficients estimated from GITT as 10,
Verified_Yang_et_al__-_2019_-_Aqueous_Li-ion_battery_enabled_by_halogen_conversi_reactions.json,Yang_et_al__-_2019_-_Aqueous_Li-ion_battery_enabled_by_halogen_conversi,low,characterization,characterization[3],EIS,EIS,True,0.99,,"The paper explicitly states: “The diffusion coefficients were also estimated with electrochemical impedance spectroscopy (EIS; Fig. 1f), and fitting ... yielded apparent ionic diffusion coefficients o",
Verified_Yang_et_al__-_2019_-_Aqueous_Li-ion_battery_enabled_by_halogen_conversi_reactions.json,Yang_et_al__-_2019_-_Aqueous_Li-ion_battery_enabled_by_halogen_conversi,low,characterization,characterization[4],Raman spectroscopy,Raman spectroscopy,True,0.97,,Supported by the text describing in situ Raman spectroscopy (Fig. 2a): it explicitly reports a Br2 intercalant peak at ω0 = 242 cm−1 and a BrCl intercalant feature at ω0 = 310 cm−1. Although the prove,
Verified_Yang_et_al__-_2019_-_Aqueous_Li-ion_battery_enabled_by_halogen_conversi_reactions.json,Yang_et_al__-_2019_-_Aqueous_Li-ion_battery_enabled_by_halogen_conversi,low,characterization,characterization[5],XRD,XRD,True,0.96,,The paper explicitly reports that at 100% SOC the structure reaches stage-I BrCl-GIC with d002 ≈ 3.43 Å. This appears in the main text discussion of Fig. 3b/3c (page 5): “eventually reaching stage-I B,
Verified_Yang_et_al__-_2019_-_Aqueous_Li-ion_battery_enabled_by_halogen_conversi_reactions.json,Yang_et_al__-_2019_-_Aqueous_Li-ion_battery_enabled_by_halogen_conversi,low,characterization,characterization[6],XANES,XANES,True,0.93,,The paper explicitly reports XANES/DFT-derived oxidation states for Br and Cl associated with the Br and Cl intercalation sequence discussed around Fig. 2b and Fig. 2c. In the text describing Fig. 2b–,
Verified_Yang_et_al__-_2019_-_Aqueous_Li-ion_battery_enabled_by_halogen_conversi_reactions.json,Yang_et_al__-_2019_-_Aqueous_Li-ion_battery_enabled_by_halogen_conversi,low,analysis,analysis.methods[0],unknown,,False,0.74,,"The extracted value for ""Analysis Method"" is blank, but the paper explicitly describes multiple analysis/characterization methods used (for example: in situ Raman spectroscopy, ex situ XANES/XAFS (XAN","Populate ""Analysis Method"" with the methods stated in the text, e.g., ""in situ Raman spectroscopy; XRD (ex situ and in situ); X-ray absorption spectroscopy (XANES/EXAFS); electrochemical tests (CV, GI"
Verified_Yang_et_al__-_2019_-_Aqueous_Li-ion_battery_enabled_by_halogen_conversi_reactions.json,Yang_et_al__-_2019_-_Aqueous_Li-ion_battery_enabled_by_halogen_conversi,low,final_outcomes,final_outcomes,unknown,,True,0.93,,"The paper explicitly reports capacity retention over 230 cycles: “243 mAh g−1 ... 82% of which is retained over 230 cycles …” (Page 1, describing cycling performance of LBC-G in a three-electrode cell",
Verified_Yazdani_et_al__-_2021_-_Heterointerface_Effects_on_Lithium-Induced_Phase_T_reactions.json,Yazdani_et_al__-_2021_-_Heterointerface_Effects_on_Lithium-Induced_Phase_T,low,targets,targets[0],target_1,hBN–MoS2–hBN heterostructure device,False,0.98,,"The extracted value for “Target Formula” is blank, but the paper clearly specifies the materials/chemical formulas involved. The main target material studied is MoS2 (molybdenum disulfide), in heteros",MoS2 (often studied as hBN−MoS2−hBN with Li+ intercalation).
Verified_Yazdani_et_al__-_2021_-_Heterointerface_Effects_on_Lithium-Induced_Phase_T_reactions.json,Yazdani_et_al__-_2021_-_Heterointerface_Effects_on_Lithium-Induced_Phase_T,low,chemicals,chemicals[0],chem_1,Molybdenum disulfide,True,0.9,,"The paper clearly identifies the chemical as MoS2 (molybdenum disulfide) throughout (title, abstract, methods, and experimental descriptions). However, there is no explicit statement of an 'amount' of",
Verified_Yazdani_et_al__-_2021_-_Heterointerface_Effects_on_Lithium-Induced_Phase_T_reactions.json,Yazdani_et_al__-_2021_-_Heterointerface_Effects_on_Lithium-Induced_Phase_T,low,chemicals,chemicals[1],chem_2,Hexagonal boron nitride,True,0.93,,"The paper repeatedly identifies hexagonal boron nitride (hBN) as a material in the heterostructure (e.g., abstract, introduction, results, and Methods: “MoS2−hexagonal boron nitride (hBN) interface”, ",
Verified_Yazdani_et_al__-_2021_-_Heterointerface_Effects_on_Lithium-Induced_Phase_T_reactions.json,Yazdani_et_al__-_2021_-_Heterointerface_Effects_on_Lithium-Induced_Phase_T,low,chemicals,chemicals[2],chem_3,Lithium metal,True,0.9,,The paper explicitly mentions lithium metal used in the electrochemical cell (“lithium metal pressed onto copper foil served as the reference/counter electrode” and later “a small piece (∼3 × 3 mm) of,
Verified_Yazdani_et_al__-_2021_-_Heterointerface_Effects_on_Lithium-Induced_Phase_T_reactions.json,Yazdani_et_al__-_2021_-_Heterointerface_Effects_on_Lithium-Induced_Phase_T,low,chemicals,chemicals[3],chem_4,Lithium hexafluorophosphate,True,0.97,,"In the Methods section under “Electrochemical Cell Fabrication”, the paper explicitly states: “The liquid electrolyte, a battery-grade solution of 1 M lithium hexafluorophosphate in 50/50 v/v ethylene",
Verified_Yazdani_et_al__-_2021_-_Heterointerface_Effects_on_Lithium-Induced_Phase_T_reactions.json,Yazdani_et_al__-_2021_-_Heterointerface_Effects_on_Lithium-Induced_Phase_T,low,chemicals,chemicals[4],chem_5,Ethylene carbonate,False,0.92,,"In the Electrochemical Cell Fabrication section, the electrolyte is described as “1 M lithium hexafluorophosphate in 50/50 v/v ethylene carbonate/diethyl carbonate (LiPF6 in EC/DEC)”. This specifies e","Ethylene carbonate/diethyl carbonate solvent mixture (EC/DEC) | Amount: 50/50 v/v (i.e., 50 vol% EC and 50 vol% DEC) in a 1 M LiPF6 electrolyte"
Verified_Yazdani_et_al__-_2021_-_Heterointerface_Effects_on_Lithium-Induced_Phase_T_reactions.json,Yazdani_et_al__-_2021_-_Heterointerface_Effects_on_Lithium-Induced_Phase_T,low,chemicals,chemicals[5],chem_6,Diethyl carbonate,False,0.97,,The paper mentions diethyl carbonate only as part of the electrolyte solvent mixture: “1 M lithium hexafluorophosphate in 50/50 v/v ethylene carbonate/diethyl carbonate (LiPF6 in EC/DEC)”. This specif,Diethyl carbonate (DEC) present as 50/50 v/v ethylene carbonate/diethyl carbonate (EC/DEC) solvent in the electrolyte: 1 M LiPF6 in EC/DEC (50/50 v/v).
Verified_Yazdani_et_al__-_2021_-_Heterointerface_Effects_on_Lithium-Induced_Phase_T_reactions.json,Yazdani_et_al__-_2021_-_Heterointerface_Effects_on_Lithium-Induced_Phase_T,low,chemicals,chemicals[6],chem_7,Chromium,False,0.95,,The paper’s Device Fabrication/Methods describe metal contacts as “10 nm Cr/100 nm Au” (chromium/gold thicknesses). There is no statement of “Chromium | Amount: 10 nm” as a standalone chemical amount;,Cr/Au contacts: 10 nm Cr and 100 nm Au (thermal evaporation)
Verified_Yazdani_et_al__-_2021_-_Heterointerface_Effects_on_Lithium-Induced_Phase_T_reactions.json,Yazdani_et_al__-_2021_-_Heterointerface_Effects_on_Lithium-Induced_Phase_T,low,chemicals,chemicals[7],chem_8,Gold,False,0.96,,"The paper mentions gold only as part of device structures (e.g., Cr/Au contacts deposited with 100 nm Au; “thick layer of gold” to cover edges). There is no statement that the amount of gold is “100 n",Gold (Au) | Thickness: 100 nm (thermally evaporated Au contact layer; with 10 nm Cr adhesion layer).
Verified_Yazdani_et_al__-_2021_-_Heterointerface_Effects_on_Lithium-Induced_Phase_T_reactions.json,Yazdani_et_al__-_2021_-_Heterointerface_Effects_on_Lithium-Induced_Phase_T,low,chemicals,chemicals[8],chem_9,Potassium hydroxide,True,0.98,,"In the Methods section under “Heterostructure Assembly and Device Fabrication”, the text states: “About 30 μL of a 2 M aqueous solution of potassium hydroxide (KOH, Sigma-Aldrich) was added…”. This ex",
Verified_Yazdani_et_al__-_2021_-_Heterointerface_Effects_on_Lithium-Induced_Phase_T_reactions.json,Yazdani_et_al__-_2021_-_Heterointerface_Effects_on_Lithium-Induced_Phase_T,low,chemicals,chemicals[9],chem_10,Polypropylene carbonate,True,0.96,,"The Methods section under “Heterostructure Assembly and Device Fabrication” explicitly states: “Then, a 13 wt % solution of polypropylene carbonate (PPC, Sigma-Aldrich) in anisole was spun-coated…”. T",
Verified_Yazdani_et_al__-_2021_-_Heterointerface_Effects_on_Lithium-Induced_Phase_T_reactions.json,Yazdani_et_al__-_2021_-_Heterointerface_Effects_on_Lithium-Induced_Phase_T,low,chemicals,chemicals[10],chem_11,Epoxy (DP100Plus),False,0.72,,"The paper explicitly identifies the epoxy used in heterostructure assembly as “epoxy (Scotch-Weld, Series DP100Plus)”, but it also specifies an amount: “about 0.5 mm in diameter” for the epoxy droplet","Epoxy (Scotch-Weld, Series DP100Plus) | Amount: hemispherical droplet about 0.5 mm in diameter"
Verified_Yazdani_et_al__-_2021_-_Heterointerface_Effects_on_Lithium-Induced_Phase_T_reactions.json,Yazdani_et_al__-_2021_-_Heterointerface_Effects_on_Lithium-Induced_Phase_T,low,chemicals,chemicals[11],chem_12,Polymethyl methacrylate (PMMA A3),True,0.95,,"The Methods section (device fabrication for the edge-exposed heterostructure) explicitly states that a layer of “PMMA A3” (polymethyl methacrylate) was spin-coated, confirming the chemical identity. H",
Verified_Yazdani_et_al__-_2021_-_Heterointerface_Effects_on_Lithium-Induced_Phase_T_reactions.json,Yazdani_et_al__-_2021_-_Heterointerface_Effects_on_Lithium-Induced_Phase_T,low,chemicals,chemicals[12],chem_13,Hydrogen silsesquioxane (HSQ),False,0.86,contradiction_clear,"The paper explicitly mentions hydrogen silsesquioxane (HSQ) in the device fabrication/etch mask description, but it does not leave the amount entirely unspecified: it states “HSQ was subsequently spun",Hydrogen silsesquioxane (HSQ) | Amount/condition: spun-coated at 3000 rpm (no baking) (used with PMMA as an etch mask).
Verified_Yazdani_et_al__-_2021_-_Heterointerface_Effects_on_Lithium-Induced_Phase_T_reactions.json,Yazdani_et_al__-_2021_-_Heterointerface_Effects_on_Lithium-Induced_Phase_T,low,chemicals,chemicals[13],chem_14,Oxygen,False,0.92,,"The paper mentions oxygen only in the context of O2 plasma used during fabrication/etching, including “O2 plasma (20 sccm)” for 15 s and also “a mixture of O2 (4 sccm) and CHF3 (40 sccm)”. There is no",If the intent is edge etching conditions: Oxygen (O2) 4 sccm (with CHF3 40 sccm) during RIE for 2 min. If the intent is the PMMA removal step: O2 plasma 20 sccm for 15 s.
Verified_Yazdani_et_al__-_2021_-_Heterointerface_Effects_on_Lithium-Induced_Phase_T_reactions.json,Yazdani_et_al__-_2021_-_Heterointerface_Effects_on_Lithium-Induced_Phase_T,low,chemicals,chemicals[14],chem_15,Trifluoromethane,False,0.98,contradiction_mixed,The paper does not mention trifluoromethane (CHF3) as a chemical used at 40 sccm in the cited “Edge-exposed Device Fabrication” context. In the Methods section describing reactive ion etching for edge,CHF3 | Amount: 40 sccm (reactive ion etching gas mixture used for edge exposure)
Verified_Yazdani_et_al__-_2021_-_Heterointerface_Effects_on_Lithium-Induced_Phase_T_reactions.json,Yazdani_et_al__-_2021_-_Heterointerface_Effects_on_Lithium-Induced_Phase_T,low,chemicals,chemicals[15],chem_16,Anisole,True,0.98,,"The paper explicitly mentions anisole as the solvent in the heterostructure assembly method: “a 13 wt % solution of polypropylene carbonate (PPC, Sigma-Aldrich) in anisole…”. However, it does not prov",
Verified_Yazdani_et_al__-_2021_-_Heterointerface_Effects_on_Lithium-Induced_Phase_T_reactions.json,Yazdani_et_al__-_2021_-_Heterointerface_Effects_on_Lithium-Induced_Phase_T,low,chemicals,chemicals[16],chem_17,Chloroform,True,0.93,,The Methods section explicitly states: “The PPC was subsequently dissolved in chloroform overnight.” This supports the chemical identity (chloroform) and indicates its use in heterostructure assembly/,
Verified_Yazdani_et_al__-_2021_-_Heterointerface_Effects_on_Lithium-Induced_Phase_T_reactions.json,Yazdani_et_al__-_2021_-_Heterointerface_Effects_on_Lithium-Induced_Phase_T,low,synthesis,synthesis.steps[0].operations[0],exfoliate,,False,0.85,,"The paper describes hBN and MoS2 flakes being mechanically exfoliated (“mechanically exfoliated… using the scotch-tape method”) and then stacked to form hBN−MoS2−hBN heterostructures. However, it neve",mechanically exfoliated (scotch-tape method)
Verified_Yazdani_et_al__-_2021_-_Heterointerface_Effects_on_Lithium-Induced_Phase_T_reactions.json,Yazdani_et_al__-_2021_-_Heterointerface_Effects_on_Lithium-Induced_Phase_T,low,synthesis,synthesis.steps[1].operations[0],cure,,False,0.84,,"The paper does not describe a synthesis step labeled ""cure"" as an operation for making MoS2 or the heterostructure. The term ""cured"" appears only in device fabrication/transfer steps (epoxy droplet cu","If the intent is general fabrication processing, use something like: ""epoxy/PPC curing during heterostructure transfer and cell sealing"". If the field strictly requires a synthesis operation of the ma"
Verified_Yazdani_et_al__-_2021_-_Heterointerface_Effects_on_Lithium-Induced_Phase_T_reactions.json,Yazdani_et_al__-_2021_-_Heterointerface_Effects_on_Lithium-Induced_Phase_T,low,synthesis,synthesis.steps[1].operations[1],spin coat,,False,0.93,,"The paper describes heterostructure assembly using a KOH-assisted transfer with PPC on epoxy (""spun-coated"" PPC at 3000 rpm) and device fabrication via electron-beam lithography, thermal evaporation, ","Not specified (no explicit 'spin coat' synthesis operation stated). If capturing a processing step: 'spun-coated PPC at 3000 rpm for 2 min' (transfer stack preparation), but this is not described as t"
Verified_Yazdani_et_al__-_2021_-_Heterointerface_Effects_on_Lithium-Induced_Phase_T_reactions.json,Yazdani_et_al__-_2021_-_Heterointerface_Effects_on_Lithium-Induced_Phase_T,low,synthesis,synthesis.steps[2].operations[0],etch,,True,0.86,,"The paper explicitly describes an etching step as part of device fabrication: the hBN−MoS2−hBN heterostructure perimeter was “reactively ion-etched”/“etching to expose the edges” (Page 4, Figure 3a ca",
Verified_Yazdani_et_al__-_2021_-_Heterointerface_Effects_on_Lithium-Induced_Phase_T_reactions.json,Yazdani_et_al__-_2021_-_Heterointerface_Effects_on_Lithium-Induced_Phase_T,low,synthesis,synthesis.steps[2].operations[1],rinse,,True,0.87,,"The Methods section explicitly describes a rinsing step during heterostructure assembly: after KOH etching, “the glass slide with the epoxy/PPC/flake was then rinsed with deionized water to remove any",
Verified_Yazdani_et_al__-_2021_-_Heterointerface_Effects_on_Lithium-Induced_Phase_T_reactions.json,Yazdani_et_al__-_2021_-_Heterointerface_Effects_on_Lithium-Induced_Phase_T,low,synthesis,synthesis.steps[3].operations[0],heat,,True,0.83,,The paper explicitly discusses heating during electrochemical intercalation and reports that the phase transition occurs at lower applied voltages upon heating (“The phase transition occurs at lower a,
Verified_Yazdani_et_al__-_2021_-_Heterointerface_Effects_on_Lithium-Induced_Phase_T_reactions.json,Yazdani_et_al__-_2021_-_Heterointerface_Effects_on_Lithium-Induced_Phase_T,low,synthesis,synthesis.steps[3].operations[1],dissolve,,False,0.93,,"The paper’s experimental and methods sections describe exfoliation, transfer/stacking, etching, electrode deposition, electrolyte addition, and Li intercalation. Nowhere does the synthesis description","Use a supported operation such as “exfoliate”, “transfer/stack/assemble”, “deposit (thermal evaporation)”, “etch (reactive ion etch)”, or if specifically referring to polymer removal: “dissolve PPC in"
Verified_Yazdani_et_al__-_2021_-_Heterointerface_Effects_on_Lithium-Induced_Phase_T_reactions.json,Yazdani_et_al__-_2021_-_Heterointerface_Effects_on_Lithium-Induced_Phase_T,low,synthesis,synthesis.steps[4].operations[0],deposit,,False,0.86,,"The paper discusses electrochemical lithium intercalation, device fabrication, and metal contact deposition (e.g., “Cr/Au metal contacts directly deposited onto the top surface of MoS2”), but it does ","Use “exfoliation” / “mechanical exfoliation” (and “stacking/transfer to form heterostructure”) as the synthesis/assembly operation; if the field is meant to capture electrode fabrication, specify “the"
Verified_Yazdani_et_al__-_2021_-_Heterointerface_Effects_on_Lithium-Induced_Phase_T_reactions.json,Yazdani_et_al__-_2021_-_Heterointerface_Effects_on_Lithium-Induced_Phase_T,low,synthesis,synthesis.steps[5].operations[0],spin coat,,True,0.92,,"The Methods section explicitly states that a 13 wt % PPC solution “was spun-coated onto the epoxy at 3000 rpm for 2 min”, which is a spin-coating synthesis/fabrication operation. Therefore the extract",
Verified_Yazdani_et_al__-_2021_-_Heterointerface_Effects_on_Lithium-Induced_Phase_T_reactions.json,Yazdani_et_al__-_2021_-_Heterointerface_Effects_on_Lithium-Induced_Phase_T,low,synthesis,synthesis.steps[5].operations[1],spin coat,,False,0.93,,The paper’s experimental fabrication uses spin-coating only for depositing a PPC polymer layer (“PPC … was spun-coated onto the epoxy at 3000 rpm for 2 min”) and also PMMA/HSQ resist spin-coating duri,Replace with the explicitly described synthesis/assembly operation: “mechanical exfoliation” and “flake transfer/stacking to assemble hBN−MoS2−hBN heterostructures” (spin-coating applies only to PPC/P
Verified_Yazdani_et_al__-_2021_-_Heterointerface_Effects_on_Lithium-Induced_Phase_T_reactions.json,Yazdani_et_al__-_2021_-_Heterointerface_Effects_on_Lithium-Induced_Phase_T,low,synthesis,synthesis.steps[5].operations[2],develop,,False,0.94,contradiction_clear,"The paper does not use the term “develop” as a synthesis operation, nor does it describe a “develop” step as part of material synthesis. The work focuses on assembling hBN–MoS2–hBN heterostructures an","If the intent is the device-processing operation, use “develop (lithography development in MF-312 developer)”. If the intent is a synthesis operation, a better value from the text would be “heterostru"
Verified_Yazdani_et_al__-_2021_-_Heterointerface_Effects_on_Lithium-Induced_Phase_T_reactions.json,Yazdani_et_al__-_2021_-_Heterointerface_Effects_on_Lithium-Induced_Phase_T,low,synthesis,synthesis.steps[5].operations[3],plasma etch,,False,0.93,,"The paper does not describe a synthesis operation specifically as ""plasma etch"" or ""plasma etching"". It mentions O2 plasma treatment of substrates prior to exfoliation and an O2 plasma step used durin","If the field is meant to capture processing steps, use: ""O2 plasma treatment"" (substrate cleaning) and/or ""reactive ion etching with O2/CHF3 (including an O2 plasma step)"" for edge exposure. If it mus"
Verified_Yazdani_et_al__-_2021_-_Heterointerface_Effects_on_Lithium-Induced_Phase_T_reactions.json,Yazdani_et_al__-_2021_-_Heterointerface_Effects_on_Lithium-Induced_Phase_T,low,synthesis,synthesis.steps[5].operations[4],reactive ion etch,,True,0.94,false_positive_suspect,"The paper explicitly states that the heterostructure perimeter/edges were ""reactively ion-etched"" to expose the MoS2 edges to the electrolyte (Page 4: ""fabricated a hBN−MoS2−hBN heterostructure and re",
Verified_Yazdani_et_al__-_2021_-_Heterointerface_Effects_on_Lithium-Induced_Phase_T_reactions.json,Yazdani_et_al__-_2021_-_Heterointerface_Effects_on_Lithium-Induced_Phase_T,low,synthesis,synthesis.steps[5].operations[5],clean,,False,0.9,contradiction_clear,"The paper’s Methods and experimental description include many synthesis/fabrication steps (mechanical exfoliation, stacking/transfer, metal deposition, reactive ion etching, solvent cleaning/dissoluti","If the field is meant to capture a specific named operation, it is not explicitly stated; use ""Not specified"". If it should capture fabrication operations, list those explicitly mentioned (e.g., exfol"
Verified_Yazdani_et_al__-_2021_-_Heterointerface_Effects_on_Lithium-Induced_Phase_T_reactions.json,Yazdani_et_al__-_2021_-_Heterointerface_Effects_on_Lithium-Induced_Phase_T,low,synthesis,synthesis.steps[6].operations[0],deposit,,False,0.86,,"The paper describes multiple synthesis/fabrication operations (mechanical exfoliation, transfer/stacking to assemble hBN–MoS2–hBN heterostructures, electrode patterning by e-beam lithography, Cr/Au de","If the field intends the key fabrication operation, use “mechanical exfoliation and stacking/transfer (heterostructure assembly)” and/or “Cr/Au deposition by thermal evaporation (metal contacts).”"
Verified_Yazdani_et_al__-_2021_-_Heterointerface_Effects_on_Lithium-Induced_Phase_T_reactions.json,Yazdani_et_al__-_2021_-_Heterointerface_Effects_on_Lithium-Induced_Phase_T,low,synthesis,synthesis.steps[7].operations[0],attach,,False,0.78,,"The paper’s Methods and Results describe multiple synthesis/fabrication actions (mechanical exfoliation, stacking/transfer, lithography, thermal evaporation, etching, cell assembly, etc.), but there i","If the intent is a fabrication operation, use a term explicitly supported such as “mechanical exfoliation,” “stacking/transfer to form hBN−MoS2−hBN heterostructures,” or “devices were attached to a gl"
Verified_Yazdani_et_al__-_2021_-_Heterointerface_Effects_on_Lithium-Induced_Phase_T_reactions.json,Yazdani_et_al__-_2021_-_Heterointerface_Effects_on_Lithium-Induced_Phase_T,low,synthesis,synthesis.steps[7].operations[1],seal,,False,0.78,contradiction_clear,The paper uses the term “seal” only in the context of “sealed with an optical-grade glass top cover” and “forming an air-tight seal” during electrochemical cell fabrication (Methods). It does not desc,"If this field is meant to capture a device/cell assembly operation (not synthesis), use: “sealed the electrochemical cell with epoxy to form an air-tight seal (glass top cover)”. If it truly must be a"
Verified_Yazdani_et_al__-_2021_-_Heterointerface_Effects_on_Lithium-Induced_Phase_T_reactions.json,Yazdani_et_al__-_2021_-_Heterointerface_Effects_on_Lithium-Induced_Phase_T,low,synthesis,synthesis.steps[7].operations[2],insert,,False,0.92,,"The extracted value for the field ""Synthesis Operation"" is ""insert"". While the paper frequently discusses lithium intercalation and uses the verb ""inserted"" in contexts like ""intercalating Li"" and ""Li",electrochemical lithium intercalation (Li+ intercalation)
Verified_Yazdani_et_al__-_2021_-_Heterointerface_Effects_on_Lithium-Induced_Phase_T_reactions.json,Yazdani_et_al__-_2021_-_Heterointerface_Effects_on_Lithium-Induced_Phase_T,low,synthesis,synthesis.steps[7].operations[3],fill,,False,0.96,,"The paper text does not mention any synthesis operation described as ""fill"" (or equivalent). The Methods and experimental sections discuss exfoliation, stacking/transfer, electrode deposition, etching","Not specified (no ""fill"" synthesis operation is described in the text)."
Verified_Yazdani_et_al__-_2021_-_Heterointerface_Effects_on_Lithium-Induced_Phase_T_reactions.json,Yazdani_et_al__-_2021_-_Heterointerface_Effects_on_Lithium-Induced_Phase_T,low,synthesis,synthesis.steps[7].operations[4],seal,,False,0.83,,The paper does not describe a synthesis step/operation as simply “seal”. The only relevant use is in electrochemical cell fabrication: the enclosed cell “is sealed with an optical-grade glass top cove,"If the field is intended to capture a process step, use: “sealed the electrochemical cell with an optical-grade glass top cover; open side covered with epoxy to form an air-tight seal.” If it must be "
Verified_Yazdani_et_al__-_2021_-_Heterointerface_Effects_on_Lithium-Induced_Phase_T_reactions.json,Yazdani_et_al__-_2021_-_Heterointerface_Effects_on_Lithium-Induced_Phase_T,low,synthesis,synthesis.steps[7].conditions,unknown,,False,0.92,,"The paper mentions that subsequent electrochemical cell fabrication steps were conducted in an ""argon glovebox"" (Methods: Electrochemical Cell Fabrication), but it does not state that the *synthesis* ","If the field intends the experimental handling/assembly atmosphere: ""argon glovebox"". If it strictly intends synthesis atmosphere: ""Not specified""."
Verified_Yazdani_et_al__-_2021_-_Heterointerface_Effects_on_Lithium-Induced_Phase_T_reactions.json,Yazdani_et_al__-_2021_-_Heterointerface_Effects_on_Lithium-Induced_Phase_T,low,workflow,workflow.timeline[0],unknown,Exfoliation of starting crystals,False,0.86,,"The paper describes mechanically exfoliating MoS2 and hBN flakes from bulk crystals and assembling hBN–MoS2–hBN heterostructures (Methods: “mechanically exfoliated… using the scotch-tape method”), but","If the field is meant to capture a workflow step, use wording explicitly supported by the text, e.g., “MoS2 and hBN flakes were mechanically exfoliated from bulk crystals onto SiO2/Si substrates (scot"
Verified_Yazdani_et_al__-_2021_-_Heterointerface_Effects_on_Lithium-Induced_Phase_T_reactions.json,Yazdani_et_al__-_2021_-_Heterointerface_Effects_on_Lithium-Induced_Phase_T,low,workflow,workflow.timeline[1],unknown,Preparation of pickup stamp,False,0.91,contradiction_clear,"The paper’s Methods/Experimental section describes heterostructure assembly using an epoxy/PPC droplet on a glass slide (a transfer “pickup” technique), but it never explicitly states a workflow step ","If the workflow timeline must reflect the paper’s wording, use something like: “Heterostructure assembly and device fabrication (epoxy/PPC transfer stamp prepared by curing epoxy on glass slide and sp"
Verified_Yazdani_et_al__-_2021_-_Heterointerface_Effects_on_Lithium-Induced_Phase_T_reactions.json,Yazdani_et_al__-_2021_-_Heterointerface_Effects_on_Lithium-Induced_Phase_T,low,workflow,workflow.timeline[2],unknown,KOH-assisted pickup of flakes,True,0.9,,"The Methods section explicitly states: ""Flakes of the desired size and thickness were transferred ... using a KOH-assisted technique"" and describes adding a 2 M aqueous KOH solution to ""release the fl",
Verified_Yazdani_et_al__-_2021_-_Heterointerface_Effects_on_Lithium-Induced_Phase_T_reactions.json,Yazdani_et_al__-_2021_-_Heterointerface_Effects_on_Lithium-Induced_Phase_T,low,workflow,workflow.timeline[3],unknown,Stacking to build hBN–MoS2–hBN heterostructure,False,0.78,,The paper discusses electrochemical Li+ intercalation experiments on hBN–MoS2–hBN heterostructures and states that MoS2 flakes were “sandwiched between exfoliated flakes of hBN” and that “MoS2 and hBN,"If the field is meant to capture a fabrication step (not explicitly labeled as a timeline), use: “MoS2 and hBN flakes were stacked to form hBN–MoS2–hBN heterostructures (MoS2 sandwiched between top an"
Verified_Yazdani_et_al__-_2021_-_Heterointerface_Effects_on_Lithium-Induced_Phase_T_reactions.json,Yazdani_et_al__-_2021_-_Heterointerface_Effects_on_Lithium-Induced_Phase_T,low,workflow,workflow.timeline[4],unknown,Metal contact deposition,False,0.74,,"The paper discusses metal contact materials and how they were made (e.g., “Cr/Au metal contacts directly deposited…” and “10 nm Cr/100 nm Au was deposited using thermal evaporation”), but it does not ","If the field is meant to capture fabrication steps, use: “Cr/Au metal contact deposition (10 nm Cr/100 nm Au) by thermal evaporation (after e-beam lithography patterning).” If it must be a named timel"
Verified_Yazdani_et_al__-_2021_-_Heterointerface_Effects_on_Lithium-Induced_Phase_T_reactions.json,Yazdani_et_al__-_2021_-_Heterointerface_Effects_on_Lithium-Induced_Phase_T,low,workflow,workflow.timeline[5],unknown,Optional edge exposure via RIE,True,0.86,false_positive_suspect,"The paper explicitly describes an “edge-exposed” device created by reactive ion etching: “we fabricated a hBN−MoS2−hBN heterostructure and reactively ion-etched its perimeter, directly exposing the ed",
Verified_Yazdani_et_al__-_2021_-_Heterointerface_Effects_on_Lithium-Induced_Phase_T_reactions.json,Yazdani_et_al__-_2021_-_Heterointerface_Effects_on_Lithium-Induced_Phase_T,low,workflow,workflow.timeline[6],unknown,Optional edge covering with Au,False,0.93,,The paper discusses an architecture where the heterostructure edge is covered with a thick layer of gold to block edge intercalation (page 4: “the heterostructure edge is covered with a thick layer of,Fabricated an edge-covered hBN–MoS2–hBN heterostructure by covering the heterostructure edge with a thick Au layer to block edge intercalation (a specific device variant used to test Li+ diffusion pat
Verified_Yazdani_et_al__-_2021_-_Heterointerface_Effects_on_Lithium-Induced_Phase_T_reactions.json,Yazdani_et_al__-_2021_-_Heterointerface_Effects_on_Lithium-Induced_Phase_T,low,workflow,workflow.timeline[7],unknown,Electrochemical microreactor assembly,False,0.74,,"The document discusses using/ integrating devices into “electrochemical microreactors” for Li+ intercalation experiments (e.g., Results section: “integrated into electrochemical microreactors” and Fig","If the intended timeline step is supported by the paper’s language, use: “Devices were integrated into electrochemical microreactors for Li+ intercalation (electrochemical cell fabrication described i"
Verified_Yazdani_et_al__-_2021_-_Heterointerface_Effects_on_Lithium-Induced_Phase_T_reactions.json,Yazdani_et_al__-_2021_-_Heterointerface_Effects_on_Lithium-Induced_Phase_T,low,workflow,workflow.ambiguities[0],Unspecified epoxy curing temperature,,False,0.83,,The paper does specify the epoxy curing temperature in the Methods section during heterostructure assembly: “a hemispherical droplet of epoxy … was cured on a glass slide” is followed by “PPC … was sp,Revise the ambiguity to: ‘Epoxy droplet curing conditions (temperature/time) not specified; subsequent PPC layer is cured at 90 °C for 2 min.’
Verified_Yazdani_et_al__-_2021_-_Heterointerface_Effects_on_Lithium-Induced_Phase_T_reactions.json,Yazdani_et_al__-_2021_-_Heterointerface_Effects_on_Lithium-Induced_Phase_T,low,workflow,workflow.ambiguities[1],No explicit amount for Au edge-cover thickness,,True,0.93,false_positive_suspect,"The paper states that the heterostructure edge was covered “with a thick layer of gold to block edge intercalation” (Page 4, Lithium Diffusion Pathways section; also Figure 3c caption: “after covering",
Verified_Yazdani_et_al__-_2021_-_Heterointerface_Effects_on_Lithium-Induced_Phase_T_reactions.json,Yazdani_et_al__-_2021_-_Heterointerface_Effects_on_Lithium-Induced_Phase_T,low,characterization,characterization[0],Raman spectroscopy,Raman spectroscopy,False,0.86,contradiction_clear,"The text supports a 2H→1T′ phase transition at 1.0 V vs Li/Li+ at room temperature for both bare MoS2 and hBN–MoS2–hBN (Fig. 2e; also Fig. 3b,d). It also states that at 1.1 V vs Li/Li+ the heterostruc",Use: (1) phase transition voltage (room temperature): 1.0 V vs Li/Li+ (bare and heterostructure). (2) At 1.1 V vs Li/Li+: bare MoS2 onset at 60 °C (333 K) and full transition at 100 °C; heterostructur
Verified_Yazdani_et_al__-_2021_-_Heterointerface_Effects_on_Lithium-Induced_Phase_T_reactions.json,Yazdani_et_al__-_2021_-_Heterointerface_Effects_on_Lithium-Induced_Phase_T,low,characterization,characterization[1],Optical microscopy (in situ),Optical microscopy (in situ),True,0.93,,"The paper explicitly reports an in situ optical microscopy color change (“turned dark”/“darkened”) during electrochemical lithiation that is linked to the MoS2 2H→1T′ phase transition. On Page 4, the ",
Verified_Yazdani_et_al__-_2021_-_Heterointerface_Effects_on_Lithium-Induced_Phase_T_reactions.json,Yazdani_et_al__-_2021_-_Heterointerface_Effects_on_Lithium-Induced_Phase_T,low,analysis,analysis.methods[0],unknown,,False,0.94,contradiction_clear,"The extracted value for “Analysis Method” is blank, but the paper explicitly states multiple analysis/characterization methods used, including “in situ Raman spectroscopy” (also in Keywords and throug","Analysis Method: in situ Raman spectroscopy (primary experimental analysis); also in situ optical microscopy, cyclic voltammetry, and DFT calculations."
Verified_Yu_et_al__-_2020_-_Tuning_ionic_conductivity_and_electrode_compatibil_reactions.json,Yu_et_al__-_2020_-_Tuning_ionic_conductivity_and_electrode_compatibil,low,targets,targets[0],target_1,BM-Li3YBr6,True,0.99,,"The paper explicitly and repeatedly states the material under study as Li3YBr6. This appears in the title (“Tuning ionic conductivity and electrode compatibility of Li3YBr6”), in the abstract (“Li3YBr",
Verified_Yu_et_al__-_2020_-_Tuning_ionic_conductivity_and_electrode_compatibil_reactions.json,Yu_et_al__-_2020_-_Tuning_ionic_conductivity_and_electrode_compatibil,low,targets,targets[1],target_2,AN-Li3YBr6,True,0.99,,"The paper explicitly identifies the material under study as Li3YBr6 multiple times, including in the title (“Tuning ionic conductivity and electrode compatibility of Li3YBr6...”) and in the Abstract (",
Verified_Yu_et_al__-_2020_-_Tuning_ionic_conductivity_and_electrode_compatibil_reactions.json,Yu_et_al__-_2020_-_Tuning_ionic_conductivity_and_electrode_compatibil,low,chemicals,chemicals[0],chem_1,Lithium bromide,True,0.88,,"The paper repeatedly states that Li3YBr6 was synthesized by ball milling starting powders LiBr and YBr3 (i.e., lithium bromide is a precursor). In the Results section: “Fig. 1c shows the XRD patterns ",
Verified_Yu_et_al__-_2020_-_Tuning_ionic_conductivity_and_electrode_compatibil_reactions.json,Yu_et_al__-_2020_-_Tuning_ionic_conductivity_and_electrode_compatibil,low,chemicals,chemicals[1],chem_2,Yttrium(III) bromide,True,0.78,,"The paper discusses ball-milling “LiBr and YBr3” to form Li3YBr6 (a lithium yttrium bromide electrolyte). It does mention the precursor YBr3 (yttrium(III) bromide), but no mass, molar amount, or stoic",
Verified_Yu_et_al__-_2020_-_Tuning_ionic_conductivity_and_electrode_compatibil_reactions.json,Yu_et_al__-_2020_-_Tuning_ionic_conductivity_and_electrode_compatibil,low,chemicals,chemicals[2],chem_3,Li3YBr6,True,0.86,,"The paper repeatedly identifies the material as Li3YBr6 (e.g., title/abstract and throughout the text). However, the document text provided does not explicitly state a specific amount (mass, molar qua",
Verified_Yu_et_al__-_2020_-_Tuning_ionic_conductivity_and_electrode_compatibil_reactions.json,Yu_et_al__-_2020_-_Tuning_ionic_conductivity_and_electrode_compatibil,low,chemicals,chemicals[3],chem_4,Zirconia (milling media),True,0.93,false_positive_suspect,The paper explicitly mentions the use of ZrO2 (zirconia) balls as the milling media: “the sticky precursors strongly adhere to the ZrO2 balls and the inner walls of the jar…”. Nowhere in the provided ,
Verified_Yu_et_al__-_2020_-_Tuning_ionic_conductivity_and_electrode_compatibil_reactions.json,Yu_et_al__-_2020_-_Tuning_ionic_conductivity_and_electrode_compatibil,low,chemicals,chemicals[4],chem_5,Lithium niobate,True,0.9,,"The paper clearly identifies the use/introduction of a LiNbO3 coating layer (lithium niobate) in the battery configuration (e.g., “a LiNbO3 coating layer … introduced at the cathode side” and multiple",
Verified_Yu_et_al__-_2020_-_Tuning_ionic_conductivity_and_electrode_compatibil_reactions.json,Yu_et_al__-_2020_-_Tuning_ionic_conductivity_and_electrode_compatibil,low,chemicals,chemicals[5],chem_6,LiNi0.8Co0.1Mn0.1O2,True,0.93,,"The paper explicitly uses the cathode active material LiNi0.8Co0.1Mn0.1O2 (also referred to as NCM811/811) in the all-solid-state battery configurations (e.g., Page 2: “LiNbO3-coated LiNi0.8Mn0.1Co0.1",
Verified_Yu_et_al__-_2020_-_Tuning_ionic_conductivity_and_electrode_compatibil_reactions.json,Yu_et_al__-_2020_-_Tuning_ionic_conductivity_and_electrode_compatibil,low,chemicals,chemicals[6],chem_7,Li5.7PS4.7Cl1.3,True,0.98,,The paper explicitly mentions introducing a Li5.7PS4.7Cl1.3 buffer layer and states: “50 mg of Li5.7PS4.7Cl1.3 layer was introduced as the buffer layer…” (Page 8). The chemical identity Li5.7PS4.7Cl1.,
Verified_Yu_et_al__-_2020_-_Tuning_ionic_conductivity_and_electrode_compatibil_reactions.json,Yu_et_al__-_2020_-_Tuning_ionic_conductivity_and_electrode_compatibil,low,chemicals,chemicals[7],chem_8,Indium,True,0.9,,"The paper explicitly identifies indium as an electrode/anode material (e.g., “indium anode” and “Indium foil is a typical anode candidate…”) but does not specify a standalone mass/amount of indium use",
Verified_Yu_et_al__-_2020_-_Tuning_ionic_conductivity_and_electrode_compatibil_reactions.json,Yu_et_al__-_2020_-_Tuning_ionic_conductivity_and_electrode_compatibil,low,chemicals,chemicals[8],chem_9,Lithium,True,0.91,false_positive_suspect,"The paper repeatedly discusses lithium metal (Li) in compatibility tests (e.g., Li/BM-Li3YBr6/Li and Li/AN-Li3YBr6/Li symmetric cells) and states Li3YBr6 is incompatible with lithium metal. However, n",
Verified_Yu_et_al__-_2020_-_Tuning_ionic_conductivity_and_electrode_compatibil_reactions.json,Yu_et_al__-_2020_-_Tuning_ionic_conductivity_and_electrode_compatibil,low,synthesis,synthesis.steps[0].operations[0],mix,,False,0.77,contradiction_clear,"The paper describes synthesis steps such as mechanochemical milling (ball milling) of LiBr and YBr3, opening the jar to hand grind, and subsequent annealing/heat treatment at various temperatures and ",mechanical milling (ball milling); hand grinding (periodically); annealing/heat treatment
Verified_Yu_et_al__-_2020_-_Tuning_ionic_conductivity_and_electrode_compatibil_reactions.json,Yu_et_al__-_2020_-_Tuning_ionic_conductivity_and_electrode_compatibil,low,synthesis,synthesis.steps[0].operations[1],ball_mill,,True,0.95,,"The paper explicitly states Li3YBr6 was synthesized by “mechanical milling” and repeatedly refers to “ball milled mixture” and “ball milled” samples (BM-Li3YBr6), with details about ZrO2 balls/jar and",
Verified_Yu_et_al__-_2020_-_Tuning_ionic_conductivity_and_electrode_compatibil_reactions.json,Yu_et_al__-_2020_-_Tuning_ionic_conductivity_and_electrode_compatibil,low,synthesis,synthesis.steps[1].operations[0],anneal,,True,0.78,,"The paper repeatedly describes a heat-treatment/annealing step applied to ball-milled Li3YBr6 (e.g., “annealing the BM-Li3YBr6 at 500 °C for 5 h” and “BM-Li3YBr6… was annealed at various temperatures…",
Verified_Yu_et_al__-_2020_-_Tuning_ionic_conductivity_and_electrode_compatibil_reactions.json,Yu_et_al__-_2020_-_Tuning_ionic_conductivity_and_electrode_compatibil,low,workflow,workflow.timeline[0],unknown,Planetary ball milling of LiBr and YBr3 at 550 rpm for 32 h with intermittent hand grinding produced BM-Li3YBr6.,True,0.92,,"The paper explicitly states that BM-Li3YBr6 is prepared by milling LiBr and YBr3 at 550 rpm, with the jar opened periodically for hand grinding, and that the milling parameter was fixed to 550 rpm for",
Verified_Yu_et_al__-_2020_-_Tuning_ionic_conductivity_and_electrode_compatibil_reactions.json,Yu_et_al__-_2020_-_Tuning_ionic_conductivity_and_electrode_compatibil,low,workflow,workflow.timeline[1],unknown,BM-Li3YBr6 was annealed at 500 °C (773 K) for 5 h to yield AN-Li3YBr6 with improved ionic conductivity.,True,0.96,,The paper explicitly states that BM-Li3YBr6 was annealed at 500 °C for 5 h to obtain AN-Li3YBr6 with higher ionic conductivity. This appears in the abstract (“…annealing the BM-Li3YBr6 at 500 °C for 5,
Verified_Yu_et_al__-_2020_-_Tuning_ionic_conductivity_and_electrode_compatibil_reactions.json,Yu_et_al__-_2020_-_Tuning_ionic_conductivity_and_electrode_compatibil,low,workflow,workflow.ambiguities[0],Stoichiometric proportions of LiBr and YBr3 not specified,,True,0.93,false_positive_suspect,"The paper describes milling LiBr and YBr3 at 550 rpm for various durations (e.g., “Fig. 1c shows the XRD patterns for the mixture prepared by milling LiBr and YBr3 at 550 rpm for 4, 32, and 50 h”) but",
Verified_Yu_et_al__-_2020_-_Tuning_ionic_conductivity_and_electrode_compatibil_reactions.json,Yu_et_al__-_2020_-_Tuning_ionic_conductivity_and_electrode_compatibil,low,workflow,workflow.ambiguities[1],Atmosphere during milling and annealing not stated,,True,0.92,,"Across the provided full text, synthesis details for milling (speed, duration, jar opening interval, ZrO2 media) and annealing (temperatures, time) are described, but the atmosphere/environment during",
Verified_Yu_et_al__-_2020_-_Tuning_ionic_conductivity_and_electrode_compatibil_reactions.json,Yu_et_al__-_2020_-_Tuning_ionic_conductivity_and_electrode_compatibil,low,workflow,workflow.ambiguities[2],Exact milling temperature not mentioned,,True,0.86,,"The paper describes the high-rotation-speed milling process (e.g., 550 rpm, durations, jar opening intervals) but never states an explicit milling temperature. Milling is discussed in Section 2 with p",
Verified_Yu_et_al__-_2020_-_Tuning_ionic_conductivity_and_electrode_compatibil_reactions.json,Yu_et_al__-_2020_-_Tuning_ionic_conductivity_and_electrode_compatibil,low,characterization,characterization[0],AC impedance spectroscopy,AC impedance spectroscopy,True,0.98,,"The abstract explicitly states: “Li3YBr6, with a conductivity of 0.39 mS/cm at room temperature, synthesized by mechanical milling (BM-Li3YBr6)… (AN-Li3YBr6) with a higher conductivity of 3.31 mS/cm…”",
Verified_Yu_et_al__-_2020_-_Tuning_ionic_conductivity_and_electrode_compatibil_reactions.json,Yu_et_al__-_2020_-_Tuning_ionic_conductivity_and_electrode_compatibil,low,characterization,characterization[1],AC impedance spectroscopy,AC impedance spectroscopy,False,0.98,contradiction_clear,"In the provided text (Fig. 2b discussion on Page 5), the activation energies from temperature-dependent impedance spectroscopy are stated as: BM-Li3YBr6 = 0.281 eV and AN-Li3YBr6 = 0.299 eV. The extra",
Verified_Yu_et_al__-_2020_-_Tuning_ionic_conductivity_and_electrode_compatibil_reactions.json,Yu_et_al__-_2020_-_Tuning_ionic_conductivity_and_electrode_compatibil,low,characterization,characterization[2],7Li NMR spin–lattice relaxation (SLR),7Li NMR spin–lattice relaxation (SLR),True,0.98,,"The paper explicitly reports VT 7Li SLR NMR–derived activation energies for AN-Li3YBr6: “the SLR rates in Fig. 2d yield activation energies of 0.117 ± 0.01 and 0.088 ± 0.01 eV, respectively.” This cor",
Verified_Yu_et_al__-_2020_-_Tuning_ionic_conductivity_and_electrode_compatibil_reactions.json,Yu_et_al__-_2020_-_Tuning_ionic_conductivity_and_electrode_compatibil,low,characterization,characterization[3],Neutron diffraction,Neutron diffraction,False,0.95,,The paper explicitly reports temperature-dependent neutron diffraction results showing that AN-Li3YBr6 lattice parameters and cell volume increase with temperature (Fig. 1i; described on Page 4: “the ,"Set value to a qualitative statement supported by the text, e.g., value: 'Lattice parameters (a, b, c) and cell volume (V) increase with temperature (223–392 K)' (unit: none), sample: AN-Li3YBr6."
Verified_Yu_et_al__-_2020_-_Tuning_ionic_conductivity_and_electrode_compatibil_reactions.json,Yu_et_al__-_2020_-_Tuning_ionic_conductivity_and_electrode_compatibil,low,characterization,characterization[4],XANES,XANES,True,0.86,,"In the discussion of Fig. 2h,i (Y K-edge and Y L3-edge XANES), the paper states: “Comparing both XANES spectra of BM-Li3YBr6 and AN-Li3YBr6, no obvious changes are observed in the spectrums, showing t",
Verified_Yu_et_al__-_2020_-_Tuning_ionic_conductivity_and_electrode_compatibil_reactions.json,Yu_et_al__-_2020_-_Tuning_ionic_conductivity_and_electrode_compatibil,low,analysis,analysis.methods[0],unknown,,False,0.78,,"The field 'Analysis Method' has an empty extracted value. The paper explicitly reports multiple analysis methods (e.g., AC impedance spectroscopy/EIS, neutron diffraction with Rietveld refinement and ","AC impedance spectroscopy (EIS), neutron diffraction (Rietveld refinement; lithium nuclear density mapping), 7Li solid-state NMR (VT line shape and spin-lattice relaxation), AIMD/DFT(-MD) simulations,"
Verified_Yu_et_al__-_2020_-_Tuning_ionic_conductivity_and_electrode_compatibil_reactions.json,Yu_et_al__-_2020_-_Tuning_ionic_conductivity_and_electrode_compatibil,low,final_outcomes,final_outcomes,unknown,,False,0.6,,"The paper’s cycling section reports capacity retention after a specific number of cycles (e.g., “67.8 mAh/g after 90 cycles” in Conclusions) but does not explicitly state a “cycle life” value of 90 as","If the intended metric is the number of cycles reported, use: “90 cycles (capacity reported after 90 cycles)” or more explicitly: “67.8 mAh/g after 90 cycles.” If ‘cycle life’ is meant as cycles-to-fa"
Verified_Yuan_et_al__-_2020_-_An_ultrastable_lithium_metal_anode_enabled_by_desi_reactions.json,Yuan_et_al__-_2020_-_An_ultrastable_lithium_metal_anode_enabled_by_desi,low,targets,targets[0],target_1,NaMg(Mn)F3 nanocubes (NMMF),True,0.97,,"The paper explicitly states the spansules are made of “NaMg(Mn)F3@C core@shell microstructures” (Page 1) and refers to the fluoride additive as “NaMg(Mn)F3 (NMMF)” (Page 1). In Materials and Methods, ",
Verified_Yuan_et_al__-_2020_-_An_ultrastable_lithium_metal_anode_enabled_by_desi_reactions.json,Yuan_et_al__-_2020_-_An_ultrastable_lithium_metal_anode_enabled_by_desi,low,targets,targets[1],target_2,Carbon-coated NaMg(Mn)F3 core@shell microcubes (NMMF@C),False,0.93,,"The paper explicitly identifies the spansule material as “NaMg(Mn)F3@C” (carbon-coated NaMg(Mn)F3, abbreviated NMMF@C) and describes NMMF as a composite of two phases: NaMgF3 and NaMnF3. However, the ",NaMg(Mn)F3@C (NMMF@C); where NMMF is a composite of NaMgF3 and NaMnF3.
Verified_Yuan_et_al__-_2020_-_An_ultrastable_lithium_metal_anode_enabled_by_desi_reactions.json,Yuan_et_al__-_2020_-_An_ultrastable_lithium_metal_anode_enabled_by_desi,low,chemicals,chemicals[0],chem_1,Magnesium acetate,True,0.97,,"In the paper’s METHODS section under “Fabrication of NMMF,” it explicitly states: “6.4 mmol of magnesium acetate and 1.6 mmol of manganese acetate were successively dissolved…”. This directly supports",
Verified_Yuan_et_al__-_2020_-_An_ultrastable_lithium_metal_anode_enabled_by_desi_reactions.json,Yuan_et_al__-_2020_-_An_ultrastable_lithium_metal_anode_enabled_by_desi,low,chemicals,chemicals[1],chem_2,Manganese acetate,True,0.96,,"In the MATERIALS AND METHODS section under “Fabrication of NMMF,” the paper explicitly states: “6.4 mmol of magnesium acetate and 1.6 mmol of manganese acetate were successively dissolved…”. This dire",
Verified_Yuan_et_al__-_2020_-_An_ultrastable_lithium_metal_anode_enabled_by_desi_reactions.json,Yuan_et_al__-_2020_-_An_ultrastable_lithium_metal_anode_enabled_by_desi,low,chemicals,chemicals[2],chem_3,Sodium fluoride,True,0.98,,"In the Materials and Methods section under “Fabrication of NMMF,” the paper explicitly states: “40 ml of aqueous solution dissolved with 0.028 mol of sodium fluoride was added…”. 0.028 mol equals 28 m",
Verified_Yuan_et_al__-_2020_-_An_ultrastable_lithium_metal_anode_enabled_by_desi_reactions.json,Yuan_et_al__-_2020_-_An_ultrastable_lithium_metal_anode_enabled_by_desi,low,chemicals,chemicals[3],chem_4,Water,False,0.62,contradiction_clear,"The paper’s “Fabrication of NMMF” section states a mixed solution containing **10 ml of water and 10 ml of ethanol**. However, the extracted value claims **Water | Amount: 10 mL** for alleged provenan","Either (a) change provenance to only 'Fabrication of NMMF' for 'Water | Amount: 10 mL', or (b) if provenance must include 'Fabrication of NMMF@C', update to 'Deionized water | Amount: 20 mL' (and etha"
Verified_Yuan_et_al__-_2020_-_An_ultrastable_lithium_metal_anode_enabled_by_desi_reactions.json,Yuan_et_al__-_2020_-_An_ultrastable_lithium_metal_anode_enabled_by_desi,low,chemicals,chemicals[4],chem_5,Ethanol,True,0.95,,"In the “MATERIALS AND METHODS – Fabrication of NMMF” section, the paper states that magnesium acetate and manganese acetate were dissolved in a mixed solution containing “10 ml of water and 10 ml of e",
Verified_Yuan_et_al__-_2020_-_An_ultrastable_lithium_metal_anode_enabled_by_desi_reactions.json,Yuan_et_al__-_2020_-_An_ultrastable_lithium_metal_anode_enabled_by_desi,low,chemicals,chemicals[5],chem_6,Ammonia solution (28 wt%),True,0.99,,"In the MATERIALS AND METHODS section under “Fabrication of NMMF@C,” the paper explicitly states: “Then, 1.2 g of ammonia solution (28 wt %), 0.2 g of resorcinol, and 0.2 g of formaldehyde (37 wt %) we",
Verified_Yuan_et_al__-_2020_-_An_ultrastable_lithium_metal_anode_enabled_by_desi_reactions.json,Yuan_et_al__-_2020_-_An_ultrastable_lithium_metal_anode_enabled_by_desi,low,chemicals,chemicals[6],chem_7,Resorcinol,True,0.98,,"In the Materials and Methods section under “Fabrication of NMMF@C,” the paper explicitly states: “Then, 1.2 g of ammonia solution (28 wt %), 0.2 g of resorcinol, and 0.2 g of formaldehyde (37 wt %) we",
Verified_Yuan_et_al__-_2020_-_An_ultrastable_lithium_metal_anode_enabled_by_desi_reactions.json,Yuan_et_al__-_2020_-_An_ultrastable_lithium_metal_anode_enabled_by_desi,low,chemicals,chemicals[7],chem_8,Formaldehyde (37 wt%),True,0.99,,"In the MATERIALS AND METHODS section under “Fabrication of NMMF@C,” the text explicitly states: “...0.2 g of formaldehyde (37 wt %) were successively added...”. This directly supports the extracted ch",
Verified_Yuan_et_al__-_2020_-_An_ultrastable_lithium_metal_anode_enabled_by_desi_reactions.json,Yuan_et_al__-_2020_-_An_ultrastable_lithium_metal_anode_enabled_by_desi,low,chemicals,chemicals[8],chem_9,Argon,True,0.92,,"The paper explicitly states that NMMF@C was obtained after carbonization “at 800°C in Ar atmosphere,” and multiple procedures (cryo-TEM transfer, coin cell assembly) are described as performed in an “",
Verified_Yuan_et_al__-_2020_-_An_ultrastable_lithium_metal_anode_enabled_by_desi_reactions.json,Yuan_et_al__-_2020_-_An_ultrastable_lithium_metal_anode_enabled_by_desi,low,synthesis,synthesis.steps[0].operations[0],dissolve,,False,0.73,contradiction_clear,"The paper describes synthesis steps such as “dissolved into a mixed solution” and dispersion in solvent, but it does not explicitly list a synthesis operation named exactly “dissolve” as a standalone ","If the field expects the verb used in the procedure, use: “dissolved (into a mixed solution of water/ethanol)” or “dispersed” (for NMMF@C step)."
Verified_Yuan_et_al__-_2020_-_An_ultrastable_lithium_metal_anode_enabled_by_desi_reactions.json,Yuan_et_al__-_2020_-_An_ultrastable_lithium_metal_anode_enabled_by_desi,low,synthesis,synthesis.steps[1].operations[0],add,,False,0.93,,"The paper’s METHODS and synthesis descriptions use operations like “added dropwise,” “dispersed,” “dissolved,” “washed,” “dried,” and “carbonization.” While the verb “added” appears (e.g., “was added ","If the field is meant to capture a specific step/operation, use an explicit operation phrase from the text, e.g., “added dropwise” (NaF solution added dropwise) or “successively added” (ammonia soluti"
Verified_Yuan_et_al__-_2020_-_An_ultrastable_lithium_metal_anode_enabled_by_desi_reactions.json,Yuan_et_al__-_2020_-_An_ultrastable_lithium_metal_anode_enabled_by_desi,low,synthesis,synthesis.steps[1].operations[1],stir,,True,0.88,,The paper explicitly describes “stirring” as part of the synthesis procedure in the Materials and Methods section. For example: “...was added dropwise into the above solution with continuous stirring.,
Verified_Yuan_et_al__-_2020_-_An_ultrastable_lithium_metal_anode_enabled_by_desi_reactions.json,Yuan_et_al__-_2020_-_An_ultrastable_lithium_metal_anode_enabled_by_desi,low,synthesis,synthesis.steps[1].operations[2],age,,False,0.93,contradiction_mixed,"The paper’s synthesis-related steps are described as precipitation, coating with resin, and carbonization (e.g., in the Materials and Methods section: dissolving precursors, dropwise addition, stirrin","Replace ""age"" with a supported operation such as ""stirring"" / ""maintaining (24 hours at room temperature)"" / ""precipitation"" / ""centrifugation"" / ""drying"" / ""carbonization"" (depending on the intended "
Verified_Yuan_et_al__-_2020_-_An_ultrastable_lithium_metal_anode_enabled_by_desi_reactions.json,Yuan_et_al__-_2020_-_An_ultrastable_lithium_metal_anode_enabled_by_desi,low,synthesis,synthesis.steps[2].operations[0],centrifuge,,True,0.93,,"The paper explicitly states multiple times that the as-obtained NMMF and NMMF@Resin products were ""collected""/""isolated"" by centrifugation during synthesis. Examples: in “Fabrication of NMMF” it says ",
Verified_Yuan_et_al__-_2020_-_An_ultrastable_lithium_metal_anode_enabled_by_desi_reactions.json,Yuan_et_al__-_2020_-_An_ultrastable_lithium_metal_anode_enabled_by_desi,low,synthesis,synthesis.steps[2].operations[1],wash,,True,0.78,,"The paper explicitly describes washing steps during synthesis/sample preparation, supporting the presence of a 'wash' synthesis operation. Examples: in 'Fabrication of NMMF' the product was 'collected",
Verified_Yuan_et_al__-_2020_-_An_ultrastable_lithium_metal_anode_enabled_by_desi_reactions.json,Yuan_et_al__-_2020_-_An_ultrastable_lithium_metal_anode_enabled_by_desi,low,synthesis,synthesis.steps[2].operations[2],dry,,True,0.86,,"The paper explicitly states the product was ""finally dried at 60°C for 6 hours"" in the Materials and Methods section (Fabrication of NMMF), which supports the synthesis operation ""dry"" (drying step). ",
Verified_Yuan_et_al__-_2020_-_An_ultrastable_lithium_metal_anode_enabled_by_desi_reactions.json,Yuan_et_al__-_2020_-_An_ultrastable_lithium_metal_anode_enabled_by_desi,low,synthesis,synthesis.steps[3].operations[0],disperse,,False,0.74,,"The paper describes synthesis steps such as dissolving precursors, adding NaF solution dropwise with stirring, precipitation, centrifugation/washing, drying, and dispersing NMMF nanoparticles in water",dispersed (100 mg NMMF nanoparticles dispersed in water/ethanol via ultrasonication and stirring)
Verified_Yuan_et_al__-_2020_-_An_ultrastable_lithium_metal_anode_enabled_by_desi_reactions.json,Yuan_et_al__-_2020_-_An_ultrastable_lithium_metal_anode_enabled_by_desi,low,synthesis,synthesis.steps[3].operations[1],add,,False,0.72,,"The paper text does not explicitly state a synthesis operation labeled ""add"" as a standalone operation. While the Methods section uses phrases like ""was added dropwise"" and ""were successively added"" (","Use a more specific phrasing supported by the text, e.g., ""added dropwise"" (NaF solution) and/or ""successively added"" (ammonia solution, resorcinol, formaldehyde)."
Verified_Yuan_et_al__-_2020_-_An_ultrastable_lithium_metal_anode_enabled_by_desi_reactions.json,Yuan_et_al__-_2020_-_An_ultrastable_lithium_metal_anode_enabled_by_desi,low,synthesis,synthesis.steps[3].operations[2],stir,,True,0.86,,"The paper explicitly describes synthesis steps involving stirring, e.g., during NMMF fabrication: NaF solution was added dropwise “with continuous stirring,” followed by “After stirring for 60 min…”. ",
Verified_Yuan_et_al__-_2020_-_An_ultrastable_lithium_metal_anode_enabled_by_desi_reactions.json,Yuan_et_al__-_2020_-_An_ultrastable_lithium_metal_anode_enabled_by_desi,low,synthesis,synthesis.steps[4].operations[0],centrifuge,,True,0.93,,The paper explicitly describes collecting the synthesized NMMF/NMMF@Resin products by centrifugation: “The as-obtained NMMF was collected through centrifugation…” and “were isolated by centrifugation…,
Verified_Yuan_et_al__-_2020_-_An_ultrastable_lithium_metal_anode_enabled_by_desi_reactions.json,Yuan_et_al__-_2020_-_An_ultrastable_lithium_metal_anode_enabled_by_desi,low,synthesis,synthesis.steps[4].operations[1],wash,,True,0.93,,"The paper explicitly describes “washed with water and ethanol” during synthesis. In Materials and Methods (Fabrication of NMMF): “The as-obtained NMMF was collected through centrifugation, washed with",
Verified_Yuan_et_al__-_2020_-_An_ultrastable_lithium_metal_anode_enabled_by_desi_reactions.json,Yuan_et_al__-_2020_-_An_ultrastable_lithium_metal_anode_enabled_by_desi,low,synthesis,synthesis.steps[5].operations[0],carbonize,,True,0.9,,"The paper explicitly describes the synthesis of NMMF@C spansules as including a carbonization step. In the Results section it states the method includes “precipitation of fluorides (NMMF), coating wit",
Verified_Yuan_et_al__-_2020_-_An_ultrastable_lithium_metal_anode_enabled_by_desi_reactions.json,Yuan_et_al__-_2020_-_An_ultrastable_lithium_metal_anode_enabled_by_desi,low,synthesis,synthesis.steps[5].conditions,unknown,,True,0.93,,"The paper explicitly states that the NMMF@C sample was obtained “after the carbonization process at 800°C in Ar atmosphere” (Materials and Methods: Fabrication of NMMF@C), indicating argon was the syn",
Verified_Yuan_et_al__-_2020_-_An_ultrastable_lithium_metal_anode_enabled_by_desi_reactions.json,Yuan_et_al__-_2020_-_An_ultrastable_lithium_metal_anode_enabled_by_desi,low,workflow,workflow.timeline[0],unknown,Dissolution of metal acetates,False,0.92,contradiction_mixed,The paper’s workflow/timeline includes dissolution of magnesium acetate and manganese acetate during NMMF synthesis (“6.4 mmol of magnesium acetate and 1.6 mmol of manganese acetate were successively ,"If the intent is to capture a specific workflow step, use: “6.4 mmol magnesium acetate and 1.6 mmol manganese acetate were successively dissolved in 10 mL water + 10 mL ethanol (Fabrication of NMMF).”"
Verified_Yuan_et_al__-_2020_-_An_ultrastable_lithium_metal_anode_enabled_by_desi_reactions.json,Yuan_et_al__-_2020_-_An_ultrastable_lithium_metal_anode_enabled_by_desi,low,workflow,workflow.timeline[1],unknown,Fluoride precipitation and aging,False,0.74,contradiction_clear,"The paper describes the synthesis workflow for NMMF@C as “precipitation of fluorides (NMMF), coating with resin, and carbonization” (Results, p.2) and provides detailed synthesis steps (Materials and ","If a workflow timeline item is needed, use wording consistent with the text, e.g., “precipitation of fluorides (NMMF), resin coating, and carbonization.” If specifically capturing the hold/aging step,"
Verified_Yuan_et_al__-_2020_-_An_ultrastable_lithium_metal_anode_enabled_by_desi_reactions.json,Yuan_et_al__-_2020_-_An_ultrastable_lithium_metal_anode_enabled_by_desi,low,workflow,workflow.timeline[2],unknown,Isolation and drying of NMMF,False,0.87,,"The paper describes synthesis steps for NMMF and NMMF@C, including collection by centrifugation, washing, and drying (e.g., “finally dried at 60°C for 6 hours”), but it does not explicitly present a w","If the intent is to capture the workflow step, use wording directly supported by the Methods: “The as-obtained NMMF was collected through centrifugation, washed with water and ethanol, and dried at 60"
Verified_Yuan_et_al__-_2020_-_An_ultrastable_lithium_metal_anode_enabled_by_desi_reactions.json,Yuan_et_al__-_2020_-_An_ultrastable_lithium_metal_anode_enabled_by_desi,low,workflow,workflow.timeline[3],unknown,Resin coating of NMMF,False,0.74,contradiction_clear,"The paper explicitly describes the synthesis steps as including “coating with resin” of the NMMF (Page 2, Results) and provides detailed procedure where “NMMF nanocubes coated with resorcinol-formalde","If the field must be ‘Workflow Timeline’, use wording like: “Synthesis step: NMMF precipitation → resorcinol–formaldehyde resin coating (NMMF@Resin) → carbonization to obtain NMMF@C.” If the value is "
Verified_Yuan_et_al__-_2020_-_An_ultrastable_lithium_metal_anode_enabled_by_desi_reactions.json,Yuan_et_al__-_2020_-_An_ultrastable_lithium_metal_anode_enabled_by_desi,low,workflow,workflow.timeline[4],unknown,Isolation of NMMF@Resin,True,0.94,,The Methods section under “Fabrication of NMMF@C” explicitly states: “the obtained NMMF nanocubes coated with resorcinol-formaldehyde resin (NMMF@Resin) were isolated by centrifugation and washed…”. T,
Verified_Yuan_et_al__-_2020_-_An_ultrastable_lithium_metal_anode_enabled_by_desi_reactions.json,Yuan_et_al__-_2020_-_An_ultrastable_lithium_metal_anode_enabled_by_desi,low,workflow,workflow.timeline[5],unknown,Carbonization to form NMMF@C,True,0.92,,"The paper explicitly states that NMMF@C microcubes were synthesized by “precipitation of fluorides (NMMF), coating with resin, and carbonization” (Results, p.2). It also details that after “the carbon",
Verified_Yuan_et_al__-_2020_-_An_ultrastable_lithium_metal_anode_enabled_by_desi_reactions.json,Yuan_et_al__-_2020_-_An_ultrastable_lithium_metal_anode_enabled_by_desi,low,characterization,characterization[0],XRD,XRD,True,0.97,,"Supported. In the Results section under “Characterization of the obtained NMMF@C spansules,” the text explicitly states: “The powder x-ray diffraction (XRD) pattern … (Fig. 2B) indicates that the fluo",
Verified_Yuan_et_al__-_2020_-_An_ultrastable_lithium_metal_anode_enabled_by_desi_reactions.json,Yuan_et_al__-_2020_-_An_ultrastable_lithium_metal_anode_enabled_by_desi,low,characterization,characterization[1],FESEM,FESEM,True,0.95,,The paper explicitly states in the Results section (“Characterization of the obtained NMMF@C spansules”) that the FESEM image shows NMMF cubes with “an average size of ~500 nm (Fig. 2C).” This support,
Verified_Yuan_et_al__-_2020_-_An_ultrastable_lithium_metal_anode_enabled_by_desi_reactions.json,Yuan_et_al__-_2020_-_An_ultrastable_lithium_metal_anode_enabled_by_desi,low,characterization,characterization[2],TEM/HRTEM,TEM/HRTEM,True,0.98,,"Supported by the text describing Fig. 2E and Fig. 2F. The paper states: HRTEM image shows an interplanar distance of 3.4 Å (inset of Fig. 2E), which equals 0.34 nm. It also states the shell thickness ",
Verified_Yuan_et_al__-_2020_-_An_ultrastable_lithium_metal_anode_enabled_by_desi_reactions.json,Yuan_et_al__-_2020_-_An_ultrastable_lithium_metal_anode_enabled_by_desi,low,characterization,characterization[3],ICP-MS,ICP-MS,True,0.96,,"The main text explicitly states: “The results show that the mass loss of the NMMF@C is nearly linear as a function of time, with a calculated mass loss rate of ~0.06 weight % (wt %) h−1,” and ties thi",
Verified_Yuan_et_al__-_2020_-_An_ultrastable_lithium_metal_anode_enabled_by_desi_reactions.json,Yuan_et_al__-_2020_-_An_ultrastable_lithium_metal_anode_enabled_by_desi,low,characterization,characterization[4],Cryo-TEM,Cryo-TEM,False,0.78,contradiction_clear,Fig. 4 (cryo-TEM/HRTEM) supports that the SEI on NMMF@C-modified Cu exhibits a *bilayered* structure with Li2O-based inner/outer layers and that LiF nanograins are detected in the inner SEI layer; it ,"Update SEI structure to something explicitly supported, e.g., ""Li2O-involved bilayer SEI with LiF nanograins (LiF-rich SEI compared to bare Cu)"". For metallic grains, set value to ""Metallic Na, Mg, an"
Verified_Yuan_et_al__-_2020_-_An_ultrastable_lithium_metal_anode_enabled_by_desi_reactions.json,Yuan_et_al__-_2020_-_An_ultrastable_lithium_metal_anode_enabled_by_desi,low,analysis,analysis.methods[0],unknown,,False,0.83,,"The extracted value for “Analysis Method” is empty, but the paper explicitly states multiple analysis/characterization methods. For the alleged provenance (Fig. 5A), the text describes Fig. 5A as “CE ",Electrochemical Coulombic efficiency (CE) measurement (Li plating/stripping; CE vs cycle number plot in Fig. 5A).
Verified_Yuan_et_al__-_2020_-_An_ultrastable_lithium_metal_anode_enabled_by_desi_reactions.json,Yuan_et_al__-_2020_-_An_ultrastable_lithium_metal_anode_enabled_by_desi,low,analysis,analysis.methods[1],unknown,,False,0.9,contradiction_clear,"The extracted value for “Analysis Method” is blank. Figure 6C (and surrounding text) describes long-term cycling performance of full cells (capacity vs. cycle number), which implies galvanostatic cycl","If the intent is to capture the method behind Fig. 6C, use: “Galvanostatic charge/discharge cycling (battery cycling test) at 1 C (full cell)” (as described in the paragraph referencing Fig. 6C). Othe"
Verified_Yuan_et_al__-_2020_-_An_ultrastable_lithium_metal_anode_enabled_by_desi_reactions.json,Yuan_et_al__-_2020_-_An_ultrastable_lithium_metal_anode_enabled_by_desi,low,final_outcomes,final_outcomes,unknown,,True,0.95,,The paper explicitly reports cycling over 1000 cycles. Page 1 states: “high Coulombic efficiency of 98% for over 1000 cycles at a current density of 2 mA cm−2.” Page 5 similarly states: “achieves a hi,
Verified_Zhang_et_al__-_2018_-_Lithiophilic-lithiophobic_gradient_interfacial_lay_reactions.json,Zhang_et_al__-_2018_-_Lithiophilic-lithiophobic_gradient_interfacial_lay,low,targets,targets[0],target_1,ZnO/CNT nanocomposite,False,0.76,,"The extracted value for “Target Formula” is blank, but the paper clearly specifies material compositions/formulas used (e.g., ZnO, CNT, ZnO/CNT, LiTFSI, LiNO3, DOL/DME). Since the document does contai","If “Target Formula” refers to the target interfacial-layer material, use “ZnO/CNT (GZCNT gradient layer: ZnO-coated CNT + CNT)”. If it refers to the ZnO/CNT composite, use “ZnO/CNT”. If it refers to t"
Verified_Zhang_et_al__-_2018_-_Lithiophilic-lithiophobic_gradient_interfacial_lay_reactions.json,Zhang_et_al__-_2018_-_Lithiophilic-lithiophobic_gradient_interfacial_lay,low,targets,targets[1],target_2,GZCNT interfacial layer,False,0.92,,"The extracted value for “Target Formula” is blank, but the paper clearly specifies material compositions/formulas such as ZnO/CNT (zinc oxide/carbon nanotube), CNT, graphene, and the gradient structur","If “Target Formula” refers to the interfacial layer material: GZCNT (gradient ZnO/CNT + CNT; i.e., ZnO/CNT and CNT layers). If a chemical formula is required: ZnO (with CNT composite), not a single st"
Verified_Zhang_et_al__-_2018_-_Lithiophilic-lithiophobic_gradient_interfacial_lay_reactions.json,Zhang_et_al__-_2018_-_Lithiophilic-lithiophobic_gradient_interfacial_lay,low,targets,targets[2],target_3,Electrospun PI fiber mat,False,0.9,,"The extracted value for “Target Formula” is blank, but the paper explicitly specifies multiple material formulas/compositions in the Methods and throughout (e.g., ZnO/CNT, LiTFSI, LiNO3, DOL/DME elect","Specify the intended target material formula. If the target is the gradient interfacial layer, use “GZCNT (gradient ZnO/CNT + CNT; i.e., ZnO/CNT/CNT composite layer)”. If the target is the ZnO/CNT com"
Verified_Zhang_et_al__-_2018_-_Lithiophilic-lithiophobic_gradient_interfacial_lay_reactions.json,Zhang_et_al__-_2018_-_Lithiophilic-lithiophobic_gradient_interfacial_lay,low,targets,targets[3],target_4,GZF interfacial layer,False,0.82,contradiction_clear,"The extracted value for “Target Formula” is empty, but the paper clearly specifies target/composition formulas used for the interfacial layer, notably ZnO/CNT (zinc oxide/carbon nanotube) and the grad",ZnO/CNT (zinc oxide/carbon nanotube); gradient layer: GZCNT (gradient ZnO-coated CNT)
Verified_Zhang_et_al__-_2018_-_Lithiophilic-lithiophobic_gradient_interfacial_lay_reactions.json,Zhang_et_al__-_2018_-_Lithiophilic-lithiophobic_gradient_interfacial_lay,low,chemicals,chemicals[0],chem_1,carbon nanotube,False,0.92,,"The paper mentions CNT (carbon nanotubes) as a starting material and describes preparing CNT suspensions (0.2 wt% in DOL) dripped onto Li foil with 100 μL cm−2, resulting in an areal mass loading of 0","Carbon nanotube amount is not given as 0.04 g. If an amount must be captured, the text supports: CNT suspension concentration 0.2 wt% in DOL; drip volume 100 μL cm−2; resulting mass loading 0.2 mg cm−"
Verified_Zhang_et_al__-_2018_-_Lithiophilic-lithiophobic_gradient_interfacial_lay_reactions.json,Zhang_et_al__-_2018_-_Lithiophilic-lithiophobic_gradient_interfacial_lay,low,chemicals,chemicals[1],chem_2,zinc acetate dihydrate,False,0.72,,"In the Methods section, the paper states: “40.0 mg CNT and 116.0 mg Zn(OAc)2·2H2O were dissolved into 25 mL ethanol…”. Thus the chemical identity (zinc acetate dihydrate, i.e., Zn(OAc)2·2H2O) is corre",zinc acetate dihydrate (Zn(OAc)2·2H2O) | Amount: 0.1160 g (116.0 mg)
Verified_Zhang_et_al__-_2018_-_Lithiophilic-lithiophobic_gradient_interfacial_lay_reactions.json,Zhang_et_al__-_2018_-_Lithiophilic-lithiophobic_gradient_interfacial_lay,low,chemicals,chemicals[2],chem_3,lithium hydroxide monohydrate,True,0.97,,"In the Methods section, the ZnO/CNT synthesis explicitly states: “46.0 mg LiOH·H2O was immersed into 25 mL ethanol to get solution B.” This corresponds to lithium hydroxide monohydrate (LiOH·H2O) with",
Verified_Zhang_et_al__-_2018_-_Lithiophilic-lithiophobic_gradient_interfacial_lay_reactions.json,Zhang_et_al__-_2018_-_Lithiophilic-lithiophobic_gradient_interfacial_lay,low,chemicals,chemicals[3],chem_4,ethanol,True,0.93,,"In the Methods section under “Preparation of Li foils coated with interfacial layers”, the paper explicitly states that ethanol was used as the solvent and that solution A was prepared by dissolving 4",
Verified_Zhang_et_al__-_2018_-_Lithiophilic-lithiophobic_gradient_interfacial_lay_reactions.json,Zhang_et_al__-_2018_-_Lithiophilic-lithiophobic_gradient_interfacial_lay,low,chemicals,chemicals[4],chem_5,"1,3-dioxolane",False,0.85,contradiction_mixed,"The paper explicitly mentions 1,3-dioxolane (DOL) as the solvent used to disperse CNT/ZnO-CNT/graphene etc. at 0.2 wt% (e.g., 'disperse them in 1,3-dioxolane (DOL) with a concentration of 0.2 wt%') an","1,3-dioxolane (DOL) | Amount: used as dispersion solvent at 0.2 wt% (materials dispersed in DOL at 0.2 wt%); also used in electrolyte as 1:1 w/w DOL/DME."
Verified_Zhang_et_al__-_2018_-_Lithiophilic-lithiophobic_gradient_interfacial_lay_reactions.json,Zhang_et_al__-_2018_-_Lithiophilic-lithiophobic_gradient_interfacial_lay,low,chemicals,chemicals[5],chem_6,lithium metal foil,True,0.9,false_positive_suspect,"The paper repeatedly states the substrate/anode as “Li foil” (lithium foil) and describes coating suspensions onto “the Li foils” (e.g., Pages 2–3 and Methods on Page 9: “dripped the suspensions onto ",
Verified_Zhang_et_al__-_2018_-_Lithiophilic-lithiophobic_gradient_interfacial_lay_reactions.json,Zhang_et_al__-_2018_-_Lithiophilic-lithiophobic_gradient_interfacial_lay,low,chemicals,chemicals[6],chem_7,graphene,False,0.9,,"The paper explicitly specifies the amount (areal mass loading) for the graphene interfacial layer. In the “Properties of Li foils with various interfacial layers” section, it states the suspensions we",graphene | Amount: 0.2 mg cm–2 (areal mass loading of the graphene interfacial layer)
Verified_Zhang_et_al__-_2018_-_Lithiophilic-lithiophobic_gradient_interfacial_lay_reactions.json,Zhang_et_al__-_2018_-_Lithiophilic-lithiophobic_gradient_interfacial_lay,low,chemicals,chemicals[7],chem_8,carbon black,False,0.9,,"The paper explicitly specifies the amount used for carbon black interfacial layers. In the Results/Methods description of interfacial layer fabrication, carbon black is dispersed in DOL at 0.2 wt%, dr","carbon black | Amount: 0.2 mg cm−2 areal mass loading (prepared from 0.2 wt% dispersion, 100 μL cm−2 dripped)."
Verified_Zhang_et_al__-_2018_-_Lithiophilic-lithiophobic_gradient_interfacial_lay_reactions.json,Zhang_et_al__-_2018_-_Lithiophilic-lithiophobic_gradient_interfacial_lay,low,chemicals,chemicals[8],chem_9,carbon fiber,False,0.9,,"The paper explicitly states that carbon fiber is used and provides an explicit amount/mass loading for the interfacial layers made from CNT, ZnO/CNT, graphene, carbon black, or carbon fiber. It says t",carbon fiber | Amount: 0.2 mg cm–2 (areal mass loading of the carbon-fiber interfacial layer; prepared by dripping 100 μL cm–2 of a 0.2 wt% suspension)
Verified_Zhang_et_al__-_2018_-_Lithiophilic-lithiophobic_gradient_interfacial_lay_reactions.json,Zhang_et_al__-_2018_-_Lithiophilic-lithiophobic_gradient_interfacial_lay,low,chemicals,chemicals[9],chem_10,lithium bis(trifluoromethanesulfonyl)imide,False,0.92,,"The paper explicitly specifies the amount (concentration) of lithium bis(trifluoromethanesulfonyl)imide (LiTFSI) in the electrolyte as 0.6 M, e.g., “0.6 M lithium bis(trifluoromethanesulfonyl)imide (L","lithium bis(trifluoromethanesulfonyl)imide (LiTFSI) | Amount: 0.6 M (in electrolyte, with 0.4 M LiNO3 in 1:1 w/w DOL/DME)"
Verified_Zhang_et_al__-_2018_-_Lithiophilic-lithiophobic_gradient_interfacial_lay_reactions.json,Zhang_et_al__-_2018_-_Lithiophilic-lithiophobic_gradient_interfacial_lay,low,chemicals,chemicals[10],chem_11,lithium nitrate,False,0.95,,The paper explicitly specifies the amount/concentration of lithium nitrate in the electrolyte: “0.6 M LiTFSI and 0.4 M LiNO3 in 1:1 w/w DOL/DME” (also repeated in Methods under Electrochemical measure,lithium nitrate (LiNO3) | Amount: 0.4 M (in electrolyte; 0.6 M LiTFSI + 0.4 M LiNO3 in 1:1 w/w DOL/DME)
Verified_Zhang_et_al__-_2018_-_Lithiophilic-lithiophobic_gradient_interfacial_lay_reactions.json,Zhang_et_al__-_2018_-_Lithiophilic-lithiophobic_gradient_interfacial_lay,low,chemicals,chemicals[11],chem_12,"1,2-dimethoxyethane",False,0.93,contradiction_clear,"The paper explicitly mentions dimethoxyethane (DME) as part of the electrolyte solvent system (e.g., “1:1 w/w DOL/dimethoxyethane (DME)” and “DOL/DME” in the Methods and Results). However, it does not",Dimethoxyethane (DME) | Amount: used as electrolyte solvent in 1:1 w/w DOL/DME (with 0.6 M LiTFSI and 0.4 M LiNO3).
Verified_Zhang_et_al__-_2018_-_Lithiophilic-lithiophobic_gradient_interfacial_lay_reactions.json,Zhang_et_al__-_2018_-_Lithiophilic-lithiophobic_gradient_interfacial_lay,low,chemicals,chemicals[12],chem_13,polyimide,False,0.92,,The paper does mention polyimide (PI) explicitly in Methods in the electrospun fiber preparation: a homogeneous polyimide (PI) solution (15 wt%) was made by dissolving PI powder (DuPont CP-0650) in N-,polyimide (PI) | Amount: PI solution concentration 15 wt% (PI powder DuPont CP-0650); electrospun PI matrix areal loading 4 mg cm–2 (thickness ~20 µm).
Verified_Zhang_et_al__-_2018_-_Lithiophilic-lithiophobic_gradient_interfacial_lay_reactions.json,Zhang_et_al__-_2018_-_Lithiophilic-lithiophobic_gradient_interfacial_lay,low,chemicals,chemicals[13],chem_14,N-methyl-2-pyrrolidone,False,0.92,contradiction_mixed,The paper explicitly mentions N-methyl-2-pyrrolidone (NMP) in the Methods section for preparing the polyimide (PI) electrospinning solution: PI powder was dissolved in N-methyl-2-pyrrolidone while sti,N-methyl-2-pyrrolidone | Amount: used as solvent to make a 15 wt% polyimide solution (exact NMP volume not specified)
Verified_Zhang_et_al__-_2018_-_Lithiophilic-lithiophobic_gradient_interfacial_lay_reactions.json,Zhang_et_al__-_2018_-_Lithiophilic-lithiophobic_gradient_interfacial_lay,low,chemicals,chemicals[14],chem_15,argon,False,0.86,contradiction_clear,"The paper explicitly mentions argon used in multiple contexts with specified conditions (e.g., “Ar-filled glove box” and “RF magnetron sputtering system … under argon with high purity for 40 min”). Th",argon | Amount: 40 min (RF magnetron sputtering under high-purity argon)
Verified_Zhang_et_al__-_2018_-_Lithiophilic-lithiophobic_gradient_interfacial_lay_reactions.json,Zhang_et_al__-_2018_-_Lithiophilic-lithiophobic_gradient_interfacial_lay,low,chemicals,chemicals[15],chem_17,poly(vinylidene fluoride) fiber,False,0.93,,"The paper does mention PVDF in the Methods, specifically as “electrospun PVDF fiber (purchased from China Nano Technology Co., Ltd.)” used to prepare the GZF layer. However, the extracted chemical ide","Chemical identity: electrospun PVDF fiber (PVDF, as written). Amount: not specified for the PVDF fiber in the text (no mass loading/thickness given); only deposition parameters for ZnO are given."
Verified_Zhang_et_al__-_2018_-_Lithiophilic-lithiophobic_gradient_interfacial_lay_reactions.json,Zhang_et_al__-_2018_-_Lithiophilic-lithiophobic_gradient_interfacial_lay,low,synthesis,synthesis.steps[0].operations[0],heat,,False,0.72,,"The paper does not describe a synthesis operation simply as ""heat"". While it does include heating steps (e.g., drying materials at 120 °C in vacuum for 2 h; drying coated foils on a hot plate at 80 °C","Use a more specific operation such as ""drying (hot plate)"" and/or include the main fabrication operation: ""dripping/drop-casting (followed by drying)"". If only one term is allowed: ""dripping (drop-cas"
Verified_Zhang_et_al__-_2018_-_Lithiophilic-lithiophobic_gradient_interfacial_lay_reactions.json,Zhang_et_al__-_2018_-_Lithiophilic-lithiophobic_gradient_interfacial_lay,low,synthesis,synthesis.steps[1].operations[0],dissolve,,False,0.78,,"The paper discusses lithium ""deposition/dissolution"" (electrochemical stripping/plating) and describes fabrication steps such as drying, dispersing, stirring, dripping, and (in Methods) that CNT and Z","If referring to the main interfacial-layer coating process: use ""disperse"" (materials dispersed in DOL) and/or ""drip-coat""/""dripping"" and ""dry"". If referring specifically to ZnO/CNT synthesis: use ""di"
Verified_Zhang_et_al__-_2018_-_Lithiophilic-lithiophobic_gradient_interfacial_lay_reactions.json,Zhang_et_al__-_2018_-_Lithiophilic-lithiophobic_gradient_interfacial_lay,low,synthesis,synthesis.steps[2].operations[0],dissolve,,False,0.78,,"The paper discusses Li stripping/plating deposition/dissolution processes and describes preparation steps such as drying, dispersing, stirring, dripping, filtering, washing, and drying. It uses the wo",disperse (in DOL)
Verified_Zhang_et_al__-_2018_-_Lithiophilic-lithiophobic_gradient_interfacial_lay_reactions.json,Zhang_et_al__-_2018_-_Lithiophilic-lithiophobic_gradient_interfacial_lay,low,synthesis,synthesis.steps[3].operations[0],add,,False,0.92,,"The paper describes fabrication steps using verbs like “dripping”, “disperse”, “dripped onto”, “dry”, “heated”, “dissolved”, “washed”, etc., but it does not explicitly state a synthesis operation name","drip (e.g., “dripped/dripping”); alternatively “disperse” or “dissolve” depending on the intended step."
Verified_Zhang_et_al__-_2018_-_Lithiophilic-lithiophobic_gradient_interfacial_lay_reactions.json,Zhang_et_al__-_2018_-_Lithiophilic-lithiophobic_gradient_interfacial_lay,low,synthesis,synthesis.steps[4].operations[0],filter,,False,0.77,,"The paper describes preparation steps including drying materials, dispersing in DOL, dripping suspensions onto Li foil, drying on a hot plate, and explicitly states ZnO/CNT nanocomposite was collected","If referring to ZnO/CNT powder synthesis: “filtration/filtrating (collect after filtrating, washing, and drying)”. If referring to Li-foil interfacial layer fabrication: remove “filter” (operations ar"
Verified_Zhang_et_al__-_2018_-_Lithiophilic-lithiophobic_gradient_interfacial_lay_reactions.json,Zhang_et_al__-_2018_-_Lithiophilic-lithiophobic_gradient_interfacial_lay,low,synthesis,synthesis.steps[4].operations[1],wash,,True,0.74,,"The paper explicitly describes a washing step during synthesis of ZnO/CNT: “the ZnO/CNT nanocomposite … was collected after filtrating, washing, and drying at 180 °C for 12 h” (Methods, p.9). This sup",
Verified_Zhang_et_al__-_2018_-_Lithiophilic-lithiophobic_gradient_interfacial_lay_reactions.json,Zhang_et_al__-_2018_-_Lithiophilic-lithiophobic_gradient_interfacial_lay,low,synthesis,synthesis.steps[4].operations[2],dry,,True,0.9,,The paper explicitly describes multiple drying steps in the fabrication of the interfacial layers: “We first dry these materials in vacuum at 120 °C for 2 h…” and later “drip the suspensions onto the ,
Verified_Zhang_et_al__-_2018_-_Lithiophilic-lithiophobic_gradient_interfacial_lay_reactions.json,Zhang_et_al__-_2018_-_Lithiophilic-lithiophobic_gradient_interfacial_lay,low,synthesis,synthesis.steps[5].operations[0],dry,,True,0.78,,"The paper explicitly describes drying steps in the synthesis/fabrication procedure, e.g., “dry these materials in vacuum at 120 °C for 2 h” and later “dripped … onto the Li foils … and then dry using ",
Verified_Zhang_et_al__-_2018_-_Lithiophilic-lithiophobic_gradient_interfacial_lay_reactions.json,Zhang_et_al__-_2018_-_Lithiophilic-lithiophobic_gradient_interfacial_lay,low,synthesis,synthesis.steps[6].operations[0],disperse,,True,0.72,,"The paper explicitly uses the verb “disperse” as a synthesis/fabrication operation when preparing suspensions for coating Li foils: the authors “disperse them in 1,3-dioxolane (DOL) with a concentrati",
Verified_Zhang_et_al__-_2018_-_Lithiophilic-lithiophobic_gradient_interfacial_lay_reactions.json,Zhang_et_al__-_2018_-_Lithiophilic-lithiophobic_gradient_interfacial_lay,low,synthesis,synthesis.steps[6].conditions,unknown,,True,0.95,,The paper explicitly states that materials were moved into an “Ar-filled glove box” for interfacial layer preparation (Page 2: “move them into an Ar-filled glove box”) and also notes ZnO sputtering pe,
Verified_Zhang_et_al__-_2018_-_Lithiophilic-lithiophobic_gradient_interfacial_lay_reactions.json,Zhang_et_al__-_2018_-_Lithiophilic-lithiophobic_gradient_interfacial_lay,low,synthesis,synthesis.steps[7].operations[0],coat,,True,0.74,,"The paper explicitly describes preparing Li foils with interfacial layers by dripping CNT/ZnO-CNT/etc. suspensions onto Li foil and drying, and repeatedly refers to “Li foils coated with” various laye",
Verified_Zhang_et_al__-_2018_-_Lithiophilic-lithiophobic_gradient_interfacial_lay_reactions.json,Zhang_et_al__-_2018_-_Lithiophilic-lithiophobic_gradient_interfacial_lay,low,synthesis,synthesis.steps[7].operations[1],dry,,True,0.89,,The paper explicitly describes drying as a step in the fabrication/synthesis procedure. In the Results section (Page 2) they state: “We first dry these materials in vacuum at 120 °C for 2 h…” and late,
Verified_Zhang_et_al__-_2018_-_Lithiophilic-lithiophobic_gradient_interfacial_lay_reactions.json,Zhang_et_al__-_2018_-_Lithiophilic-lithiophobic_gradient_interfacial_lay,low,synthesis,synthesis.steps[7].conditions,unknown,,True,0.91,,"The paper explicitly states that key preparation steps were conducted in an Ar-filled glove box (e.g., Page 2: “move them into an Ar-filled glove box” before dripping suspensions onto Li foils; Page 9",
Verified_Zhang_et_al__-_2018_-_Lithiophilic-lithiophobic_gradient_interfacial_lay_reactions.json,Zhang_et_al__-_2018_-_Lithiophilic-lithiophobic_gradient_interfacial_lay,low,synthesis,synthesis.steps[8].operations[0],prepare_suspensions,,True,0.86,,"The paper explicitly describes dispersing materials in DOL to form a suspension and then “drip the suspensions onto the Li foils …” (Results section, p.2) and repeats in Methods (p.9): “dispersed them",
Verified_Zhang_et_al__-_2018_-_Lithiophilic-lithiophobic_gradient_interfacial_lay_reactions.json,Zhang_et_al__-_2018_-_Lithiophilic-lithiophobic_gradient_interfacial_lay,low,synthesis,synthesis.steps[8].operations[1],sequential_drip_coat,,True,0.93,,"The paper explicitly describes fabricating the interfacial layers by “drip[ping] the suspensions onto the Li foils … by a pipette and then dry[ing]” (page 2, Fig. 2 caption and surrounding text) and f",
Verified_Zhang_et_al__-_2018_-_Lithiophilic-lithiophobic_gradient_interfacial_lay_reactions.json,Zhang_et_al__-_2018_-_Lithiophilic-lithiophobic_gradient_interfacial_lay,low,synthesis,synthesis.steps[8].operations[2],dry,,True,0.87,,The paper explicitly describes drying steps in the synthesis/fabrication of the interfacial-layer-coated Li foils: materials are “first dry… in vacuum at 120 °C for 2 h” and later the coated foils are,
Verified_Zhang_et_al__-_2018_-_Lithiophilic-lithiophobic_gradient_interfacial_lay_reactions.json,Zhang_et_al__-_2018_-_Lithiophilic-lithiophobic_gradient_interfacial_lay,low,synthesis,synthesis.steps[8].conditions,unknown,,True,0.92,,"The paper explicitly states that the materials (CNT, ZnO/CNT, graphene, carbon black, carbon fiber) were moved into an “Ar-filled glove box” for preparation of the interfacial layers (Results section ",
Verified_Zhang_et_al__-_2018_-_Lithiophilic-lithiophobic_gradient_interfacial_lay_reactions.json,Zhang_et_al__-_2018_-_Lithiophilic-lithiophobic_gradient_interfacial_lay,low,synthesis,synthesis.steps[9].operations[0],dissolve,,False,0.78,,"The paper frequently discusses lithium stripping/plating as “deposition or dissolution processes,” but it does not describe a synthesis step/operation as “dissolve” (as an imperative operation). The e","Use “disperse” (e.g., “disperse in DOL by stirring”) for the interfacial-layer coating preparation; or, if referring specifically to ZnO/CNT precursor preparation, specify “dissolve CNT and Zn(OAc)2·2"
Verified_Zhang_et_al__-_2018_-_Lithiophilic-lithiophobic_gradient_interfacial_lay_reactions.json,Zhang_et_al__-_2018_-_Lithiophilic-lithiophobic_gradient_interfacial_lay,low,synthesis,synthesis.steps[9].operations[1],electrospin,,False,0.93,,"The paper describes fabrication of interfacial layers by dispersing CNT/graphene/ZnO-CNT in DOL and drip-coating onto Li foil, followed by drying. It mentions electrospun fibers, but only as a separat",drip-coating (dripping suspensions onto Li foil)
Verified_Zhang_et_al__-_2018_-_Lithiophilic-lithiophobic_gradient_interfacial_lay_reactions.json,Zhang_et_al__-_2018_-_Lithiophilic-lithiophobic_gradient_interfacial_lay,low,synthesis,synthesis.steps[9].operations[2],dry,,True,0.83,,The paper explicitly describes drying steps as part of the fabrication of interfacial-layer-coated Li foils: the starting materials are “first dry … in vacuum at 120 °C for 2 h” and after dripping ont,
Verified_Zhang_et_al__-_2018_-_Lithiophilic-lithiophobic_gradient_interfacial_lay_reactions.json,Zhang_et_al__-_2018_-_Lithiophilic-lithiophobic_gradient_interfacial_lay,low,synthesis,synthesis.steps[10].operations[0],sputter_deposit,,False,0.95,,The paper describes fabrication of interfacial layers by dispersing CNT/ZnO-CNT/graphene etc. in DOL and drip-coating onto Li foil followed by drying (a solution casting/dripping process). It also men,"drip_coat (solution dripping/solution casting) + dry (hot-plate drying); note: sputter_deposit applies only to ZnO deposition on electrospun PVDF fiber for the GZF layer, not the GZCNT layer."
Verified_Zhang_et_al__-_2018_-_Lithiophilic-lithiophobic_gradient_interfacial_lay_reactions.json,Zhang_et_al__-_2018_-_Lithiophilic-lithiophobic_gradient_interfacial_lay,low,synthesis,synthesis.steps[10].operations[1],ALD,,False,0.97,contradiction_clear,"The paper describes fabrication of interfacial layers by dispersing CNT/ZnO-CNT/graphene etc. in DOL and dripping onto Li foil, drying, plus ZnO/CNT made by chemical precipitation and electrospun fibe","Use ""solution dripping/coating (drop-casting) and drying in glovebox"" as the synthesis operation for GZCNT; include ""chemical precipitation"" for ZnO/CNT preparation. If referring specifically to GZF, "
Verified_Zhang_et_al__-_2018_-_Lithiophilic-lithiophobic_gradient_interfacial_lay_reactions.json,Zhang_et_al__-_2018_-_Lithiophilic-lithiophobic_gradient_interfacial_lay,low,workflow,workflow.timeline[0],unknown,CNT pre-annealing,False,0.74,contradiction_mixed,"The paper does mention a heat treatment (annealing) step for CNT: “The CNT … were all heated at 1500 °C for 2 h to remove the nitrogen functional groups…” (Methods, Page 9). However, the extracted wor","Replace with an explicit step from the text, e.g., “CNT heated (annealed) at 1500 °C for 2 h before use (to remove nitrogen functional groups and enhance graphitization).”"
Verified_Zhang_et_al__-_2018_-_Lithiophilic-lithiophobic_gradient_interfacial_lay_reactions.json,Zhang_et_al__-_2018_-_Lithiophilic-lithiophobic_gradient_interfacial_lay,low,workflow,workflow.timeline[1],unknown,Make solution A,False,0.82,,"The phrase ""Make solution A"" does not appear anywhere in the provided paper text. While the Methods section describes preparing “solution A” (""40.0 mg CNT and 116.0 mg Zn(OAc)2·2H2O were dissolved int","If the intent is to capture the workflow step from Methods: ""Prepare solution A by dissolving 40.0 mg CNT and 116.0 mg Zn(OAc)2·2H2O in 25 mL ethanol."""
Verified_Zhang_et_al__-_2018_-_Lithiophilic-lithiophobic_gradient_interfacial_lay_reactions.json,Zhang_et_al__-_2018_-_Lithiophilic-lithiophobic_gradient_interfacial_lay,low,workflow,workflow.timeline[2],unknown,Make solution B,False,0.76,,"The phrase ""Make solution B"" does not appear anywhere in the provided paper text. The Methods section describes preparing “solution B” (""46.0 mg LiOH·H2O was immersed into 25 mL ethanol to get solutio",Prepare solution B by immersing 46.0 mg LiOH·H2O into 25 mL ethanol (Methods: ZnO/CNT synthesis).
Verified_Zhang_et_al__-_2018_-_Lithiophilic-lithiophobic_gradient_interfacial_lay_reactions.json,Zhang_et_al__-_2018_-_Lithiophilic-lithiophobic_gradient_interfacial_lay,low,workflow,workflow.timeline[3],unknown,Precipitate ZnO on CNT,False,0.74,contradiction_clear,"The paper describes forming a ZnO/CNT (zinc oxide on carbon nanotubes) composite via a chemical precipitation method, and then dripping ZnO/CNT and CNT suspensions layer-by-layer onto Li foil to creat","Synthesize ZnO/CNT by a chemical precipitation method (using Zn(OAc)2·2H2O, LiOH·H2O in ethanol; then filtrate/wash/dry), then drip ZnO/CNT and CNT suspensions layer-by-layer onto Li foil to form GZCN"
Verified_Zhang_et_al__-_2018_-_Lithiophilic-lithiophobic_gradient_interfacial_lay_reactions.json,Zhang_et_al__-_2018_-_Lithiophilic-lithiophobic_gradient_interfacial_lay,low,workflow,workflow.timeline[4],unknown,Collect ZnO/CNT nanocomposite,False,0.9,,"The phrase/event “Collect ZnO/CNT nanocomposite” is not stated as a workflow/timeline step anywhere in the provided paper text. The closest matching sentence is in Methods: “Subsequently, the ZnO/CNT ","If the field is meant to capture the experimental step, use: “ZnO/CNT nanocomposite was collected after filtrating, washing, and drying at 180 °C for 12 h.”"
Verified_Zhang_et_al__-_2018_-_Lithiophilic-lithiophobic_gradient_interfacial_lay_reactions.json,Zhang_et_al__-_2018_-_Lithiophilic-lithiophobic_gradient_interfacial_lay,low,workflow,workflow.timeline[5],unknown,Create gradient GZCNT layer on Li foil,True,0.89,,The paper explicitly describes creating a gradient ZnO/CNT–CNT (GZCNT) interfacial layer on Li foil: it states they developed the gradient strategy “by dripping carbon nanotubes (CNT) with various ZnO,
Verified_Zhang_et_al__-_2018_-_Lithiophilic-lithiophobic_gradient_interfacial_lay_reactions.json,Zhang_et_al__-_2018_-_Lithiophilic-lithiophobic_gradient_interfacial_lay,low,characterization,characterization[0],EIS,EIS,True,0.97,,"The paper explicitly states the RSEI values for pristine symmetric cells in the Results section describing Fig. 3a,b: “the blank cell has a large RSEI (242 Ω) relative to cells with Li foils coated by",
Verified_Zhang_et_al__-_2018_-_Lithiophilic-lithiophobic_gradient_interfacial_lay_reactions.json,Zhang_et_al__-_2018_-_Lithiophilic-lithiophobic_gradient_interfacial_lay,low,characterization,characterization[1],EIS,EIS,True,0.97,,"The text on Page 6 describing Fig. 6e–f explicitly states: “The RSEI of the CNT-coated cell increased to 158 Ω, while that of the GZCNT-coated cell decreased to 30 Ω (Fig. 6f)” after 500 cycles. These",
Verified_Zhang_et_al__-_2018_-_Lithiophilic-lithiophobic_gradient_interfacial_lay_reactions.json,Zhang_et_al__-_2018_-_Lithiophilic-lithiophobic_gradient_interfacial_lay,low,characterization,characterization[2],EIS (pouch cell),EIS (pouch cell),True,0.97,,"Page 7 explicitly reports the pouch-cell EIS-derived RSEI values: “The GZCNT cell obtained a lower RSEI of 2.46 Ω, which decreased slightly to 2.21 Ω after 200 cycles. By contrast, the RSEI of blank …",
Verified_Zhang_et_al__-_2018_-_Lithiophilic-lithiophobic_gradient_interfacial_lay_reactions.json,Zhang_et_al__-_2018_-_Lithiophilic-lithiophobic_gradient_interfacial_lay,low,analysis,analysis.methods[0],unknown,,False,0.2,,"The extracted value for “Analysis Method” is blank. The paper explicitly describes multiple analysis/characterization methods used (e.g., SEM, TEM/HRTEM/SAED, XPS, Raman spectroscopy, XRD, TGA, EIS/im","Populate “Analysis Method” with the methods explicitly listed in the Methods/Results, e.g., SEM (with EDX mapping), TEM/HRTEM (SAED), XPS, Raman spectroscopy, XRD, TGA, AFM, N2 adsorption (BET) + merc"
Verified_Zhang_et_al__-_2018_-_Lithiophilic-lithiophobic_gradient_interfacial_lay_reactions.json,Zhang_et_al__-_2018_-_Lithiophilic-lithiophobic_gradient_interfacial_lay,low,analysis,analysis.methods[1],unknown,,False,0.93,,"The extracted value for “Analysis Method” is blank. The paper explicitly describes multiple analysis/characterization methods (e.g., SEM/EDX, TEM, XPS, Raman spectroscopy, XRD, TGA, AFM for Young’s mo","Populate “Analysis Method” with the methods explicitly listed in the paper, e.g., SEM (with EDX mapping/spectra), TEM/HRTEM/SAED, XPS, Raman spectroscopy, XRD, TGA, AFM (Young’s modulus), N2 adsorptio"
Verified_Zhang_et_al__-_2022_-_Compositionally_complex_doping_for_zero-strain_zer_reactions.json,Zhang_et_al__-_2022_-_Compositionally_complex_doping_for_zero-strain_zer,low,targets,targets[0],target_1,HE-LNMO,True,0.98,,The paper explicitly states the developed zero-Co layered cathode composition as “LiNi0.8Mn0.13Ti0.02Mg0.02Nb0.01Mo0.02O2 (HE-LNMO)” in the main text (Page 2). The same formula is reiterated as the de,
Verified_Zhang_et_al__-_2022_-_Compositionally_complex_doping_for_zero-strain_zer_reactions.json,Zhang_et_al__-_2022_-_Compositionally_complex_doping_for_zero-strain_zer,low,targets,targets[1],target_2,Ni0.8Mn0.13Ti0.02Mg0.02Nb0.01Mo0.02(OH)2,False,0.98,,"The Methods section explicitly gives the hydroxide precursor formula as “Ni0.8Mn0.13Ti0.02Mg0.02Nb0.01Mo0.02(OH)2”. The extracted value includes an additional leading “Li” (i.e., “LiNi0.8...”), which ",Ni0.8Mn0.13Ti0.02Mg0.02Nb0.01Mo0.02(OH)2
Verified_Zhang_et_al__-_2022_-_Compositionally_complex_doping_for_zero-strain_zer_reactions.json,Zhang_et_al__-_2022_-_Compositionally_complex_doping_for_zero-strain_zer,low,targets,targets[2],target_3,HE-Ni90,True,0.98,,The paper explicitly lists this exact target composition in the “Generality and transferrability” section: “HE-Ni90 with the composition of LiNi0.9Mn0.03Ti0.02Mg0.02Mo0.02Nb0.01O2”. This matches the e,
Verified_Zhang_et_al__-_2022_-_Compositionally_complex_doping_for_zero-strain_zer_reactions.json,Zhang_et_al__-_2022_-_Compositionally_complex_doping_for_zero-strain_zer,low,targets,targets[3],target_4,HE-N70,False,0.93,contradiction_clear,"In the provided paper text, the composition explicitly given for the Ni=0.7 sample is “HE-N70 with the composition of LiNi0.7Mn0.23Ti0.02Mg0.02Mo0.02Nb0.01O2” (Page 6, “Generality and transferrability",
Verified_Zhang_et_al__-_2022_-_Compositionally_complex_doping_for_zero-strain_zer_reactions.json,Zhang_et_al__-_2022_-_Compositionally_complex_doping_for_zero-strain_zer,low,targets,targets[4],target_5,HE-N60,False,0.93,,The paper’s ‘Generality and transferrability’ section lists HE-N60 as “LiNi0.6Mn0.33Ti0.02Mg0.02Mo0.02Nb0.01O2”. The extracted value adds an extra “Mn” term (LiNi0.6Mn0.33Ti0.02Mg0.02Mo0.02Nb0.01O2) a,LiNi0.6Mn0.33Ti0.02Mg0.02Mo0.02Nb0.01O2
Verified_Zhang_et_al__-_2022_-_Compositionally_complex_doping_for_zero-strain_zer_reactions.json,Zhang_et_al__-_2022_-_Compositionally_complex_doping_for_zero-strain_zer,low,targets,targets[5],target_6,AZCV-LNMO,True,0.96,,The paper explicitly states in the “Generality and transferrability” section (Page 6 / Nature Vol 610 p.72) that “AZCV-LNMO with the composition of LiNi0.8Mn0.13Al0.02Zr0.02Cr0.02V0.01O2” was synthesi,
Verified_Zhang_et_al__-_2022_-_Compositionally_complex_doping_for_zero-strain_zer_reactions.json,Zhang_et_al__-_2022_-_Compositionally_complex_doping_for_zero-strain_zer,low,chemicals,chemicals[0],chem_1,NiSO4·6H2O,True,0.93,,"The Methods section (Materials synthesis) explicitly lists NiSO4·6H2O as a starting reagent, but it does not provide a specific mass, moles, or volume amount for NiSO4·6H2O. It only states that the sa",
Verified_Zhang_et_al__-_2022_-_Compositionally_complex_doping_for_zero-strain_zer_reactions.json,Zhang_et_al__-_2022_-_Compositionally_complex_doping_for_zero-strain_zer,low,chemicals,chemicals[1],chem_2,MnSO4·4H2O,True,0.9,,"The Methods section (Materials synthesis, Page 8) explicitly lists MnSO4·4H2O among the precursor chemicals: “NiSO4·6H2O…, MnSO4·4H2O…, MgSO4·7H2O…, … are dissolved in pure water with a total transiti",
Verified_Zhang_et_al__-_2022_-_Compositionally_complex_doping_for_zero-strain_zer_reactions.json,Zhang_et_al__-_2022_-_Compositionally_complex_doping_for_zero-strain_zer,low,chemicals,chemicals[2],chem_3,MgSO4·7H2O,True,0.93,,"The Methods (Materials synthesis) explicitly lists MgSO4·7H2O (98%, ACROS) as a reagent, but it does not provide a mass, molar amount, or volume specifically for MgSO4·7H2O. It only states that the co",
Verified_Zhang_et_al__-_2022_-_Compositionally_complex_doping_for_zero-strain_zer_reactions.json,Zhang_et_al__-_2022_-_Compositionally_complex_doping_for_zero-strain_zer,low,chemicals,chemicals[3],chem_4,TiOSO4 solution,True,0.98,,"In the Methods section under “Materials synthesis”, the paper explicitly lists “TiOSO4 solution (Sigma-Aldrich)” among the dissolved reagents, but it does not provide a specific volume, mass, molarity",
Verified_Zhang_et_al__-_2022_-_Compositionally_complex_doping_for_zero-strain_zer_reactions.json,Zhang_et_al__-_2022_-_Compositionally_complex_doping_for_zero-strain_zer,low,chemicals,chemicals[4],chem_5,Nb(HC2O4)5,True,0.98,,"The Methods section (Materials synthesis) explicitly lists Nb(HC2O4)5 (Alfa-Aesar) as a precursor used in the co-precipitation synthesis. However, the text does not provide an explicit amount/mass/vol",
Verified_Zhang_et_al__-_2022_-_Compositionally_complex_doping_for_zero-strain_zer_reactions.json,Zhang_et_al__-_2022_-_Compositionally_complex_doping_for_zero-strain_zer,low,chemicals,chemicals[5],chem_6,(NH4)6Mo7O24,True,0.93,,"The Methods section (Materials synthesis) explicitly lists (NH4)6Mo7O24 (99.98%, Sigma-Aldrich) as one of the dissolved precursors. However, the text does not provide an individual amount/mass/volume ",
Verified_Zhang_et_al__-_2022_-_Compositionally_complex_doping_for_zero-strain_zer_reactions.json,Zhang_et_al__-_2022_-_Compositionally_complex_doping_for_zero-strain_zer,low,chemicals,chemicals[6],chem_7,Water,True,0.93,false_positive_suspect,"The Methods section explicitly states synthesis is performed in “water solution” and that the transition-metal salts “are dissolved in pure water,” and the precipitate is “washed with pure water.” Now",
Verified_Zhang_et_al__-_2022_-_Compositionally_complex_doping_for_zero-strain_zer_reactions.json,Zhang_et_al__-_2022_-_Compositionally_complex_doping_for_zero-strain_zer,low,chemicals,chemicals[7],chem_8,NaOH,True,0.98,,"In the Methods section under “Materials synthesis,” the paper explicitly states: “the base solution with 2 a0M NaOH and 1.67 a0M NH4OH is mixed and prepared before the reaction.” This directly support",
Verified_Zhang_et_al__-_2022_-_Compositionally_complex_doping_for_zero-strain_zer_reactions.json,Zhang_et_al__-_2022_-_Compositionally_complex_doping_for_zero-strain_zer,low,chemicals,chemicals[8],chem_9,NH4OH,True,0.99,,The Methods section under “Materials synthesis” explicitly states: “the base solution with 2 M NaOH and 1.67 M NH4OH is mixed and prepared before the reaction.” This directly supports the chemical ide,
Verified_Zhang_et_al__-_2022_-_Compositionally_complex_doping_for_zero-strain_zer_reactions.json,Zhang_et_al__-_2022_-_Compositionally_complex_doping_for_zero-strain_zer,low,chemicals,chemicals[9],chem_10,Sulfuric acid (diluted),True,0.95,,"The Methods (Materials synthesis) explicitly states: “the pH of the starting solution is adjusted to 11.0 by using diluted sulfuric acid,” confirming the chemical identity (sulfuric acid, diluted). Th",
Verified_Zhang_et_al__-_2022_-_Compositionally_complex_doping_for_zero-strain_zer_reactions.json,Zhang_et_al__-_2022_-_Compositionally_complex_doping_for_zero-strain_zer,low,chemicals,chemicals[10],chem_11,Argon,True,0.98,,"The Methods section explicitly states multiple times that synthesis steps were done/stored/assembled under an Ar (argon) atmosphere (for example: “stored in an Ar-filled bottle”, “60 °C under Ar prote",
Verified_Zhang_et_al__-_2022_-_Compositionally_complex_doping_for_zero-strain_zer_reactions.json,Zhang_et_al__-_2022_-_Compositionally_complex_doping_for_zero-strain_zer,low,chemicals,chemicals[11],chem_12,LiOH,True,0.93,,"The Methods section (Materials synthesis) explicitly states the precursor powder is “mixed thoroughly with LiOH powder with 5% excess Li as compensation at high temperatures,” confirming the chemical ",
Verified_Zhang_et_al__-_2022_-_Compositionally_complex_doping_for_zero-strain_zer_reactions.json,Zhang_et_al__-_2022_-_Compositionally_complex_doping_for_zero-strain_zer,low,chemicals,chemicals[12],chem_13,Oxygen,True,0.95,,"In the Methods section under “Materials synthesis” (page 8 of the provided text), it explicitly states: “The HE-LNMO precursor is calcined in a tube furnace at 730 °C for 12 h under an oxygen flow of ",
Verified_Zhang_et_al__-_2022_-_Compositionally_complex_doping_for_zero-strain_zer_reactions.json,Zhang_et_al__-_2022_-_Compositionally_complex_doping_for_zero-strain_zer,low,synthesis,synthesis.steps[0].operations[0],dissolve,,True,0.86,,"The paper explicitly uses the operation verb “dissolved” multiple times in the Methods (Materials synthesis), e.g., “NiSO4·6H2O … and (NH4)6Mo7O24 … are dissolved in pure water …” and “The electrolyte",
Verified_Zhang_et_al__-_2022_-_Compositionally_complex_doping_for_zero-strain_zer_reactions.json,Zhang_et_al__-_2022_-_Compositionally_complex_doping_for_zero-strain_zer,low,synthesis,synthesis.steps[0].conditions,unknown,,True,0.97,,The Methods section explicitly states synthesis steps were performed under an inert argon environment: the transition metal solution was 'stored in an Ar-filled bottle' and the co-precipitation reacti,
Verified_Zhang_et_al__-_2022_-_Compositionally_complex_doping_for_zero-strain_zer_reactions.json,Zhang_et_al__-_2022_-_Compositionally_complex_doping_for_zero-strain_zer,low,synthesis,synthesis.steps[1].operations[0],mix,,True,0.9,,"The paper explicitly describes a mixing step in the synthesis: in Methods (“Materials synthesis”), it states “The transition metal solution is mixed uniformly using magnetic stirring for 12 h…”, and l",
Verified_Zhang_et_al__-_2022_-_Compositionally_complex_doping_for_zero-strain_zer_reactions.json,Zhang_et_al__-_2022_-_Compositionally_complex_doping_for_zero-strain_zer,low,synthesis,synthesis.steps[2].operations[0],measure,,False,0.84,contradiction_clear,"The paper uses the verb “measure” in contexts like “XRD measurements show…” (Page 4) and “temperature measurements…” (Methods), but it does not present “measure” as a discrete synthesis operation/step","Replace with an actual synthesis operation explicitly described in Methods, e.g., “co-precipitation” (overall method) or specific steps such as “dissolve”, “mix/stir”, “adjust pH”, “inject”, “precipit"
Verified_Zhang_et_al__-_2022_-_Compositionally_complex_doping_for_zero-strain_zer_reactions.json,Zhang_et_al__-_2022_-_Compositionally_complex_doping_for_zero-strain_zer,low,synthesis,synthesis.steps[2].operations[1],adjust pH,,True,0.94,,The Methods section explicitly states that the pH is adjusted during co-precipitation: “the pH of the starting solution is adjusted to 11.0 by using diluted sulfuric acid” and the reaction is maintain,
Verified_Zhang_et_al__-_2022_-_Compositionally_complex_doping_for_zero-strain_zer_reactions.json,Zhang_et_al__-_2022_-_Compositionally_complex_doping_for_zero-strain_zer,low,synthesis,synthesis.steps[3].operations[0],inject,,True,0.96,,The Methods section explicitly describes the synthesis step: “the reaction is started by injecting both the transition metal solution and base solution simultaneously …”. This directly supports the ex,
Verified_Zhang_et_al__-_2022_-_Compositionally_complex_doping_for_zero-strain_zer_reactions.json,Zhang_et_al__-_2022_-_Compositionally_complex_doping_for_zero-strain_zer,low,synthesis,synthesis.steps[3].conditions,unknown,,True,0.95,,"The Methods section explicitly states multiple steps conducted under argon: the transition metal solution is “stored in an Ar-filled bottle,” the co-precipitation reaction is performed “at … 60 °C und",
Verified_Zhang_et_al__-_2022_-_Compositionally_complex_doping_for_zero-strain_zer_reactions.json,Zhang_et_al__-_2022_-_Compositionally_complex_doping_for_zero-strain_zer,low,synthesis,synthesis.steps[4].operations[0],filter,,True,0.78,,The Methods section explicitly describes collecting the precipitate using “vacuum filtration” during materials synthesis (“The laurel-green precipitate is collected using vacuum filtration…”). This su,
Verified_Zhang_et_al__-_2022_-_Compositionally_complex_doping_for_zero-strain_zer_reactions.json,Zhang_et_al__-_2022_-_Compositionally_complex_doping_for_zero-strain_zer,low,synthesis,synthesis.steps[4].operations[1],wash,,True,0.9,,"The paper explicitly describes a washing step during synthesis: in the Methods section under “Materials synthesis”, it states that “The laurel-green precipitate is collected using vacuum filtration an",
Verified_Zhang_et_al__-_2022_-_Compositionally_complex_doping_for_zero-strain_zer_reactions.json,Zhang_et_al__-_2022_-_Compositionally_complex_doping_for_zero-strain_zer,low,synthesis,synthesis.steps[5].operations[0],dry,,False,0.75,,The paper’s Methods explicitly state multiple drying steps (for example: “dried in a vacuum oven at 110 °C” for the precipitate; “dried in a vacuum oven overnight at 105 °C” for coated electrodes; ele,"dried (e.g., dried in a vacuum oven at 110 °C; electrodes dried in a vacuum oven overnight at 105 °C)"
Verified_Zhang_et_al__-_2022_-_Compositionally_complex_doping_for_zero-strain_zer_reactions.json,Zhang_et_al__-_2022_-_Compositionally_complex_doping_for_zero-strain_zer,low,synthesis,synthesis.steps[6].operations[0],mix,,True,0.9,,The paper explicitly describes a mixing step during synthesis: “The transition metal solution is mixed uniformly using magnetic stirring for 12 h…” and also “the dried… precursor powder is mixed thoro,
Verified_Zhang_et_al__-_2022_-_Compositionally_complex_doping_for_zero-strain_zer_reactions.json,Zhang_et_al__-_2022_-_Compositionally_complex_doping_for_zero-strain_zer,low,synthesis,synthesis.steps[7].operations[0],calcine,,True,0.98,,The paper explicitly states in the Methods (Materials synthesis) that “The HE-LNMO precursor is calcined in a tube furnace at 730 °C for 12 h under an oxygen flow…”. This directly supports the synthes,
Verified_Zhang_et_al__-_2022_-_Compositionally_complex_doping_for_zero-strain_zer_reactions.json,Zhang_et_al__-_2022_-_Compositionally_complex_doping_for_zero-strain_zer,low,synthesis,synthesis.steps[7].conditions,unknown,,False,0.92,,"The paper does mention O2 in several contexts (for example, oxygen loss/O2 signal in TGA–MS figures), but that is not the synthesis atmosphere. In the Methods (Materials synthesis), the co-precipitati",Ar protection during co-precipitation; calcination under flowing O2 (0.5 l min−1).
Verified_Zhang_et_al__-_2022_-_Compositionally_complex_doping_for_zero-strain_zer_reactions.json,Zhang_et_al__-_2022_-_Compositionally_complex_doping_for_zero-strain_zer,low,workflow,workflow.timeline[0],unknown,Prepare TM solution (1 M) by dissolving salts; stir 12 h under Ar,True,0.94,,"The Methods section explicitly states that the transition metal salts are dissolved in pure water with a total transition metal concentration of 1 M, then the transition metal solution is mixed unifor",
Verified_Zhang_et_al__-_2022_-_Compositionally_complex_doping_for_zero-strain_zer_reactions.json,Zhang_et_al__-_2022_-_Compositionally_complex_doping_for_zero-strain_zer,low,workflow,workflow.timeline[1],unknown,Prepare base solution of 2 M NaOH and 1.67 M NH4OH,True,0.98,,"The Methods section explicitly states: “Then, the base solution with 2 M NaOH and 1.67 M NH4OH is mixed and prepared before the reaction.” This directly supports the extracted workflow timeline step t",
Verified_Zhang_et_al__-_2022_-_Compositionally_complex_doping_for_zero-strain_zer_reactions.json,Zhang_et_al__-_2022_-_Compositionally_complex_doping_for_zero-strain_zer,low,workflow,workflow.timeline[2],unknown,"Use 30 mL base as starting solution, adjust pH to 11 with diluted H2SO4",True,0.99,,"The Methods section explicitly states: “Next, 30 ml of the as-prepared base solution is used as the starting solution. Then, the pH of the starting solution is adjusted to 11.0 by using diluted sulfur",
Verified_Zhang_et_al__-_2022_-_Compositionally_complex_doping_for_zero-strain_zer_reactions.json,Zhang_et_al__-_2022_-_Compositionally_complex_doping_for_zero-strain_zer,low,workflow,workflow.timeline[3],unknown,"Co-precipitate hydroxide precursor at 60 °C, pH 11 under Ar",True,0.92,,"The Methods section explicitly describes co-precipitation conditions for the hydroxide precursor: the reaction is carried out at pH = 11.0 ± 0.2, 60 °C, under Ar protection (“The product is synthesize",
Verified_Zhang_et_al__-_2022_-_Compositionally_complex_doping_for_zero-strain_zer_reactions.json,Zhang_et_al__-_2022_-_Compositionally_complex_doping_for_zero-strain_zer,low,workflow,workflow.timeline[4],unknown,"Filter, wash and collect precipitate",True,0.9,,"The Methods section explicitly describes the step: “The laurel-green precipitate is collected using vacuum filtration and washed with pure water…”. This supports the workflow action “Filter, wash and ",
Verified_Zhang_et_al__-_2022_-_Compositionally_complex_doping_for_zero-strain_zer_reactions.json,Zhang_et_al__-_2022_-_Compositionally_complex_doping_for_zero-strain_zer,low,workflow,workflow.timeline[5],unknown,Dry precursor at 110 °C in vacuum oven,False,0.97,,"The paper does mention drying the hydroxide precipitate/precursor in a vacuum oven at 110 °C (“...then dried in a vacuum oven at 110 °C.”, Methods → Materials synthesis). However, it does not state th",Dry the collected precipitate (hydroxide precursor) in a vacuum oven at 110 °C.
Verified_Zhang_et_al__-_2022_-_Compositionally_complex_doping_for_zero-strain_zer_reactions.json,Zhang_et_al__-_2022_-_Compositionally_complex_doping_for_zero-strain_zer,low,workflow,workflow.timeline[6],unknown,Mix precursor with 5% excess LiOH,False,0.92,,The Methods section states: “the dried transition metal hydroxide precursor powder is mixed thoroughly with LiOH powder with 5% excess Li as compensation at high temperatures.” This supports using LiO,Mix the dried transition-metal hydroxide precursor thoroughly with LiOH powder with 5% excess Li (as compensation at high temperatures).
Verified_Zhang_et_al__-_2022_-_Compositionally_complex_doping_for_zero-strain_zer_reactions.json,Zhang_et_al__-_2022_-_Compositionally_complex_doping_for_zero-strain_zer,low,workflow,workflow.timeline[7],unknown,Calcine mixture at 730 °C for 12 h under O2 to obtain HE-LNMO,True,0.98,,The Methods section explicitly states: “The HE-LNMO precursor is calcined in a tube furnace at 730 °C for 12 h under an oxygen flow of 0.5 l min−1.” This supports the extracted workflow step (calcinat,
Verified_Zhang_et_al__-_2022_-_Compositionally_complex_doping_for_zero-strain_zer_reactions.json,Zhang_et_al__-_2022_-_Compositionally_complex_doping_for_zero-strain_zer,low,workflow,workflow.ambiguities[0],Drying duration not specified,,True,0.94,,"Supported. In the Methods—Materials synthesis section, the paper states the precipitate was “dried in a vacuum oven at 110 °C” but does not provide any drying time/duration. A full scan of the provide",
Verified_Zhang_et_al__-_2022_-_Compositionally_complex_doping_for_zero-strain_zer_reactions.json,Zhang_et_al__-_2022_-_Compositionally_complex_doping_for_zero-strain_zer,low,workflow,workflow.ambiguities[1],Exact quantities of dissolved salts not provided,,True,0.93,,"Supported. In the Methods (Materials synthesis), the paper states that multiple salts (NiSO4·6H2O, MnSO4·4H2O, MgSO4·7H2O, TiOSO4 solution, Nb(HC2O4)5, (NH4)6Mo7O24) “are dissolved in pure water with ",
Verified_Zhang_et_al__-_2022_-_Compositionally_complex_doping_for_zero-strain_zer_reactions.json,Zhang_et_al__-_2022_-_Compositionally_complex_doping_for_zero-strain_zer,low,workflow,workflow.ambiguities[2],"LiOH amount given only as 5% excess, no mass specified",,True,0.95,,"Supported. In the Methods (Materials synthesis), the paper states: “the dried transition metal hydroxide precursor powder is mixed thoroughly with LiOH powder with 5% excess Li as compensation at high",
Verified_Zhang_et_al__-_2022_-_Compositionally_complex_doping_for_zero-strain_zer_reactions.json,Zhang_et_al__-_2022_-_Compositionally_complex_doping_for_zero-strain_zer,low,characterization,characterization[0],XRD,XRD,True,0.97,,"Page 3 under “Cathode material characterization” explicitly states: “...HE-LNMO has a space group of R−3m with the lattice parameters of a = b = 2.89 Å, and c = 14.29 Å...” and Fig. 2 caption also rei",
Verified_Zhang_et_al__-_2022_-_Compositionally_complex_doping_for_zero-strain_zer_reactions.json,Zhang_et_al__-_2022_-_Compositionally_complex_doping_for_zero-strain_zer,low,characterization,characterization[1],DSC,DSC,False,0.96,,"The paper states that HE-LNMO delivers a DSC exothermic peak temperature of 286 °C (page 4, discussing Fig. 1d) and that the exothermic-peak enthalpy is 530.0 J g−1 (page 4; quantified in Extended Dat",Specify the material: exothermic peak temperature (HE-LNMO) = 286 °C (~559 K); enthalpy of exothermic peak (HE-LNMO) = 530.0 J g−1 (Extended Data Fig. 2a).
Verified_Zhang_et_al__-_2022_-_Compositionally_complex_doping_for_zero-strain_zer_reactions.json,Zhang_et_al__-_2022_-_Compositionally_complex_doping_for_zero-strain_zer,low,characterization,characterization[2],TGA–MS,TGA–MS,True,0.95,,"The paper explicitly states (page 4, Thermal stability section, referring to Fig. 1e TGA–MS) that “the maximum oxygen release temperature of HE-LNMO is delayed by approximately 100 °C compared with th",
Verified_Zhang_et_al__-_2022_-_Compositionally_complex_doping_for_zero-strain_zer_reactions.json,Zhang_et_al__-_2022_-_Compositionally_complex_doping_for_zero-strain_zer,low,characterization,characterization[3],Electrochemical (Galvanostatic),Electrochemical (Galvanostatic),True,0.96,,Supported by the paper text (not the alleged provenance). The document explicitly states: (1) “HE-LNMO delivers an initial discharge capacity of 210.1 mAh g−1” in the Electrochemical performance secti,
Verified_Zhang_et_al__-_2022_-_Compositionally_complex_doping_for_zero-strain_zer_reactions.json,Zhang_et_al__-_2022_-_Compositionally_complex_doping_for_zero-strain_zer,low,characterization,characterization[4],CV,CV,True,0.99,,The paper explicitly states in the Electrochemical performance section (text describing Fig. 2g) that the “H2–H3 redox peak shifts towards a higher potential by 77 mV” for HE-LNMO compared with NMC-81,
Verified_Zhang_et_al__-_2022_-_Compositionally_complex_doping_for_zero-strain_zer_reactions.json,Zhang_et_al__-_2022_-_Compositionally_complex_doping_for_zero-strain_zer,low,final_outcomes,final_outcomes,unknown,,False,0.72,,"The paper explicitly reports “an initial discharge capacity of 210.1 mAh g−1” for HE-LNMO (Page 4, Electrochemical performance, Fig. 2f). However, the field requested is “Final Capacity,” and the prov","If the intended value is the initial capacity, use: “Initial discharge capacity = 210.1 mAh g−1 (HE-LNMO).” If “Final Capacity” is required, it should be derived from a specific cycling endpoint (e.g."
Verified_Zhu_et_al__-_2021_-_An_unconventional_full_dual-cation_battery_reactions.json,Zhu_et_al__-_2021_-_An_unconventional_full_dual-cation_battery,low,targets,targets[0],target_1,defective Prussian Blue nanostructure,False,0.92,,"The paper explicitly gives the defective Prussian Blue cathode composition as “Fe[Fe(CN)6]0.75⋅□0.25⋅3.5H2O” (□ = ferrocyanide vacancy) on Page 2, and later states the synthesized PB chemical formula ","Fe[Fe(CN)6]0.75·□0.25·3.5H2O (defective PB; □ = ferrocyanide vacancy). If the intent is the empirical formula ignoring vacancies, then Fe[Fe(CN)6]0.75·3.5H2O (as stated on Page 4)."
Verified_Zhu_et_al__-_2021_-_An_unconventional_full_dual-cation_battery_reactions.json,Zhu_et_al__-_2021_-_An_unconventional_full_dual-cation_battery,low,targets,targets[1],target_2,Ti3C2Tx MXene nanosheets,True,0.93,,"The paper explicitly identifies the anode material as “Ti3C2Tx MXene nanosheets.” In the abstract it states “an anode of atomically thin Ti3C2Tx MXene nanosheets,” and later in the Results it says “He",
Verified_Zhu_et_al__-_2021_-_An_unconventional_full_dual-cation_battery_reactions.json,Zhu_et_al__-_2021_-_An_unconventional_full_dual-cation_battery,low,chemicals,chemicals[0],chem_1,Fe[Fe(CN)6]0.75·3.5H2O,True,0.95,,The paper explicitly identifies the cathode as defective Prussian Blue with the formula “Fe[Fe(CN)6]0.75⋅□0.25⋅3.5H2O” (Page 2). It also later states: “the chemical formula of the synthesized PB nanos,
Verified_Zhu_et_al__-_2021_-_An_unconventional_full_dual-cation_battery_reactions.json,Zhu_et_al__-_2021_-_An_unconventional_full_dual-cation_battery,low,chemicals,chemicals[1],chem_2,Ti3C2Tx MXene,True,0.91,,"The paper repeatedly identifies the anode material as “Ti3C2Tx MXene” (e.g., Abstract Page 1: “an anode of atomically thin Ti3C2Tx MXene nanosheets”; Page 7: “Here we synthesized Ti3C2Tx MXene…”, and ",
Verified_Zhu_et_al__-_2021_-_An_unconventional_full_dual-cation_battery_reactions.json,Zhu_et_al__-_2021_-_An_unconventional_full_dual-cation_battery,low,chemicals,chemicals[2],chem_3,Potassium nitrate,True,0.95,,The paper explicitly states and uses an aqueous electrolyte of 1 M KNO3. On Page 4: “We first evaluated… in 1 M KNO3 aqueous electrolyte” and later (Page 7): “aqueous electrolyte containing 1 M KNO3 a,
Verified_Zhu_et_al__-_2021_-_An_unconventional_full_dual-cation_battery_reactions.json,Zhu_et_al__-_2021_-_An_unconventional_full_dual-cation_battery,low,chemicals,chemicals[3],chem_4,Nitric acid,True,0.97,,The paper explicitly states that a mixed aqueous electrolyte contains 1 M KNO3 and 10 mM HNO3. This appears in the caption/text around Fig. 5c: “Galvanometric discharge profiles of the PB electrode in,
Verified_Zhu_et_al__-_2021_-_An_unconventional_full_dual-cation_battery_reactions.json,Zhu_et_al__-_2021_-_An_unconventional_full_dual-cation_battery,low,chemicals,chemicals[4],chem_5,Water,True,0.86,,"The paper repeatedly mentions water (H2O) present as “structural water” in Prussian Blue (e.g., Fe[Fe(CN)6]0.75⋅□0.25⋅3.5H2O / Fe[Fe(CN)6]0.75⋅3.5H2O) and discusses “aqueous electrolyte” (1 M KNO3, pl",
Verified_Zhu_et_al__-_2021_-_An_unconventional_full_dual-cation_battery_reactions.json,Zhu_et_al__-_2021_-_An_unconventional_full_dual-cation_battery,low,synthesis,synthesis.steps[0].operations[0],hydrothermal_reaction,,True,0.93,,The source text explicitly states that the Prussian Blue nanostructured electrode “was synthesized by a facile hydrothermal method” (Page 2 of the provided text). This directly supports categorizing t,
Verified_Zhu_et_al__-_2021_-_An_unconventional_full_dual-cation_battery_reactions.json,Zhu_et_al__-_2021_-_An_unconventional_full_dual-cation_battery,low,synthesis,synthesis.steps[1].operations[0],etch_delaminate,,True,0.93,,"The paper explicitly states: “we synthesized Ti3C2Tx MXene (Tx: surface functional groups, e.g., ‒O, ‒OH) nanosheets through a classical minimal intensive layer delamination (MILD) strategy” (Page 7).",
Verified_Zhu_et_al__-_2021_-_An_unconventional_full_dual-cation_battery_reactions.json,Zhu_et_al__-_2021_-_An_unconventional_full_dual-cation_battery,low,synthesis,synthesis.steps[2].operations[0],drop_cast,,True,0.93,,"The paper explicitly states: ""...followed by a drop-casting method we developed previously to prepare a free-standing high-performance MXene anode"" in the section describing synthesis of Ti3C2Tx MXene",
Verified_Zhu_et_al__-_2021_-_An_unconventional_full_dual-cation_battery_reactions.json,Zhu_et_al__-_2021_-_An_unconventional_full_dual-cation_battery,low,synthesis,synthesis.steps[3].operations[0],mix,,False,0.78,,"The paper does discuss preparing a “mixed” electrolyte (1 M KNO3 + 10 mM HNO3) and refers to electrodes being “synthesized” by hydrothermal and MILD methods, but it does not explicitly describe a synt","If the intent is electrolyte preparation, a better-supported value would be “use/prepare mixed electrolyte (1 M KNO3 + 10 mM HNO3)” rather than a generic synthesis operation “mix.”"
Verified_Zhu_et_al__-_2021_-_An_unconventional_full_dual-cation_battery_reactions.json,Zhu_et_al__-_2021_-_An_unconventional_full_dual-cation_battery,low,synthesis,synthesis.steps[4].operations[0],assemble_cell,,False,0.74,,"The paper does discuss assembling a full dual-ion battery (e.g., “We further assembled a full DIB using…”) and Fig. 1 is a schematic of the battery concept. However, the specific synthesis operation l","Replace with wording explicitly supported by the text, e.g., “assembled a full DIB (full battery) using PB cathode, Ti3C2Tx MXene anode, and 1 M KNO3 + 10 mM HNO3 electrolyte.”"
Verified_Zhu_et_al__-_2021_-_An_unconventional_full_dual-cation_battery_reactions.json,Zhu_et_al__-_2021_-_An_unconventional_full_dual-cation_battery,low,workflow,workflow.timeline[0],unknown,Synthesize defective Prussian Blue nanostructures hydrothermally,True,0.9,,"The paper explicitly states that the Prussian Blue (PB) nanostructured electrode/cathode ""was synthesized by a facile hydrothermal method"" (Page 2). Since the PB used is repeatedly described as ""defec",
Verified_Zhu_et_al__-_2021_-_An_unconventional_full_dual-cation_battery_reactions.json,Zhu_et_al__-_2021_-_An_unconventional_full_dual-cation_battery,low,workflow,workflow.timeline[1],unknown,Produce Ti3C2Tx MXene nanosheets via MILD route,True,0.97,,"The paper explicitly states: ""Here we synthesized Ti3C2Tx MXene (Tx: surface functional groups, e.g., ‒O, ‒OH) nanosheets through a classical minimal intensive layer delamination (MILD) strategy"" (Pag",
Verified_Zhu_et_al__-_2021_-_An_unconventional_full_dual-cation_battery_reactions.json,Zhu_et_al__-_2021_-_An_unconventional_full_dual-cation_battery,low,workflow,workflow.timeline[2],unknown,Fabricate free-standing MXene anode by drop-casting,True,0.98,,"The paper explicitly states that after synthesizing Ti3C2Tx MXene via MILD, the authors prepared a free-standing MXene anode using a drop-casting method: “followed by a drop-casting method we develope",
Verified_Zhu_et_al__-_2021_-_An_unconventional_full_dual-cation_battery_reactions.json,Zhu_et_al__-_2021_-_An_unconventional_full_dual-cation_battery,low,workflow,workflow.timeline[3],unknown,Prepare 1 M KNO3 + 10 mM HNO3 aqueous electrolyte,True,0.96,,"The paper explicitly states preparation/use of a mixed aqueous electrolyte containing 1 M KNO3 and 10 mM HNO3. It appears in the text: “we chose 10 mM HNO3 as the electrolyte additive… Thereafter, the",
Verified_Zhu_et_al__-_2021_-_An_unconventional_full_dual-cation_battery_reactions.json,Zhu_et_al__-_2021_-_An_unconventional_full_dual-cation_battery,low,workflow,workflow.timeline[4],unknown,Assemble full dual-cation battery (PB||MXene),False,0.83,,"The paper does describe assembling a full dual-cation battery using a Prussian Blue (PB) cathode and a Ti3C2Tx MXene anode (with 1 M KNO3 + 10 mM HNO3 electrolyte). However, the extracted workflow tim",Assembled a full dual-ion/dual-cation battery (DIB) with PB cathode and Ti3C2Tx MXene anode (electrolyte: 1 M KNO3 + 10 mM HNO3).
Verified_Zhu_et_al__-_2021_-_An_unconventional_full_dual-cation_battery_reactions.json,Zhu_et_al__-_2021_-_An_unconventional_full_dual-cation_battery,low,workflow,workflow.ambiguities[0],Missing synthesis parameters,,True,0.93,,"The main text explicitly states that the PB electrode was “synthesized by a facile hydrothermal method (see the experimental details in Supplementary Information)”, without providing the actual hydrot",
Verified_Zhu_et_al__-_2021_-_An_unconventional_full_dual-cation_battery_reactions.json,Zhu_et_al__-_2021_-_An_unconventional_full_dual-cation_battery,low,workflow,workflow.ambiguities[1],No explicit etching conditions for MXene MILD synthesis,,True,0.92,,The provided full text states only that Ti3C2Tx MXene was synthesized “through a classical minimal intensive layer delamination (MILD) strategy” and explicitly defers “synthesis details” to the Suppor,
Verified_Zhu_et_al__-_2021_-_An_unconventional_full_dual-cation_battery_reactions.json,Zhu_et_al__-_2021_-_An_unconventional_full_dual-cation_battery,low,characterization,characterization[0],XRD,XRD,True,0.93,,The paper’s ex-situ XRD discussion explicitly states that the Prussian Blue (PB) electrode “maintains its face-centered cubic structure” during potassiation/depotassiation and that “a closer examinati,
Verified_Zhu_et_al__-_2021_-_An_unconventional_full_dual-cation_battery_reactions.json,Zhu_et_al__-_2021_-_An_unconventional_full_dual-cation_battery,low,characterization,characterization[1],SEM,SEM,True,0.97,,The text describing Fig. 2d explicitly states: “Low-resolution scanning (SEM) (Fig. 2d) … show its nanoflower morphology with open voids that are composed of thin nanosheets.” This directly supports t,
Verified_Zhu_et_al__-_2021_-_An_unconventional_full_dual-cation_battery_reactions.json,Zhu_et_al__-_2021_-_An_unconventional_full_dual-cation_battery,low,characterization,characterization[2],TEM,TEM,False,0.97,,"The text describing Fig. 2h states: “High-resolution aberration-corrected TEM image in Fig. 2 h clearly reveals … a tunnel size of ~3 Å.” Therefore the tunnel size is ~3 Å, not 3 Ångström given as 3 Å",tunnel size: ~3 Å (approximately 3 Å) (Fig. 2h). Optionally also extract: interstitial size ~5 Å.
Verified_Zhu_et_al__-_2021_-_An_unconventional_full_dual-cation_battery_reactions.json,Zhu_et_al__-_2021_-_An_unconventional_full_dual-cation_battery,low,characterization,characterization[3],STEM-EDS,STEM-EDS,True,0.95,,"The paper explicitly states in the paragraph describing Fig. 2i (STEM-EDS elemental mapping) that the PB sample has abundant water molecules in the open framework, quantified as “22.4% determined by S",
Verified_Zhu_et_al__-_2021_-_An_unconventional_full_dual-cation_battery_reactions.json,Zhu_et_al__-_2021_-_An_unconventional_full_dual-cation_battery,low,characterization,characterization[4],FT-IR,FT-IR,False,0.68,,The paper does discuss ex-situ FT-IR results for the PB electrode and states that “the characteristic vibration bands of ligand water and zeolitic water could be detected with negligible changes” afte,Change the value to: “Water (ligand and zeolitic) vibration bands are present and show negligible changes after K+ insertion/deinsertion (ex-situ at different charge/discharge states).” Provenance sho
Verified_Zhu_et_al__-_2021_-_An_unconventional_full_dual-cation_battery_reactions.json,Zhu_et_al__-_2021_-_An_unconventional_full_dual-cation_battery,low,characterization,characterization[5],XPS,XPS,True,0.96,,"The source text explicitly describes the K 2p XPS behavior during electrochemical cycling: “In the K 2p core level (Fig. 4c), a sharp doublet arises upon deep discharge… The complete disappearance of ",
Verified_Zhu_et_al__-_2021_-_An_unconventional_full_dual-cation_battery_reactions.json,Zhu_et_al__-_2021_-_An_unconventional_full_dual-cation_battery,low,characterization,characterization[6],MAS NMR,MAS NMR,True,0.98,,Fig. 4d (39K MAS NMR spectra) in the provided text explicitly labels two 39K resonance peaks at −2 ppm and −272 ppm. The main text also states: “We attribute the resonance signal at −2 ppm…” and “The ,
Verified_Zhu_et_al__-_2021_-_An_unconventional_full_dual-cation_battery_reactions.json,Zhu_et_al__-_2021_-_An_unconventional_full_dual-cation_battery,low,characterization,characterization[7],Electrochemical CV,Electrochemical CV,True,0.93,,"The paper explicitly reports for the PB electrode CV (Fig. 3a) ""two pairs of sharp redox peaks"" with the redox pair at ~0.85 V and another at ~0.2 V vs Ag/AgCl (Page 4: ""For the redox pair at ~0.85 V.",
Verified_Zhu_et_al__-_2021_-_An_unconventional_full_dual-cation_battery_reactions.json,Zhu_et_al__-_2021_-_An_unconventional_full_dual-cation_battery,low,analysis,analysis.methods[0],unknown,,False,0.77,,"The paper explicitly names multiple analysis/characterization methods (e.g., ex-situ XRD, XPS, MAS NMR, FT-IR, aberration-corrected TEM; also SEM/TEM/STEM-EDS; and GITT). The extracted value for “Anal","List the analysis methods reported, e.g., “Ex-situ XRD; XPS; MAS NMR (39K, 1H, 13C); FT-IR; aberration-corrected TEM; SEM/TEM; STEM-EDS elemental mapping; GITT; electrochemical CV and GCD measurements"
Verified_Zhu_et_al__-_2021_-_An_unconventional_full_dual-cation_battery_reactions.json,Zhu_et_al__-_2021_-_An_unconventional_full_dual-cation_battery,low,analysis,analysis.methods[1],unknown,,False,0.71,,"The extracted value for ""Analysis Method"" is blank, but the paper explicitly describes multiple analysis/characterization methods used (e.g., ex-situ XRD, XPS, MAS NMR, FT-IR, TEM/SEM/STEM-EDS, and GI","Report the analysis/characterization methods mentioned, e.g., ""Ex-situ XRD; XPS; MAS NMR (39K, 1H, 13C); FT-IR; TEM/aberration-corrected TEM; SEM; STEM-EDS elemental mapping; GITT; electrochemical CV/"
Verified_Zhu_et_al__-_2021_-_An_unconventional_full_dual-cation_battery_reactions.json,Zhu_et_al__-_2021_-_An_unconventional_full_dual-cation_battery,low,final_outcomes,final_outcomes,unknown,,True,0.98,,"The paper explicitly reports the full dual-ion battery cycling performance as maintaining 74% capacity after 3000 cycles (Page 8: “at 6.8 A g−1, 74% of the original capacity can be maintained after 30",
